{
    "results": {
        "best": {
            "solution": {
                "class_name": "warrior",
                "variables": {
                    "strength": 75.35798604950494,
                    "agility": 74.64201395049506,
                    "expertise": 0.0,
                    "resistance": 0.0,
                    "life": 0.0,
                    "height": 1.9200000000000002
                },
                "performance": 41.24344326832077
            },
            "generation": 40
        },
        "last_iterations": [
            {
                "best": {
                    "class_name": "warrior",
                    "performance": 29.094945967941587
                },
                "mean": 15.587991725029566,
                "generation": 1,
                "diversity": 225.3692153671815
            },
            {
                "best": {
                    "class_name": "warrior",
                    "performance": 31.540920492553806
                },
                "mean": 16.44553064942144,
                "generation": 2,
                "diversity": 199.43362744675446
            },
            {
                "best": {
                    "class_name": "warrior",
                    "performance": 33.34677366013843
                },
                "mean": 17.215541056615077,
                "generation": 3,
                "diversity": 177.83434762491638
            },
            {
                "best": {
                    "class_name": "warrior",
                    "performance": 26.44265386699173
                },
                "mean": 18.06401316735694,
                "generation": 4,
                "diversity": 166.79672200038337
            },
            {
                "best": {
                    "class_name": "warrior",
                    "performance": 28.386385643980113
                },
                "mean": 18.682035943790478,
                "generation": 5,
                "diversity": 164.6818331264137
            },
            {
                "best": {
                    "class_name": "warrior",
                    "performance": 34.59558676296921
                },
                "mean": 19.769910930489246,
                "generation": 6,
                "diversity": 160.52412551682247
            },
            {
                "best": {
                    "class_name": "warrior",
                    "performance": 33.71108713687211
                },
                "mean": 20.26118260934641,
                "generation": 7,
                "diversity": 133.9245344105562
            },
            {
                "best": {
                    "class_name": "warrior",
                    "performance": 36.25205980556311
                },
                "mean": 21.292782553283235,
                "generation": 8,
                "diversity": 132.42146386714577
            },
            {
                "best": {
                    "class_name": "warrior",
                    "performance": 36.25205980556311
                },
                "mean": 22.268076813261786,
                "generation": 9,
                "diversity": 134.2310117618069
            },
            {
                "best": {
                    "class_name": "warrior",
                    "performance": 33.20117084679943
                },
                "mean": 22.983156770531483,
                "generation": 10,
                "diversity": 123.25418568916962
            },
            {
                "best": {
                    "class_name": "warrior",
                    "performance": 34.0539668778393
                },
                "mean": 23.992908799454522,
                "generation": 11,
                "diversity": 115.8360659074037
            },
            {
                "best": {
                    "class_name": "warrior",
                    "performance": 39.11580458081046
                },
                "mean": 25.154297472404608,
                "generation": 12,
                "diversity": 115.75284842219946
            },
            {
                "best": {
                    "class_name": "warrior",
                    "performance": 38.34770217933064
                },
                "mean": 26.264089639190132,
                "generation": 13,
                "diversity": 121.06957819424224
            },
            {
                "best": {
                    "class_name": "warrior",
                    "performance": 40.14224913176647
                },
                "mean": 27.41544974832457,
                "generation": 14,
                "diversity": 115.8638516544605
            },
            {
                "best": {
                    "class_name": "warrior",
                    "performance": 40.14224913176647
                },
                "mean": 28.34071295960826,
                "generation": 15,
                "diversity": 117.91008733605055
            },
            {
                "best": {
                    "class_name": "warrior",
                    "performance": 40.16226009645515
                },
                "mean": 29.685039010100574,
                "generation": 16,
                "diversity": 115.08543344204394
            },
            {
                "best": {
                    "class_name": "warrior",
                    "performance": 39.015773025829084
                },
                "mean": 30.413756728113615,
                "generation": 17,
                "diversity": 113.48814783734223
            },
            {
                "best": {
                    "class_name": "warrior",
                    "performance": 41.10502436144442
                },
                "mean": 31.301796722883758,
                "generation": 18,
                "diversity": 105.53235782871432
            },
            {
                "best": {
                    "class_name": "warrior",
                    "performance": 41.12552444116876
                },
                "mean": 32.06040208474533,
                "generation": 19,
                "diversity": 94.88343701100769
            },
            {
                "best": {
                    "class_name": "warrior",
                    "performance": 41.03679234881822
                },
                "mean": 32.57417399773179,
                "generation": 20,
                "diversity": 92.13025241941637
            },
            {
                "best": {
                    "class_name": "warrior",
                    "performance": 40.541675004311166
                },
                "mean": 33.57746658716502,
                "generation": 21,
                "diversity": 80.77833760283195
            },
            {
                "best": {
                    "class_name": "warrior",
                    "performance": 40.9365185254539
                },
                "mean": 33.939290674221816,
                "generation": 22,
                "diversity": 73.97397222903605
            },
            {
                "best": {
                    "class_name": "warrior",
                    "performance": 41.15391942087035
                },
                "mean": 33.72329397633398,
                "generation": 23,
                "diversity": 68.40370647740622
            },
            {
                "best": {
                    "class_name": "warrior",
                    "performance": 41.15391942087035
                },
                "mean": 33.98964345025147,
                "generation": 24,
                "diversity": 65.24035275409794
            },
            {
                "best": {
                    "class_name": "warrior",
                    "performance": 41.20268401055779
                },
                "mean": 35.067198039819154,
                "generation": 25,
                "diversity": 61.70105069671138
            },
            {
                "best": {
                    "class_name": "warrior",
                    "performance": 41.20268401055779
                },
                "mean": 35.9710942645739,
                "generation": 26,
                "diversity": 51.83631008142751
            },
            {
                "best": {
                    "class_name": "warrior",
                    "performance": 41.18293002916644
                },
                "mean": 36.268969821535926,
                "generation": 27,
                "diversity": 50.12214252746938
            },
            {
                "best": {
                    "class_name": "warrior",
                    "performance": 41.14560984357074
                },
                "mean": 36.75006578187796,
                "generation": 28,
                "diversity": 47.422881631602955
            },
            {
                "best": {
                    "class_name": "warrior",
                    "performance": 41.040207216369716
                },
                "mean": 37.22818817118737,
                "generation": 29,
                "diversity": 42.057055468258945
            },
            {
                "best": {
                    "class_name": "warrior",
                    "performance": 41.19843019586466
                },
                "mean": 37.537205212220314,
                "generation": 30,
                "diversity": 40.85176475439014
            },
            {
                "best": {
                    "class_name": "warrior",
                    "performance": 41.20364054495557
                },
                "mean": 37.76858189737031,
                "generation": 31,
                "diversity": 41.37007342583866
            },
            {
                "best": {
                    "class_name": "warrior",
                    "performance": 41.21895956088438
                },
                "mean": 38.00459267185171,
                "generation": 32,
                "diversity": 45.13503084015798
            },
            {
                "best": {
                    "class_name": "warrior",
                    "performance": 41.24027503710013
                },
                "mean": 38.29351620577207,
                "generation": 33,
                "diversity": 42.66790879222307
            },
            {
                "best": {
                    "class_name": "warrior",
                    "performance": 41.24027503710013
                },
                "mean": 37.90755842753234,
                "generation": 34,
                "diversity": 39.41791953521891
            },
            {
                "best": {
                    "class_name": "warrior",
                    "performance": 41.24027503710013
                },
                "mean": 37.67990208006952,
                "generation": 35,
                "diversity": 36.29146758267892
            },
            {
                "best": {
                    "class_name": "warrior",
                    "performance": 41.24339935775935
                },
                "mean": 37.71168963878129,
                "generation": 36,
                "diversity": 38.67531917757377
            },
            {
                "best": {
                    "class_name": "warrior",
                    "performance": 41.12836730383877
                },
                "mean": 37.689386769356524,
                "generation": 37,
                "diversity": 41.3987085455425
            },
            {
                "best": {
                    "class_name": "warrior",
                    "performance": 41.21313581632423
                },
                "mean": 37.633379665216765,
                "generation": 38,
                "diversity": 43.256019261615876
            },
            {
                "best": {
                    "class_name": "warrior",
                    "performance": 41.19747879861947
                },
                "mean": 37.54093280394353,
                "generation": 39,
                "diversity": 41.31624145635219
            },
            {
                "best": {
                    "class_name": "warrior",
                    "performance": 41.24344326832077
                },
                "mean": 37.43109336457117,
                "generation": 40,
                "diversity": 36.96735993187433
            },
            {
                "best": {
                    "class_name": "warrior",
                    "performance": 41.08195882482207
                },
                "mean": 37.47285589520332,
                "generation": 41,
                "diversity": 31.247461231865984
            },
            {
                "best": {
                    "class_name": "warrior",
                    "performance": 41.08195882482207
                },
                "mean": 37.29221180872269,
                "generation": 42,
                "diversity": 33.90487095911808
            },
            {
                "best": {
                    "class_name": "warrior",
                    "performance": 40.951684853286125
                },
                "mean": 37.38015715934849,
                "generation": 43,
                "diversity": 34.97241283064418
            },
            {
                "best": {
                    "class_name": "warrior",
                    "performance": 41.15732085343743
                },
                "mean": 37.44465816520927,
                "generation": 44,
                "diversity": 34.315068015359266
            },
            {
                "best": {
                    "class_name": "warrior",
                    "performance": 41.11972921247422
                },
                "mean": 37.404448573292726,
                "generation": 45,
                "diversity": 34.24537648282734
            },
            {
                "best": {
                    "class_name": "warrior",
                    "performance": 40.92392954342347
                },
                "mean": 37.82164912325289,
                "generation": 46,
                "diversity": 28.934149528152048
            },
            {
                "best": {
                    "class_name": "warrior",
                    "performance": 41.232233055054074
                },
                "mean": 38.09821864848569,
                "generation": 47,
                "diversity": 28.48294735597918
            },
            {
                "best": {
                    "class_name": "warrior",
                    "performance": 41.19547545681912
                },
                "mean": 38.24412802388794,
                "generation": 48,
                "diversity": 23.52256163752504
            },
            {
                "best": {
                    "class_name": "warrior",
                    "performance": 41.15726769358973
                },
                "mean": 37.797747801374705,
                "generation": 49,
                "diversity": 25.04748701072215
            },
            {
                "best": {
                    "class_name": "warrior",
                    "performance": 41.15726769358973
                },
                "mean": 37.91410237335905,
                "generation": 50,
                "diversity": 25.869826956279997
            },
            {
                "best": {
                    "class_name": "warrior",
                    "performance": 41.13837359640468
                },
                "mean": 38.01295554211049,
                "generation": 51,
                "diversity": 24.92733193547519
            },
            {
                "best": {
                    "class_name": "warrior",
                    "performance": 41.224144120678744
                },
                "mean": 37.87965916276384,
                "generation": 52,
                "diversity": 25.225577095322922
            },
            {
                "best": {
                    "class_name": "warrior",
                    "performance": 41.13873271320909
                },
                "mean": 37.87484415285981,
                "generation": 53,
                "diversity": 23.93976455667595
            }
        ]
    },
    "config": {
        "population_size": 500,
        "population_to_keep": 250,
        "class_name": "warrior",
        "selection_config_a": {
            "selection_type": "elite",
            "population_to_keep": 125,
            "tournament_size": 50,
            "threshold": 0.75,
            "initial_temperature": 30,
            "temperature_decay": 0.6,
            "min_temperature": 5
        },
        "selection_config_b": {
            "selection_type": "roulette",
            "population_to_keep": 125,
            "tournament_size": 50,
            "threshold": 0.75,
            "initial_temperature": 30,
            "temperature_decay": 0.6,
            "min_temperature": 5
        },
        "selection_config_rate": 0.5,
        "crossover_config": {
            "method": "uniform"
        },
        "mutation_config": {
            "mutation_type": "multi_gen",
            "mutation_rate": 0.2,
            "delta_mutation": 15
        },
        "replacement_config_a": {
            "type": "traditional",
            "quantity": 125,
            "gen_gap": 0.5
        },
        "replacement_config_b": {
            "type": "young_bias",
            "quantity": 125,
            "gen_gap": 0.5
        },
        "replacement_config_rate": 0.5,
        "end_condition_config": {
            "type": "content",
            "generations_to_check": 20,
            "generations": 500,
            "optimum_value": 61.5,
            "tolerance": 0.1,
            "structure_tolerance": 0.01,
            "structure_relevant_proportion": 0.98
        }
    }
}