{
    "results": {
        "best": {
            "solution": {
                "class_name": "warrior",
                "variables": {
                    "strength": 74.04740005010706,
                    "agility": 75.95259994989294,
                    "expertise": 0,
                    "resistance": 0.0,
                    "life": 0.0,
                    "height": 1.91
                },
                "performance": 41.235304952506624
            },
            "generation": 51
        },
        "last_iterations": [
            {
                "best": {
                    "class_name": "warrior",
                    "performance": 28.387774385487475
                },
                "mean": 16.357359088461983,
                "generation": 1,
                "diversity": 243.54670400903487
            },
            {
                "best": {
                    "class_name": "warrior",
                    "performance": 29.05007696740925
                },
                "mean": 18.51776942516429,
                "generation": 2,
                "diversity": 200.47228924496406
            },
            {
                "best": {
                    "class_name": "warrior",
                    "performance": 29.107255236324335
                },
                "mean": 19.48068280055971,
                "generation": 3,
                "diversity": 188.7100419177565
            },
            {
                "best": {
                    "class_name": "warrior",
                    "performance": 34.687206748342426
                },
                "mean": 20.125425837875394,
                "generation": 4,
                "diversity": 190.40219190464745
            },
            {
                "best": {
                    "class_name": "warrior",
                    "performance": 34.687206748342426
                },
                "mean": 21.288559015058944,
                "generation": 5,
                "diversity": 175.91624932119726
            },
            {
                "best": {
                    "class_name": "warrior",
                    "performance": 33.15444722908716
                },
                "mean": 22.36430788566437,
                "generation": 6,
                "diversity": 147.8776139071821
            },
            {
                "best": {
                    "class_name": "warrior",
                    "performance": 32.356473195469086
                },
                "mean": 22.720706775936378,
                "generation": 7,
                "diversity": 139.01095741699075
            },
            {
                "best": {
                    "class_name": "warrior",
                    "performance": 31.632281583859463
                },
                "mean": 23.75042528263153,
                "generation": 8,
                "diversity": 124.74380339170808
            },
            {
                "best": {
                    "class_name": "warrior",
                    "performance": 34.128787899394936
                },
                "mean": 24.416858418377668,
                "generation": 9,
                "diversity": 114.42308106947026
            },
            {
                "best": {
                    "class_name": "warrior",
                    "performance": 36.85107979443914
                },
                "mean": 25.08667049724212,
                "generation": 10,
                "diversity": 109.3049691775546
            },
            {
                "best": {
                    "class_name": "warrior",
                    "performance": 37.07446797148586
                },
                "mean": 26.177672080640473,
                "generation": 11,
                "diversity": 101.42646458787898
            },
            {
                "best": {
                    "class_name": "warrior",
                    "performance": 38.58626722866393
                },
                "mean": 27.615061231389394,
                "generation": 12,
                "diversity": 90.89939649481607
            },
            {
                "best": {
                    "class_name": "warrior",
                    "performance": 38.58626722866393
                },
                "mean": 28.390000971764604,
                "generation": 13,
                "diversity": 78.38728071076386
            },
            {
                "best": {
                    "class_name": "warrior",
                    "performance": 38.88973270231856
                },
                "mean": 29.30191620809098,
                "generation": 14,
                "diversity": 78.4364482537329
            },
            {
                "best": {
                    "class_name": "warrior",
                    "performance": 40.327817694286566
                },
                "mean": 30.052432448637532,
                "generation": 15,
                "diversity": 74.71084047425384
            },
            {
                "best": {
                    "class_name": "warrior",
                    "performance": 40.68315813652101
                },
                "mean": 30.947509520575963,
                "generation": 16,
                "diversity": 72.12986410241841
            },
            {
                "best": {
                    "class_name": "warrior",
                    "performance": 40.278072450452036
                },
                "mean": 31.4789466627881,
                "generation": 17,
                "diversity": 67.67121551142232
            },
            {
                "best": {
                    "class_name": "warrior",
                    "performance": 40.278072450452036
                },
                "mean": 31.612240447758357,
                "generation": 18,
                "diversity": 77.02538620945053
            },
            {
                "best": {
                    "class_name": "warrior",
                    "performance": 40.59367623384481
                },
                "mean": 32.395584538513,
                "generation": 19,
                "diversity": 75.73143786609927
            },
            {
                "best": {
                    "class_name": "warrior",
                    "performance": 40.288590413585645
                },
                "mean": 32.87338286183081,
                "generation": 20,
                "diversity": 68.51374841258335
            },
            {
                "best": {
                    "class_name": "warrior",
                    "performance": 40.600407242635555
                },
                "mean": 33.911647843927405,
                "generation": 21,
                "diversity": 51.28025344193458
            },
            {
                "best": {
                    "class_name": "warrior",
                    "performance": 40.288590413585645
                },
                "mean": 34.84287716541479,
                "generation": 22,
                "diversity": 43.10619177089156
            },
            {
                "best": {
                    "class_name": "warrior",
                    "performance": 40.288590413585645
                },
                "mean": 34.8302970061424,
                "generation": 23,
                "diversity": 41.89524793293568
            },
            {
                "best": {
                    "class_name": "warrior",
                    "performance": 40.288590413585645
                },
                "mean": 34.93561665645581,
                "generation": 24,
                "diversity": 43.14133148511916
            },
            {
                "best": {
                    "class_name": "warrior",
                    "performance": 40.75029445570026
                },
                "mean": 35.27054202110287,
                "generation": 25,
                "diversity": 50.040867518253464
            },
            {
                "best": {
                    "class_name": "warrior",
                    "performance": 40.51915008064956
                },
                "mean": 35.53280422342298,
                "generation": 26,
                "diversity": 39.3667489578928
            },
            {
                "best": {
                    "class_name": "warrior",
                    "performance": 40.9144005377583
                },
                "mean": 35.86858165422846,
                "generation": 27,
                "diversity": 37.020011133594146
            },
            {
                "best": {
                    "class_name": "warrior",
                    "performance": 40.50195832116584
                },
                "mean": 36.13544033644942,
                "generation": 28,
                "diversity": 34.504249338985964
            },
            {
                "best": {
                    "class_name": "warrior",
                    "performance": 40.27276399594235
                },
                "mean": 36.281416707692074,
                "generation": 29,
                "diversity": 30.499190000164486
            },
            {
                "best": {
                    "class_name": "warrior",
                    "performance": 40.80695221906685
                },
                "mean": 36.583830218549934,
                "generation": 30,
                "diversity": 25.179963650832267
            },
            {
                "best": {
                    "class_name": "warrior",
                    "performance": 40.80695221906685
                },
                "mean": 36.80926644184502,
                "generation": 31,
                "diversity": 23.04823779834199
            },
            {
                "best": {
                    "class_name": "warrior",
                    "performance": 41.151774706325746
                },
                "mean": 37.18358026497216,
                "generation": 32,
                "diversity": 22.886294320040477
            },
            {
                "best": {
                    "class_name": "warrior",
                    "performance": 41.151774706325746
                },
                "mean": 37.091007127412986,
                "generation": 33,
                "diversity": 25.632538499943774
            },
            {
                "best": {
                    "class_name": "warrior",
                    "performance": 41.156951035892114
                },
                "mean": 36.99395828331621,
                "generation": 34,
                "diversity": 24.732631822118034
            },
            {
                "best": {
                    "class_name": "warrior",
                    "performance": 41.179149219696576
                },
                "mean": 36.918500709006295,
                "generation": 35,
                "diversity": 26.668396420651366
            },
            {
                "best": {
                    "class_name": "warrior",
                    "performance": 41.156951035892114
                },
                "mean": 36.980008966106524,
                "generation": 36,
                "diversity": 28.931768836651017
            },
            {
                "best": {
                    "class_name": "warrior",
                    "performance": 41.156951035892114
                },
                "mean": 36.9028072867389,
                "generation": 37,
                "diversity": 28.205080435840618
            },
            {
                "best": {
                    "class_name": "warrior",
                    "performance": 41.142899478513016
                },
                "mean": 37.28177470386105,
                "generation": 38,
                "diversity": 27.51953405263002
            },
            {
                "best": {
                    "class_name": "warrior",
                    "performance": 41.225292402664955
                },
                "mean": 37.42760931584837,
                "generation": 39,
                "diversity": 30.63187170791768
            },
            {
                "best": {
                    "class_name": "warrior",
                    "performance": 41.121448885946585
                },
                "mean": 37.56999205349691,
                "generation": 40,
                "diversity": 26.251972561446667
            },
            {
                "best": {
                    "class_name": "warrior",
                    "performance": 41.18904255545659
                },
                "mean": 37.60288242190279,
                "generation": 41,
                "diversity": 24.45107343675784
            },
            {
                "best": {
                    "class_name": "warrior",
                    "performance": 41.18904255545659
                },
                "mean": 37.76386966502811,
                "generation": 42,
                "diversity": 26.316649820767058
            },
            {
                "best": {
                    "class_name": "warrior",
                    "performance": 41.11613488650412
                },
                "mean": 37.893758192052616,
                "generation": 43,
                "diversity": 24.703514187701515
            },
            {
                "best": {
                    "class_name": "warrior",
                    "performance": 41.010930789170175
                },
                "mean": 37.879833609164315,
                "generation": 44,
                "diversity": 27.480976850152203
            },
            {
                "best": {
                    "class_name": "warrior",
                    "performance": 41.13935729725073
                },
                "mean": 37.46932386568813,
                "generation": 45,
                "diversity": 26.888347202127665
            },
            {
                "best": {
                    "class_name": "warrior",
                    "performance": 41.13935729725073
                },
                "mean": 37.31560911866759,
                "generation": 46,
                "diversity": 31.965221813051
            },
            {
                "best": {
                    "class_name": "warrior",
                    "performance": 41.152952650984496
                },
                "mean": 37.73255704154152,
                "generation": 47,
                "diversity": 30.958109915092887
            },
            {
                "best": {
                    "class_name": "warrior",
                    "performance": 41.152952650984496
                },
                "mean": 37.73067057338137,
                "generation": 48,
                "diversity": 30.663684508693237
            },
            {
                "best": {
                    "class_name": "warrior",
                    "performance": 41.020125154661194
                },
                "mean": 37.29802036995221,
                "generation": 49,
                "diversity": 29.35690107570768
            },
            {
                "best": {
                    "class_name": "warrior",
                    "performance": 41.12518122049185
                },
                "mean": 37.54326555532416,
                "generation": 50,
                "diversity": 27.747417537853675
            },
            {
                "best": {
                    "class_name": "warrior",
                    "performance": 41.235304952506624
                },
                "mean": 37.56838830563209,
                "generation": 51,
                "diversity": 30.570386220394216
            },
            {
                "best": {
                    "class_name": "warrior",
                    "performance": 41.235304952506624
                },
                "mean": 37.53739402646816,
                "generation": 52,
                "diversity": 33.2212565305435
            },
            {
                "best": {
                    "class_name": "warrior",
                    "performance": 41.235304952506624
                },
                "mean": 37.186037361899416,
                "generation": 53,
                "diversity": 33.56336379230442
            },
            {
                "best": {
                    "class_name": "warrior",
                    "performance": 41.235304952506624
                },
                "mean": 37.50775973527816,
                "generation": 54,
                "diversity": 31.452558509799704
            },
            {
                "best": {
                    "class_name": "warrior",
                    "performance": 41.235304952506624
                },
                "mean": 37.44700772417375,
                "generation": 55,
                "diversity": 32.474629575966354
            },
            {
                "best": {
                    "class_name": "warrior",
                    "performance": 41.10128379062892
                },
                "mean": 37.270015954914456,
                "generation": 56,
                "diversity": 36.77661608401069
            },
            {
                "best": {
                    "class_name": "warrior",
                    "performance": 41.2346507403473
                },
                "mean": 37.248657096859844,
                "generation": 57,
                "diversity": 37.10149666000307
            },
            {
                "best": {
                    "class_name": "warrior",
                    "performance": 41.222926635357396
                },
                "mean": 37.03264548611491,
                "generation": 58,
                "diversity": 34.059072900331905
            },
            {
                "best": {
                    "class_name": "warrior",
                    "performance": 40.67152052409512
                },
                "mean": 37.32208436336869,
                "generation": 59,
                "diversity": 39.934573392516306
            },
            {
                "best": {
                    "class_name": "warrior",
                    "performance": 41.14396632011637
                },
                "mean": 37.36880086679061,
                "generation": 60,
                "diversity": 42.81528339192536
            },
            {
                "best": {
                    "class_name": "warrior",
                    "performance": 41.21055312004939
                },
                "mean": 37.382319952205904,
                "generation": 61,
                "diversity": 40.89379406067994
            },
            {
                "best": {
                    "class_name": "warrior",
                    "performance": 41.21055312004939
                },
                "mean": 37.25708835069595,
                "generation": 62,
                "diversity": 38.501791456381575
            },
            {
                "best": {
                    "class_name": "warrior",
                    "performance": 40.992731593633
                },
                "mean": 36.85634239743117,
                "generation": 63,
                "diversity": 40.2538059605805
            },
            {
                "best": {
                    "class_name": "warrior",
                    "performance": 40.992731593633
                },
                "mean": 36.92656473703055,
                "generation": 64,
                "diversity": 39.85950021238107
            },
            {
                "best": {
                    "class_name": "warrior",
                    "performance": 40.992731593633
                },
                "mean": 37.0152580203292,
                "generation": 65,
                "diversity": 41.92633464731842
            },
            {
                "best": {
                    "class_name": "warrior",
                    "performance": 41.04240746152873
                },
                "mean": 37.11227927603833,
                "generation": 66,
                "diversity": 39.84035259244052
            },
            {
                "best": {
                    "class_name": "warrior",
                    "performance": 41.10624430633546
                },
                "mean": 37.30081839160287,
                "generation": 67,
                "diversity": 35.189243950244574
            },
            {
                "best": {
                    "class_name": "warrior",
                    "performance": 41.110647245623475
                },
                "mean": 37.36544533159668,
                "generation": 68,
                "diversity": 34.41772082900689
            },
            {
                "best": {
                    "class_name": "warrior",
                    "performance": 41.09897024942047
                },
                "mean": 37.68245849519748,
                "generation": 69,
                "diversity": 31.46345424697772
            },
            {
                "best": {
                    "class_name": "warrior",
                    "performance": 41.136642991704704
                },
                "mean": 37.92925481989742,
                "generation": 70,
                "diversity": 31.818230229950473
            },
            {
                "best": {
                    "class_name": "warrior",
                    "performance": 41.17703173369059
                },
                "mean": 38.207424602628556,
                "generation": 71,
                "diversity": 29.180668215974915
            }
        ]
    },
    "config": {
        "population_size": 500,
        "population_to_keep": 250,
        "class_name": "warrior",
        "selection_config_a": {
            "selection_type": "elite",
            "population_to_keep": 125,
            "tournament_size": 50,
            "threshold": 0.75,
            "initial_temperature": 30,
            "temperature_decay": 0.6,
            "min_temperature": 5
        },
        "selection_config_b": {
            "selection_type": "roulette",
            "population_to_keep": 125,
            "tournament_size": 50,
            "threshold": 0.75,
            "initial_temperature": 30,
            "temperature_decay": 0.6,
            "min_temperature": 5
        },
        "selection_config_rate": 0.5,
        "crossover_config": {
            "method": "annular"
        },
        "mutation_config": {
            "mutation_type": "multi_gen",
            "mutation_rate": 0.2,
            "delta_mutation": 15
        },
        "replacement_config_a": {
            "type": "traditional",
            "quantity": 125,
            "gen_gap": 0.5
        },
        "replacement_config_b": {
            "type": "young_bias",
            "quantity": 125,
            "gen_gap": 0.5
        },
        "replacement_config_rate": 0.5,
        "end_condition_config": {
            "type": "content",
            "generations_to_check": 20,
            "generations": 500,
            "optimum_value": 61.5,
            "tolerance": 0.1,
            "structure_tolerance": 0.01,
            "structure_relevant_proportion": 0.98
        }
    }
}