{
    "results": {
        "best": {
            "solution": {
                "class_name": "warrior",
                "variables": {
                    "strength": 74.926155026638,
                    "agility": 75.07384497336201,
                    "expertise": 0.0,
                    "resistance": 0.0,
                    "life": 0.0,
                    "height": 1.9200000000000002
                },
                "performance": 41.24449358535555
            },
            "generation": 50
        },
        "last_iterations": [
            {
                "best": {
                    "class_name": "warrior",
                    "performance": 30.823231072816363
                },
                "mean": 16.232129908248627,
                "generation": 1,
                "diversity": 241.29054793668612
            },
            {
                "best": {
                    "class_name": "warrior",
                    "performance": 28.88784014047081
                },
                "mean": 17.557509405074175,
                "generation": 2,
                "diversity": 209.87364232219045
            },
            {
                "best": {
                    "class_name": "warrior",
                    "performance": 29.244136685050098
                },
                "mean": 18.147580533407595,
                "generation": 3,
                "diversity": 189.93394465873905
            },
            {
                "best": {
                    "class_name": "warrior",
                    "performance": 31.70352172115923
                },
                "mean": 19.657496126470097,
                "generation": 4,
                "diversity": 158.32970583795907
            },
            {
                "best": {
                    "class_name": "warrior",
                    "performance": 31.70352172115923
                },
                "mean": 20.257059682127487,
                "generation": 5,
                "diversity": 145.77367247442743
            },
            {
                "best": {
                    "class_name": "warrior",
                    "performance": 31.434603250277696
                },
                "mean": 20.82436576762466,
                "generation": 6,
                "diversity": 138.86941747031426
            },
            {
                "best": {
                    "class_name": "warrior",
                    "performance": 35.16430295808184
                },
                "mean": 21.57345355778016,
                "generation": 7,
                "diversity": 134.89260877314265
            },
            {
                "best": {
                    "class_name": "warrior",
                    "performance": 36.68072581691719
                },
                "mean": 22.41947144061918,
                "generation": 8,
                "diversity": 120.88803949451766
            },
            {
                "best": {
                    "class_name": "warrior",
                    "performance": 36.68072581691719
                },
                "mean": 23.12309521418339,
                "generation": 9,
                "diversity": 114.64917324485005
            },
            {
                "best": {
                    "class_name": "warrior",
                    "performance": 32.27210742705573
                },
                "mean": 23.50212093641539,
                "generation": 10,
                "diversity": 111.72497720689371
            },
            {
                "best": {
                    "class_name": "warrior",
                    "performance": 35.221508533401476
                },
                "mean": 24.60019355264193,
                "generation": 11,
                "diversity": 100.37349459250744
            },
            {
                "best": {
                    "class_name": "warrior",
                    "performance": 35.498178174406846
                },
                "mean": 25.197598724886618,
                "generation": 12,
                "diversity": 100.82931918555937
            },
            {
                "best": {
                    "class_name": "warrior",
                    "performance": 35.286582851229625
                },
                "mean": 25.834410581009447,
                "generation": 13,
                "diversity": 91.5615811034181
            },
            {
                "best": {
                    "class_name": "warrior",
                    "performance": 36.61231518977892
                },
                "mean": 26.912356547551845,
                "generation": 14,
                "diversity": 84.12772288102896
            },
            {
                "best": {
                    "class_name": "warrior",
                    "performance": 37.52038415335582
                },
                "mean": 27.79243216534124,
                "generation": 15,
                "diversity": 78.70201832166191
            },
            {
                "best": {
                    "class_name": "warrior",
                    "performance": 38.49367474539878
                },
                "mean": 28.774386549448316,
                "generation": 16,
                "diversity": 73.30574800472039
            },
            {
                "best": {
                    "class_name": "warrior",
                    "performance": 40.43445249611898
                },
                "mean": 29.68270973949632,
                "generation": 17,
                "diversity": 72.1660197663749
            },
            {
                "best": {
                    "class_name": "warrior",
                    "performance": 39.33414514609896
                },
                "mean": 30.473493343694063,
                "generation": 18,
                "diversity": 72.6957104004525
            },
            {
                "best": {
                    "class_name": "warrior",
                    "performance": 39.987824094743495
                },
                "mean": 30.695546016842105,
                "generation": 19,
                "diversity": 71.33087310015458
            },
            {
                "best": {
                    "class_name": "warrior",
                    "performance": 39.987824094743495
                },
                "mean": 31.724599222579812,
                "generation": 20,
                "diversity": 66.60718085074137
            },
            {
                "best": {
                    "class_name": "warrior",
                    "performance": 40.31364164070564
                },
                "mean": 32.32882305156673,
                "generation": 21,
                "diversity": 67.81790607788106
            },
            {
                "best": {
                    "class_name": "warrior",
                    "performance": 40.01147775717418
                },
                "mean": 33.23731771371176,
                "generation": 22,
                "diversity": 60.78746222002982
            },
            {
                "best": {
                    "class_name": "warrior",
                    "performance": 40.50509841002084
                },
                "mean": 33.42340850711355,
                "generation": 23,
                "diversity": 57.977807905374114
            },
            {
                "best": {
                    "class_name": "warrior",
                    "performance": 40.23553281894306
                },
                "mean": 33.863405689848975,
                "generation": 24,
                "diversity": 60.6876378623379
            },
            {
                "best": {
                    "class_name": "warrior",
                    "performance": 40.70492778952516
                },
                "mean": 34.65312132206824,
                "generation": 25,
                "diversity": 48.4512501782362
            },
            {
                "best": {
                    "class_name": "warrior",
                    "performance": 40.561152834213885
                },
                "mean": 35.06429807521972,
                "generation": 26,
                "diversity": 43.876976346749366
            },
            {
                "best": {
                    "class_name": "warrior",
                    "performance": 40.66297254645594
                },
                "mean": 35.588704944480575,
                "generation": 27,
                "diversity": 39.32489932989959
            },
            {
                "best": {
                    "class_name": "warrior",
                    "performance": 40.73925103664104
                },
                "mean": 35.73805920504457,
                "generation": 28,
                "diversity": 41.62186136457297
            },
            {
                "best": {
                    "class_name": "warrior",
                    "performance": 40.67747636639853
                },
                "mean": 36.20354109300267,
                "generation": 29,
                "diversity": 39.98612885901772
            },
            {
                "best": {
                    "class_name": "warrior",
                    "performance": 40.911777742896426
                },
                "mean": 36.24339476407324,
                "generation": 30,
                "diversity": 37.285145113537446
            },
            {
                "best": {
                    "class_name": "warrior",
                    "performance": 41.12850919188198
                },
                "mean": 36.46094304285375,
                "generation": 31,
                "diversity": 34.53256036334029
            },
            {
                "best": {
                    "class_name": "warrior",
                    "performance": 41.12850919188198
                },
                "mean": 36.64724046288284,
                "generation": 32,
                "diversity": 33.466598941898745
            },
            {
                "best": {
                    "class_name": "warrior",
                    "performance": 40.87791709794542
                },
                "mean": 36.655131382801606,
                "generation": 33,
                "diversity": 35.297023951098886
            },
            {
                "best": {
                    "class_name": "warrior",
                    "performance": 40.90726700851018
                },
                "mean": 36.80955366493516,
                "generation": 34,
                "diversity": 31.642023538371124
            },
            {
                "best": {
                    "class_name": "warrior",
                    "performance": 40.900028162114026
                },
                "mean": 36.98076997767634,
                "generation": 35,
                "diversity": 26.71494059365213
            },
            {
                "best": {
                    "class_name": "warrior",
                    "performance": 40.86691582858225
                },
                "mean": 36.98035949745768,
                "generation": 36,
                "diversity": 29.47842182157395
            },
            {
                "best": {
                    "class_name": "warrior",
                    "performance": 40.89644460606293
                },
                "mean": 36.93450850775564,
                "generation": 37,
                "diversity": 29.57033905850516
            },
            {
                "best": {
                    "class_name": "warrior",
                    "performance": 40.90621742610792
                },
                "mean": 36.97109741670219,
                "generation": 38,
                "diversity": 28.508393245251572
            },
            {
                "best": {
                    "class_name": "warrior",
                    "performance": 40.809447214739805
                },
                "mean": 37.09085194353329,
                "generation": 39,
                "diversity": 25.479625344889456
            },
            {
                "best": {
                    "class_name": "warrior",
                    "performance": 40.96579183670458
                },
                "mean": 37.453194094019196,
                "generation": 40,
                "diversity": 24.614305075556647
            },
            {
                "best": {
                    "class_name": "warrior",
                    "performance": 40.89617053004072
                },
                "mean": 37.49256012105057,
                "generation": 41,
                "diversity": 25.562102212074127
            },
            {
                "best": {
                    "class_name": "warrior",
                    "performance": 41.11046173185264
                },
                "mean": 37.64183471200561,
                "generation": 42,
                "diversity": 24.910599457076202
            },
            {
                "best": {
                    "class_name": "warrior",
                    "performance": 41.13284274095292
                },
                "mean": 37.855614629334035,
                "generation": 43,
                "diversity": 26.408771969912532
            },
            {
                "best": {
                    "class_name": "warrior",
                    "performance": 41.234867730567835
                },
                "mean": 37.8073033192026,
                "generation": 44,
                "diversity": 23.504058962471294
            },
            {
                "best": {
                    "class_name": "warrior",
                    "performance": 41.18683256583693
                },
                "mean": 37.99157330475138,
                "generation": 45,
                "diversity": 23.41635803596988
            },
            {
                "best": {
                    "class_name": "warrior",
                    "performance": 41.10459762558969
                },
                "mean": 38.12345497502829,
                "generation": 46,
                "diversity": 23.044208360365616
            },
            {
                "best": {
                    "class_name": "warrior",
                    "performance": 41.217515924700024
                },
                "mean": 38.263248073588414,
                "generation": 47,
                "diversity": 23.113269059769646
            },
            {
                "best": {
                    "class_name": "warrior",
                    "performance": 41.22629133192135
                },
                "mean": 38.21918726227771,
                "generation": 48,
                "diversity": 23.576923102173165
            },
            {
                "best": {
                    "class_name": "warrior",
                    "performance": 41.240026709591525
                },
                "mean": 38.464153727510414,
                "generation": 49,
                "diversity": 25.38057878819063
            },
            {
                "best": {
                    "class_name": "warrior",
                    "performance": 41.24449358535555
                },
                "mean": 38.54148679200931,
                "generation": 50,
                "diversity": 26.475168157898768
            },
            {
                "best": {
                    "class_name": "warrior",
                    "performance": 41.23866652745991
                },
                "mean": 38.65646257105982,
                "generation": 51,
                "diversity": 25.680555201104088
            },
            {
                "best": {
                    "class_name": "warrior",
                    "performance": 41.23866652745991
                },
                "mean": 38.48475961545721,
                "generation": 52,
                "diversity": 24.782771000666298
            },
            {
                "best": {
                    "class_name": "warrior",
                    "performance": 41.240572304876544
                },
                "mean": 38.165778052172115,
                "generation": 53,
                "diversity": 26.011503311949472
            },
            {
                "best": {
                    "class_name": "warrior",
                    "performance": 41.22443130988501
                },
                "mean": 38.39948805049219,
                "generation": 54,
                "diversity": 25.29766763581551
            },
            {
                "best": {
                    "class_name": "warrior",
                    "performance": 41.19045547780098
                },
                "mean": 38.63596498497154,
                "generation": 55,
                "diversity": 24.199426171934846
            },
            {
                "best": {
                    "class_name": "warrior",
                    "performance": 41.18004885790129
                },
                "mean": 38.94320675362706,
                "generation": 56,
                "diversity": 20.529411914304813
            },
            {
                "best": {
                    "class_name": "warrior",
                    "performance": 41.22736315883575
                },
                "mean": 38.578998108140134,
                "generation": 57,
                "diversity": 21.167160366948544
            },
            {
                "best": {
                    "class_name": "warrior",
                    "performance": 41.23945142896496
                },
                "mean": 38.86833530635771,
                "generation": 58,
                "diversity": 21.5634864332397
            },
            {
                "best": {
                    "class_name": "warrior",
                    "performance": 41.219858788286295
                },
                "mean": 38.536242502244235,
                "generation": 59,
                "diversity": 22.800780237466068
            },
            {
                "best": {
                    "class_name": "warrior",
                    "performance": 41.227051611581615
                },
                "mean": 38.56118958647291,
                "generation": 60,
                "diversity": 22.54546781942047
            },
            {
                "best": {
                    "class_name": "warrior",
                    "performance": 41.231726124083615
                },
                "mean": 38.68587489038153,
                "generation": 61,
                "diversity": 20.47993041446962
            },
            {
                "best": {
                    "class_name": "warrior",
                    "performance": 41.15996813714563
                },
                "mean": 38.836365234841374,
                "generation": 62,
                "diversity": 17.824351815113985
            },
            {
                "best": {
                    "class_name": "warrior",
                    "performance": 41.22824888832931
                },
                "mean": 38.80499264284376,
                "generation": 63,
                "diversity": 19.040736028728272
            },
            {
                "best": {
                    "class_name": "warrior",
                    "performance": 41.22368520912287
                },
                "mean": 38.71722016569006,
                "generation": 64,
                "diversity": 21.513536395364657
            },
            {
                "best": {
                    "class_name": "warrior",
                    "performance": 41.14547196834244
                },
                "mean": 38.618524298846275,
                "generation": 65,
                "diversity": 22.17080301839593
            },
            {
                "best": {
                    "class_name": "warrior",
                    "performance": 41.23963041067728
                },
                "mean": 38.53807005210719,
                "generation": 66,
                "diversity": 25.541546951157258
            },
            {
                "best": {
                    "class_name": "warrior",
                    "performance": 41.23963041067728
                },
                "mean": 38.59583512253928,
                "generation": 67,
                "diversity": 22.010804224510427
            },
            {
                "best": {
                    "class_name": "warrior",
                    "performance": 41.24255456888365
                },
                "mean": 38.68818699363289,
                "generation": 68,
                "diversity": 23.391024083406823
            },
            {
                "best": {
                    "class_name": "warrior",
                    "performance": 41.24255456888365
                },
                "mean": 38.38712159890422,
                "generation": 69,
                "diversity": 21.432545540274536
            }
        ]
    },
    "config": {
        "population_size": 500,
        "population_to_keep": 250,
        "class_name": "warrior",
        "selection_config_a": {
            "selection_type": "elite",
            "population_to_keep": 125,
            "tournament_size": 50,
            "threshold": 0.75,
            "initial_temperature": 30,
            "temperature_decay": 0.6,
            "min_temperature": 5
        },
        "selection_config_b": {
            "selection_type": "roulette",
            "population_to_keep": 125,
            "tournament_size": 50,
            "threshold": 0.75,
            "initial_temperature": 30,
            "temperature_decay": 0.6,
            "min_temperature": 5
        },
        "selection_config_rate": 0.5,
        "crossover_config": {
            "method": "two_point"
        },
        "mutation_config": {
            "mutation_type": "multi_gen",
            "mutation_rate": 0.2,
            "delta_mutation": 15
        },
        "replacement_config_a": {
            "type": "traditional",
            "quantity": 125,
            "gen_gap": 0.5
        },
        "replacement_config_b": {
            "type": "young_bias",
            "quantity": 125,
            "gen_gap": 0.5
        },
        "replacement_config_rate": 0.5,
        "end_condition_config": {
            "type": "content",
            "generations_to_check": 20,
            "generations": 500,
            "optimum_value": 61.5,
            "tolerance": 0.1,
            "structure_tolerance": 0.01,
            "structure_relevant_proportion": 0.98
        }
    }
}