{
    "results": {
        "best": {
            "solution": {
                "class_name": "warrior",
                "variables": {
                    "strength": 75.12800738784156,
                    "agility": 74.87199261215842,
                    "expertise": 0.0,
                    "resistance": 0.0,
                    "life": 0,
                    "height": 1.92
                },
                "performance": 41.24440000047777
            },
            "generation": 44
        },
        "last_iterations": [
            {
                "best": {
                    "class_name": "warrior",
                    "performance": 31.25022381683336
                },
                "mean": 15.546246673178388,
                "generation": 1,
                "diversity": 259.39109526376893
            },
            {
                "best": {
                    "class_name": "warrior",
                    "performance": 27.84649870573143
                },
                "mean": 16.570218288708887,
                "generation": 2,
                "diversity": 210.34452716690575
            },
            {
                "best": {
                    "class_name": "warrior",
                    "performance": 27.84649870573143
                },
                "mean": 16.96044358016556,
                "generation": 3,
                "diversity": 181.40500725327612
            },
            {
                "best": {
                    "class_name": "warrior",
                    "performance": 34.49793664265353
                },
                "mean": 17.860441104467224,
                "generation": 4,
                "diversity": 167.2529695367128
            },
            {
                "best": {
                    "class_name": "warrior",
                    "performance": 32.72219407833682
                },
                "mean": 18.497519978290665,
                "generation": 5,
                "diversity": 157.08948552356406
            },
            {
                "best": {
                    "class_name": "warrior",
                    "performance": 32.42183209468653
                },
                "mean": 19.56123947047095,
                "generation": 6,
                "diversity": 139.01306660677287
            },
            {
                "best": {
                    "class_name": "warrior",
                    "performance": 33.3442299065791
                },
                "mean": 20.53549513381281,
                "generation": 7,
                "diversity": 135.72991826082796
            },
            {
                "best": {
                    "class_name": "warrior",
                    "performance": 33.566787440917096
                },
                "mean": 21.843832083467984,
                "generation": 8,
                "diversity": 113.75877983532291
            },
            {
                "best": {
                    "class_name": "warrior",
                    "performance": 36.163273407262196
                },
                "mean": 22.692751007616874,
                "generation": 9,
                "diversity": 108.175313376698
            },
            {
                "best": {
                    "class_name": "warrior",
                    "performance": 36.953268257758
                },
                "mean": 23.708883744762723,
                "generation": 10,
                "diversity": 110.70345375146202
            },
            {
                "best": {
                    "class_name": "warrior",
                    "performance": 35.36554748018217
                },
                "mean": 24.904871607579647,
                "generation": 11,
                "diversity": 101.95061849059702
            },
            {
                "best": {
                    "class_name": "warrior",
                    "performance": 37.5099536238079
                },
                "mean": 25.83573135956954,
                "generation": 12,
                "diversity": 97.22404768366965
            },
            {
                "best": {
                    "class_name": "warrior",
                    "performance": 37.5099536238079
                },
                "mean": 26.41271787052525,
                "generation": 13,
                "diversity": 88.14014866116649
            },
            {
                "best": {
                    "class_name": "warrior",
                    "performance": 37.57210642420398
                },
                "mean": 26.995304211014933,
                "generation": 14,
                "diversity": 75.81492565185192
            },
            {
                "best": {
                    "class_name": "warrior",
                    "performance": 37.92715199577354
                },
                "mean": 28.1656208987493,
                "generation": 15,
                "diversity": 74.27261069981573
            },
            {
                "best": {
                    "class_name": "warrior",
                    "performance": 39.49289244576523
                },
                "mean": 29.235913418574793,
                "generation": 16,
                "diversity": 75.45524381955825
            },
            {
                "best": {
                    "class_name": "warrior",
                    "performance": 38.428841175840546
                },
                "mean": 30.16438072916326,
                "generation": 17,
                "diversity": 74.66988247010106
            },
            {
                "best": {
                    "class_name": "warrior",
                    "performance": 38.428841175840546
                },
                "mean": 30.71875226491002,
                "generation": 18,
                "diversity": 77.78791427617861
            },
            {
                "best": {
                    "class_name": "warrior",
                    "performance": 38.940597181808656
                },
                "mean": 31.446373575102275,
                "generation": 19,
                "diversity": 67.73996619288019
            },
            {
                "best": {
                    "class_name": "warrior",
                    "performance": 39.33443399837133
                },
                "mean": 31.995121547968793,
                "generation": 20,
                "diversity": 63.6435026028216
            },
            {
                "best": {
                    "class_name": "warrior",
                    "performance": 39.97138726719527
                },
                "mean": 32.55194999267738,
                "generation": 21,
                "diversity": 63.83410007761893
            },
            {
                "best": {
                    "class_name": "warrior",
                    "performance": 39.22590386321409
                },
                "mean": 32.98576548761291,
                "generation": 22,
                "diversity": 62.743089890678924
            },
            {
                "best": {
                    "class_name": "warrior",
                    "performance": 39.969099091324416
                },
                "mean": 33.35726277766398,
                "generation": 23,
                "diversity": 67.02093005405227
            },
            {
                "best": {
                    "class_name": "warrior",
                    "performance": 40.53260899794723
                },
                "mean": 34.01466191290597,
                "generation": 24,
                "diversity": 65.44213200284025
            },
            {
                "best": {
                    "class_name": "warrior",
                    "performance": 40.25242495603627
                },
                "mean": 34.136821274709455,
                "generation": 25,
                "diversity": 71.0649423458221
            },
            {
                "best": {
                    "class_name": "warrior",
                    "performance": 40.597508797645254
                },
                "mean": 34.27515536550462,
                "generation": 26,
                "diversity": 73.2490552956703
            },
            {
                "best": {
                    "class_name": "warrior",
                    "performance": 41.06908577899187
                },
                "mean": 34.607312496370334,
                "generation": 27,
                "diversity": 81.19770121992848
            },
            {
                "best": {
                    "class_name": "warrior",
                    "performance": 40.88761714684056
                },
                "mean": 34.541750863000125,
                "generation": 28,
                "diversity": 84.34980827005568
            },
            {
                "best": {
                    "class_name": "warrior",
                    "performance": 40.675460123597446
                },
                "mean": 34.74885384038297,
                "generation": 29,
                "diversity": 75.91168567692522
            },
            {
                "best": {
                    "class_name": "warrior",
                    "performance": 41.04301672022547
                },
                "mean": 35.41977426504578,
                "generation": 30,
                "diversity": 68.84141107956972
            },
            {
                "best": {
                    "class_name": "warrior",
                    "performance": 41.04301672022547
                },
                "mean": 35.43966594277163,
                "generation": 31,
                "diversity": 69.58119220908897
            },
            {
                "best": {
                    "class_name": "warrior",
                    "performance": 41.1505539092026
                },
                "mean": 35.68759745273102,
                "generation": 32,
                "diversity": 69.49986950356757
            },
            {
                "best": {
                    "class_name": "warrior",
                    "performance": 41.1505539092026
                },
                "mean": 36.20601517308181,
                "generation": 33,
                "diversity": 60.85862055528994
            },
            {
                "best": {
                    "class_name": "warrior",
                    "performance": 41.14491287057715
                },
                "mean": 36.35824509932016,
                "generation": 34,
                "diversity": 58.72956342869432
            },
            {
                "best": {
                    "class_name": "warrior",
                    "performance": 41.131358571281446
                },
                "mean": 36.61284613982037,
                "generation": 35,
                "diversity": 55.08079707470521
            },
            {
                "best": {
                    "class_name": "warrior",
                    "performance": 41.04800314129755
                },
                "mean": 36.6922322828756,
                "generation": 36,
                "diversity": 53.04984092577342
            },
            {
                "best": {
                    "class_name": "warrior",
                    "performance": 41.14491287057715
                },
                "mean": 36.944358675091934,
                "generation": 37,
                "diversity": 46.05579001186465
            },
            {
                "best": {
                    "class_name": "warrior",
                    "performance": 41.14186884616958
                },
                "mean": 37.3957208434006,
                "generation": 38,
                "diversity": 40.86878852194397
            },
            {
                "best": {
                    "class_name": "warrior",
                    "performance": 41.239187682646296
                },
                "mean": 37.38780805362081,
                "generation": 39,
                "diversity": 39.52728669500386
            },
            {
                "best": {
                    "class_name": "warrior",
                    "performance": 41.23910466054553
                },
                "mean": 37.347845115118965,
                "generation": 40,
                "diversity": 40.70948422327581
            },
            {
                "best": {
                    "class_name": "warrior",
                    "performance": 41.17582748320925
                },
                "mean": 37.07488310257739,
                "generation": 41,
                "diversity": 38.83302555137957
            },
            {
                "best": {
                    "class_name": "warrior",
                    "performance": 41.22206800472065
                },
                "mean": 37.12249242718908,
                "generation": 42,
                "diversity": 39.19255062142202
            },
            {
                "best": {
                    "class_name": "warrior",
                    "performance": 41.08151090615656
                },
                "mean": 37.62186020171964,
                "generation": 43,
                "diversity": 39.24058712608923
            },
            {
                "best": {
                    "class_name": "warrior",
                    "performance": 41.24440000047777
                },
                "mean": 37.478058775460205,
                "generation": 44,
                "diversity": 42.90627074966355
            },
            {
                "best": {
                    "class_name": "warrior",
                    "performance": 41.24440000047777
                },
                "mean": 37.48371650025569,
                "generation": 45,
                "diversity": 42.39845828281342
            },
            {
                "best": {
                    "class_name": "warrior",
                    "performance": 41.24440000047777
                },
                "mean": 37.53063833412125,
                "generation": 46,
                "diversity": 38.9564434753624
            },
            {
                "best": {
                    "class_name": "warrior",
                    "performance": 41.14437735547051
                },
                "mean": 37.57686002789783,
                "generation": 47,
                "diversity": 37.859025075154335
            },
            {
                "best": {
                    "class_name": "warrior",
                    "performance": 41.23597674970317
                },
                "mean": 37.759989195819486,
                "generation": 48,
                "diversity": 40.55854842780182
            },
            {
                "best": {
                    "class_name": "warrior",
                    "performance": 41.24246611064716
                },
                "mean": 38.21928554785393,
                "generation": 49,
                "diversity": 40.265074881357585
            },
            {
                "best": {
                    "class_name": "warrior",
                    "performance": 41.24246611064716
                },
                "mean": 38.184461413956875,
                "generation": 50,
                "diversity": 38.27391830749082
            },
            {
                "best": {
                    "class_name": "warrior",
                    "performance": 41.23597674970317
                },
                "mean": 38.09222289717908,
                "generation": 51,
                "diversity": 35.13911981382763
            },
            {
                "best": {
                    "class_name": "warrior",
                    "performance": 41.23597674970317
                },
                "mean": 38.2146480545481,
                "generation": 52,
                "diversity": 33.194978312843894
            },
            {
                "best": {
                    "class_name": "warrior",
                    "performance": 41.243801905746906
                },
                "mean": 37.88833222294149,
                "generation": 53,
                "diversity": 32.65087786623356
            },
            {
                "best": {
                    "class_name": "warrior",
                    "performance": 41.233667018216906
                },
                "mean": 38.092492687039545,
                "generation": 54,
                "diversity": 29.441843494361237
            },
            {
                "best": {
                    "class_name": "warrior",
                    "performance": 41.20571005009351
                },
                "mean": 37.62658592998686,
                "generation": 55,
                "diversity": 33.7535276157362
            },
            {
                "best": {
                    "class_name": "warrior",
                    "performance": 41.19215253167032
                },
                "mean": 38.10911318005928,
                "generation": 56,
                "diversity": 27.487320760218164
            },
            {
                "best": {
                    "class_name": "warrior",
                    "performance": 41.24113370903303
                },
                "mean": 38.21045289664698,
                "generation": 57,
                "diversity": 25.851047479541432
            },
            {
                "best": {
                    "class_name": "warrior",
                    "performance": 41.243254285883694
                },
                "mean": 38.335547452787175,
                "generation": 58,
                "diversity": 30.01374373892267
            },
            {
                "best": {
                    "class_name": "warrior",
                    "performance": 41.232323393629834
                },
                "mean": 38.530410460225454,
                "generation": 59,
                "diversity": 29.068831332299137
            }
        ]
    },
    "config": {
        "population_size": 500,
        "population_to_keep": 250,
        "class_name": "warrior",
        "selection_config_a": {
            "selection_type": "elite",
            "population_to_keep": 125,
            "tournament_size": 50,
            "threshold": 0.75,
            "initial_temperature": 30,
            "temperature_decay": 0.6,
            "min_temperature": 5
        },
        "selection_config_b": {
            "selection_type": "roulette",
            "population_to_keep": 125,
            "tournament_size": 50,
            "threshold": 0.75,
            "initial_temperature": 30,
            "temperature_decay": 0.6,
            "min_temperature": 5
        },
        "selection_config_rate": 0.5,
        "crossover_config": {
            "method": "two_point"
        },
        "mutation_config": {
            "mutation_type": "multi_gen",
            "mutation_rate": 0.2,
            "delta_mutation": 15
        },
        "replacement_config_a": {
            "type": "traditional",
            "quantity": 125,
            "gen_gap": 0.5
        },
        "replacement_config_b": {
            "type": "young_bias",
            "quantity": 125,
            "gen_gap": 0.5
        },
        "replacement_config_rate": 0.5,
        "end_condition_config": {
            "type": "content",
            "generations_to_check": 20,
            "generations": 500,
            "optimum_value": 61.5,
            "tolerance": 0.1,
            "structure_tolerance": 0.01,
            "structure_relevant_proportion": 0.98
        }
    }
}