{
    "results": {
        "best": {
            "solution": {
                "class_name": "warrior",
                "variables": {
                    "strength": 75.99107752707,
                    "agility": 74.00892247293001,
                    "expertise": 0.0,
                    "resistance": 0.0,
                    "life": 0.0,
                    "height": 1.92
                },
                "performance": 41.236132546383644
            },
            "generation": 36
        },
        "last_iterations": [
            {
                "best": {
                    "class_name": "warrior",
                    "performance": 29.98491182673046
                },
                "mean": 16.34497991024264,
                "generation": 1,
                "diversity": 260.1685492284995
            },
            {
                "best": {
                    "class_name": "warrior",
                    "performance": 29.17136404999595
                },
                "mean": 17.897697654443487,
                "generation": 2,
                "diversity": 217.9715016048865
            },
            {
                "best": {
                    "class_name": "warrior",
                    "performance": 30.935975708493338
                },
                "mean": 18.615062873013176,
                "generation": 3,
                "diversity": 206.819769772668
            },
            {
                "best": {
                    "class_name": "warrior",
                    "performance": 33.65982572394326
                },
                "mean": 19.2763856999739,
                "generation": 4,
                "diversity": 202.8520713375234
            },
            {
                "best": {
                    "class_name": "warrior",
                    "performance": 33.33897714135081
                },
                "mean": 20.99070732701051,
                "generation": 5,
                "diversity": 160.28231826754055
            },
            {
                "best": {
                    "class_name": "warrior",
                    "performance": 33.0033274878771
                },
                "mean": 21.671289798646036,
                "generation": 6,
                "diversity": 147.26493561161027
            },
            {
                "best": {
                    "class_name": "warrior",
                    "performance": 31.788118195475224
                },
                "mean": 22.337064354684884,
                "generation": 7,
                "diversity": 125.2772496351186
            },
            {
                "best": {
                    "class_name": "warrior",
                    "performance": 32.85301253441307
                },
                "mean": 23.21889606208776,
                "generation": 8,
                "diversity": 109.29125308440415
            },
            {
                "best": {
                    "class_name": "warrior",
                    "performance": 34.47230641147538
                },
                "mean": 23.548234098351102,
                "generation": 9,
                "diversity": 108.49785807029224
            },
            {
                "best": {
                    "class_name": "warrior",
                    "performance": 34.47230641147538
                },
                "mean": 24.257610809887343,
                "generation": 10,
                "diversity": 114.6434480080287
            },
            {
                "best": {
                    "class_name": "warrior",
                    "performance": 37.472742127661455
                },
                "mean": 25.27131049783442,
                "generation": 11,
                "diversity": 113.37163503158376
            },
            {
                "best": {
                    "class_name": "warrior",
                    "performance": 36.945601267716505
                },
                "mean": 26.41994122701586,
                "generation": 12,
                "diversity": 92.54681426049153
            },
            {
                "best": {
                    "class_name": "warrior",
                    "performance": 39.288071638688606
                },
                "mean": 26.927463357483763,
                "generation": 13,
                "diversity": 83.60902562753422
            },
            {
                "best": {
                    "class_name": "warrior",
                    "performance": 37.29509789734526
                },
                "mean": 27.43914991505684,
                "generation": 14,
                "diversity": 81.60691846063864
            },
            {
                "best": {
                    "class_name": "warrior",
                    "performance": 37.343770424469
                },
                "mean": 28.141019410076893,
                "generation": 15,
                "diversity": 66.90500123499238
            },
            {
                "best": {
                    "class_name": "warrior",
                    "performance": 37.78647107480213
                },
                "mean": 28.69277715410348,
                "generation": 16,
                "diversity": 71.4556622595461
            },
            {
                "best": {
                    "class_name": "warrior",
                    "performance": 40.51479059419001
                },
                "mean": 29.557643802742263,
                "generation": 17,
                "diversity": 71.34168377976175
            },
            {
                "best": {
                    "class_name": "warrior",
                    "performance": 40.72177468880786
                },
                "mean": 30.26892428141184,
                "generation": 18,
                "diversity": 61.37328788063928
            },
            {
                "best": {
                    "class_name": "warrior",
                    "performance": 40.88146565448575
                },
                "mean": 31.141580848695444,
                "generation": 19,
                "diversity": 59.17773917859321
            },
            {
                "best": {
                    "class_name": "warrior",
                    "performance": 40.88146565448575
                },
                "mean": 32.60257179066289,
                "generation": 20,
                "diversity": 57.77255904290698
            },
            {
                "best": {
                    "class_name": "warrior",
                    "performance": 40.7990325502787
                },
                "mean": 33.27294898105824,
                "generation": 21,
                "diversity": 54.93741954882339
            },
            {
                "best": {
                    "class_name": "warrior",
                    "performance": 40.54744092231287
                },
                "mean": 33.664809836039815,
                "generation": 22,
                "diversity": 52.300696850432644
            },
            {
                "best": {
                    "class_name": "warrior",
                    "performance": 41.230593526113694
                },
                "mean": 34.19469317085892,
                "generation": 23,
                "diversity": 45.436511423281196
            },
            {
                "best": {
                    "class_name": "warrior",
                    "performance": 41.06971205763821
                },
                "mean": 34.84705313850281,
                "generation": 24,
                "diversity": 44.62178217556589
            },
            {
                "best": {
                    "class_name": "warrior",
                    "performance": 40.78392024366332
                },
                "mean": 35.36349712753562,
                "generation": 25,
                "diversity": 43.741318869037904
            },
            {
                "best": {
                    "class_name": "warrior",
                    "performance": 40.90944760955929
                },
                "mean": 35.936476396295085,
                "generation": 26,
                "diversity": 42.178498956191916
            },
            {
                "best": {
                    "class_name": "warrior",
                    "performance": 40.91413844419914
                },
                "mean": 36.70783679393005,
                "generation": 27,
                "diversity": 34.80405345570745
            },
            {
                "best": {
                    "class_name": "warrior",
                    "performance": 40.68082443103856
                },
                "mean": 36.78850302329327,
                "generation": 28,
                "diversity": 32.89042978132629
            },
            {
                "best": {
                    "class_name": "warrior",
                    "performance": 40.79300785414601
                },
                "mean": 36.783603313979675,
                "generation": 29,
                "diversity": 33.40689593951296
            },
            {
                "best": {
                    "class_name": "warrior",
                    "performance": 41.13621480202101
                },
                "mean": 37.123854432566525,
                "generation": 30,
                "diversity": 32.08088990062694
            },
            {
                "best": {
                    "class_name": "warrior",
                    "performance": 41.08433614689369
                },
                "mean": 36.92228743962312,
                "generation": 31,
                "diversity": 36.61005007905974
            },
            {
                "best": {
                    "class_name": "warrior",
                    "performance": 41.08433614689369
                },
                "mean": 37.35589350458479,
                "generation": 32,
                "diversity": 31.079408911191663
            },
            {
                "best": {
                    "class_name": "warrior",
                    "performance": 41.08433614689369
                },
                "mean": 37.815918569234924,
                "generation": 33,
                "diversity": 27.520057405936416
            },
            {
                "best": {
                    "class_name": "warrior",
                    "performance": 41.008284260995346
                },
                "mean": 37.6862724210366,
                "generation": 34,
                "diversity": 26.719614899035502
            },
            {
                "best": {
                    "class_name": "warrior",
                    "performance": 40.937993797481454
                },
                "mean": 37.95351217280254,
                "generation": 35,
                "diversity": 25.794108058146534
            },
            {
                "best": {
                    "class_name": "warrior",
                    "performance": 41.236132546383644
                },
                "mean": 38.34785934506432,
                "generation": 36,
                "diversity": 27.49197563040545
            },
            {
                "best": {
                    "class_name": "warrior",
                    "performance": 41.1778083346475
                },
                "mean": 38.13874075162705,
                "generation": 37,
                "diversity": 27.00538492054009
            },
            {
                "best": {
                    "class_name": "warrior",
                    "performance": 41.1778083346475
                },
                "mean": 38.235774138285926,
                "generation": 38,
                "diversity": 22.532831061405293
            },
            {
                "best": {
                    "class_name": "warrior",
                    "performance": 41.23396016166065
                },
                "mean": 38.29284153641369,
                "generation": 39,
                "diversity": 20.283817578510707
            },
            {
                "best": {
                    "class_name": "warrior",
                    "performance": 41.23396016166065
                },
                "mean": 38.36033454047337,
                "generation": 40,
                "diversity": 22.183732311674415
            },
            {
                "best": {
                    "class_name": "warrior",
                    "performance": 41.22116764625804
                },
                "mean": 38.37356206134609,
                "generation": 41,
                "diversity": 23.701215100057322
            },
            {
                "best": {
                    "class_name": "warrior",
                    "performance": 41.191792395912294
                },
                "mean": 38.47018970970075,
                "generation": 42,
                "diversity": 23.27961131761273
            },
            {
                "best": {
                    "class_name": "warrior",
                    "performance": 41.08834318907255
                },
                "mean": 38.13718618391002,
                "generation": 43,
                "diversity": 24.36798639957262
            },
            {
                "best": {
                    "class_name": "warrior",
                    "performance": 41.028088393509286
                },
                "mean": 38.12132383276225,
                "generation": 44,
                "diversity": 23.69479629587038
            },
            {
                "best": {
                    "class_name": "warrior",
                    "performance": 41.12607273828741
                },
                "mean": 38.093079282606645,
                "generation": 45,
                "diversity": 20.626070157045124
            },
            {
                "best": {
                    "class_name": "warrior",
                    "performance": 41.167298853276876
                },
                "mean": 38.199780258628394,
                "generation": 46,
                "diversity": 20.02708043014657
            },
            {
                "best": {
                    "class_name": "warrior",
                    "performance": 41.167298853276876
                },
                "mean": 38.35267802909308,
                "generation": 47,
                "diversity": 17.469080165754274
            },
            {
                "best": {
                    "class_name": "warrior",
                    "performance": 41.20775332144684
                },
                "mean": 38.661408023367756,
                "generation": 48,
                "diversity": 17.07599671416711
            },
            {
                "best": {
                    "class_name": "warrior",
                    "performance": 41.074863406675554
                },
                "mean": 38.416809091082364,
                "generation": 49,
                "diversity": 16.568355029446725
            },
            {
                "best": {
                    "class_name": "warrior",
                    "performance": 41.21078670771895
                },
                "mean": 38.35116110855892,
                "generation": 50,
                "diversity": 17.42810223315333
            },
            {
                "best": {
                    "class_name": "warrior",
                    "performance": 41.2096753497976
                },
                "mean": 38.44669631131442,
                "generation": 51,
                "diversity": 18.688902890178344
            },
            {
                "best": {
                    "class_name": "warrior",
                    "performance": 41.2096753497976
                },
                "mean": 38.42278489231263,
                "generation": 52,
                "diversity": 19.395572493755804
            },
            {
                "best": {
                    "class_name": "warrior",
                    "performance": 41.2096753497976
                },
                "mean": 38.69668432109769,
                "generation": 53,
                "diversity": 17.382167941697123
            },
            {
                "best": {
                    "class_name": "warrior",
                    "performance": 41.14784036315686
                },
                "mean": 38.586421153964935,
                "generation": 54,
                "diversity": 18.148457402657616
            },
            {
                "best": {
                    "class_name": "warrior",
                    "performance": 41.206413573935976
                },
                "mean": 38.33333502833612,
                "generation": 55,
                "diversity": 19.050432870145276
            },
            {
                "best": {
                    "class_name": "warrior",
                    "performance": 41.22971860171456
                },
                "mean": 38.28861184394745,
                "generation": 56,
                "diversity": 20.660572958824698
            }
        ]
    },
    "config": {
        "population_size": 500,
        "population_to_keep": 250,
        "class_name": "warrior",
        "selection_config_a": {
            "selection_type": "elite",
            "population_to_keep": 125,
            "tournament_size": 50,
            "threshold": 0.75,
            "initial_temperature": 30,
            "temperature_decay": 0.6,
            "min_temperature": 5
        },
        "selection_config_b": {
            "selection_type": "roulette",
            "population_to_keep": 125,
            "tournament_size": 50,
            "threshold": 0.75,
            "initial_temperature": 30,
            "temperature_decay": 0.6,
            "min_temperature": 5
        },
        "selection_config_rate": 0.5,
        "crossover_config": {
            "method": "uniform"
        },
        "mutation_config": {
            "mutation_type": "multi_gen",
            "mutation_rate": 0.2,
            "delta_mutation": 15
        },
        "replacement_config_a": {
            "type": "traditional",
            "quantity": 125,
            "gen_gap": 0.5
        },
        "replacement_config_b": {
            "type": "young_bias",
            "quantity": 125,
            "gen_gap": 0.5
        },
        "replacement_config_rate": 0.5,
        "end_condition_config": {
            "type": "content",
            "generations_to_check": 20,
            "generations": 500,
            "optimum_value": 61.5,
            "tolerance": 0.1,
            "structure_tolerance": 0.01,
            "structure_relevant_proportion": 0.98
        }
    }
}