{
    "results": {
        "best": {
            "solution": {
                "class_name": "warrior",
                "variables": {
                    "strength": 75.38976850835793,
                    "agility": 74.61023149164207,
                    "expertise": 0.0,
                    "resistance": 0.0,
                    "life": 0.0,
                    "height": 1.9200000000000002
                },
                "performance": 41.24323983717876
            },
            "generation": 68
        },
        "last_iterations": [
            {
                "best": {
                    "class_name": "warrior",
                    "performance": 26.47586719437112
                },
                "mean": 15.601539678397238,
                "generation": 1,
                "diversity": 246.83361865844503
            },
            {
                "best": {
                    "class_name": "warrior",
                    "performance": 27.300132564651353
                },
                "mean": 16.375901451389485,
                "generation": 2,
                "diversity": 224.22088956953436
            },
            {
                "best": {
                    "class_name": "warrior",
                    "performance": 29.1869898659802
                },
                "mean": 16.967040482803228,
                "generation": 3,
                "diversity": 226.94100325543403
            },
            {
                "best": {
                    "class_name": "warrior",
                    "performance": 29.429953383062138
                },
                "mean": 18.004745382863916,
                "generation": 4,
                "diversity": 191.4346498303986
            },
            {
                "best": {
                    "class_name": "warrior",
                    "performance": 27.319876847531198
                },
                "mean": 19.273945094669337,
                "generation": 5,
                "diversity": 154.9549699244112
            },
            {
                "best": {
                    "class_name": "warrior",
                    "performance": 27.84909617220585
                },
                "mean": 20.636038344273864,
                "generation": 6,
                "diversity": 132.12178308479358
            },
            {
                "best": {
                    "class_name": "warrior",
                    "performance": 29.039176692008798
                },
                "mean": 20.873944919988826,
                "generation": 7,
                "diversity": 134.74895895184125
            },
            {
                "best": {
                    "class_name": "warrior",
                    "performance": 33.044888706856284
                },
                "mean": 21.699736212637085,
                "generation": 8,
                "diversity": 119.74090413313088
            },
            {
                "best": {
                    "class_name": "warrior",
                    "performance": 32.46959511880691
                },
                "mean": 22.355524278144692,
                "generation": 9,
                "diversity": 110.71601053127434
            },
            {
                "best": {
                    "class_name": "warrior",
                    "performance": 33.074363908047076
                },
                "mean": 22.88898131464095,
                "generation": 10,
                "diversity": 102.53707915219819
            },
            {
                "best": {
                    "class_name": "warrior",
                    "performance": 33.578160239691975
                },
                "mean": 23.763601610593717,
                "generation": 11,
                "diversity": 88.03655556488091
            },
            {
                "best": {
                    "class_name": "warrior",
                    "performance": 33.33292508478765
                },
                "mean": 24.264934357050386,
                "generation": 12,
                "diversity": 79.82453226418927
            },
            {
                "best": {
                    "class_name": "warrior",
                    "performance": 32.966602523818274
                },
                "mean": 24.620804630491286,
                "generation": 13,
                "diversity": 76.29822722574805
            },
            {
                "best": {
                    "class_name": "warrior",
                    "performance": 32.926389796099116
                },
                "mean": 24.907298080930794,
                "generation": 14,
                "diversity": 62.9615524130813
            },
            {
                "best": {
                    "class_name": "warrior",
                    "performance": 33.73872277393687
                },
                "mean": 25.852104687475926,
                "generation": 15,
                "diversity": 53.107191282658526
            },
            {
                "best": {
                    "class_name": "warrior",
                    "performance": 34.717826595137566
                },
                "mean": 26.49885300919774,
                "generation": 16,
                "diversity": 56.56407060017913
            },
            {
                "best": {
                    "class_name": "warrior",
                    "performance": 34.87252365619495
                },
                "mean": 27.24259860203687,
                "generation": 17,
                "diversity": 52.440797925095374
            },
            {
                "best": {
                    "class_name": "warrior",
                    "performance": 34.47560977525592
                },
                "mean": 27.849447930109555,
                "generation": 18,
                "diversity": 47.92695567527778
            },
            {
                "best": {
                    "class_name": "warrior",
                    "performance": 35.52282507353257
                },
                "mean": 28.184168205986076,
                "generation": 19,
                "diversity": 45.99680737830884
            },
            {
                "best": {
                    "class_name": "warrior",
                    "performance": 35.57889079656679
                },
                "mean": 28.503932843287874,
                "generation": 20,
                "diversity": 48.78098439191189
            },
            {
                "best": {
                    "class_name": "warrior",
                    "performance": 37.28694296434583
                },
                "mean": 29.213994119322482,
                "generation": 21,
                "diversity": 52.74192003360539
            },
            {
                "best": {
                    "class_name": "warrior",
                    "performance": 37.36620887648988
                },
                "mean": 30.1341357998191,
                "generation": 22,
                "diversity": 43.74969570288061
            },
            {
                "best": {
                    "class_name": "warrior",
                    "performance": 38.05860603579737
                },
                "mean": 31.014845266284233,
                "generation": 23,
                "diversity": 44.73693927602179
            },
            {
                "best": {
                    "class_name": "warrior",
                    "performance": 38.68533885400314
                },
                "mean": 31.633874369565348,
                "generation": 24,
                "diversity": 44.37572010952115
            },
            {
                "best": {
                    "class_name": "warrior",
                    "performance": 38.78853686359654
                },
                "mean": 32.21636627270808,
                "generation": 25,
                "diversity": 41.15554308895955
            },
            {
                "best": {
                    "class_name": "warrior",
                    "performance": 39.06466457024055
                },
                "mean": 32.91360939644722,
                "generation": 26,
                "diversity": 39.619570191752764
            },
            {
                "best": {
                    "class_name": "warrior",
                    "performance": 39.14590403375821
                },
                "mean": 33.005742881516866,
                "generation": 27,
                "diversity": 42.6502772796917
            },
            {
                "best": {
                    "class_name": "warrior",
                    "performance": 39.430775519167646
                },
                "mean": 33.28266536438596,
                "generation": 28,
                "diversity": 41.16453909398958
            },
            {
                "best": {
                    "class_name": "warrior",
                    "performance": 40.088161433998444
                },
                "mean": 33.709813377874845,
                "generation": 29,
                "diversity": 38.582856582845146
            },
            {
                "best": {
                    "class_name": "warrior",
                    "performance": 40.107588054362516
                },
                "mean": 34.022946744590286,
                "generation": 30,
                "diversity": 34.7618659155413
            },
            {
                "best": {
                    "class_name": "warrior",
                    "performance": 39.9691070129902
                },
                "mean": 34.514754710966294,
                "generation": 31,
                "diversity": 32.755650390383686
            },
            {
                "best": {
                    "class_name": "warrior",
                    "performance": 40.966179458051435
                },
                "mean": 34.86549909320118,
                "generation": 32,
                "diversity": 30.895655352212874
            },
            {
                "best": {
                    "class_name": "warrior",
                    "performance": 40.44963636348011
                },
                "mean": 35.095607154393385,
                "generation": 33,
                "diversity": 28.339622233511566
            },
            {
                "best": {
                    "class_name": "warrior",
                    "performance": 39.96173223408626
                },
                "mean": 35.35643116706986,
                "generation": 34,
                "diversity": 28.01691888955607
            },
            {
                "best": {
                    "class_name": "warrior",
                    "performance": 39.92199576887936
                },
                "mean": 35.25960442414284,
                "generation": 35,
                "diversity": 28.07032222306422
            },
            {
                "best": {
                    "class_name": "warrior",
                    "performance": 40.051923512905034
                },
                "mean": 35.8349599018896,
                "generation": 36,
                "diversity": 26.570596476407022
            },
            {
                "best": {
                    "class_name": "warrior",
                    "performance": 40.569203070840395
                },
                "mean": 36.42764572514797,
                "generation": 37,
                "diversity": 22.9925333608648
            },
            {
                "best": {
                    "class_name": "warrior",
                    "performance": 41.14606213184188
                },
                "mean": 36.54735387380914,
                "generation": 38,
                "diversity": 28.180658091577428
            },
            {
                "best": {
                    "class_name": "warrior",
                    "performance": 41.14606213184188
                },
                "mean": 36.76760774037172,
                "generation": 39,
                "diversity": 30.579695172249085
            },
            {
                "best": {
                    "class_name": "warrior",
                    "performance": 41.07790438496148
                },
                "mean": 37.07969094399607,
                "generation": 40,
                "diversity": 31.148846686445314
            },
            {
                "best": {
                    "class_name": "warrior",
                    "performance": 41.08251134601712
                },
                "mean": 36.6163952549629,
                "generation": 41,
                "diversity": 35.51689724474976
            },
            {
                "best": {
                    "class_name": "warrior",
                    "performance": 41.08251134601712
                },
                "mean": 36.91146293980647,
                "generation": 42,
                "diversity": 31.888702974939132
            },
            {
                "best": {
                    "class_name": "warrior",
                    "performance": 40.61823158442627
                },
                "mean": 37.039565104947194,
                "generation": 43,
                "diversity": 33.71785139470061
            },
            {
                "best": {
                    "class_name": "warrior",
                    "performance": 40.519821722825704
                },
                "mean": 36.90392118438264,
                "generation": 44,
                "diversity": 35.3038874362062
            },
            {
                "best": {
                    "class_name": "warrior",
                    "performance": 41.20723242162582
                },
                "mean": 36.848718661265764,
                "generation": 45,
                "diversity": 32.53456806610707
            },
            {
                "best": {
                    "class_name": "warrior",
                    "performance": 40.98780499356872
                },
                "mean": 36.98246225751956,
                "generation": 46,
                "diversity": 39.722925791397444
            },
            {
                "best": {
                    "class_name": "warrior",
                    "performance": 41.19418490836624
                },
                "mean": 37.138910974321654,
                "generation": 47,
                "diversity": 42.60356213093338
            },
            {
                "best": {
                    "class_name": "warrior",
                    "performance": 41.1179156073578
                },
                "mean": 37.19148620113183,
                "generation": 48,
                "diversity": 40.531048000448656
            },
            {
                "best": {
                    "class_name": "warrior",
                    "performance": 41.24061417620454
                },
                "mean": 37.50353946168989,
                "generation": 49,
                "diversity": 41.52734739999456
            },
            {
                "best": {
                    "class_name": "warrior",
                    "performance": 41.22057382781494
                },
                "mean": 37.61083476738134,
                "generation": 50,
                "diversity": 39.27324276647877
            },
            {
                "best": {
                    "class_name": "warrior",
                    "performance": 41.19321588978277
                },
                "mean": 37.24357439912246,
                "generation": 51,
                "diversity": 38.99772173826289
            },
            {
                "best": {
                    "class_name": "warrior",
                    "performance": 41.19321588978277
                },
                "mean": 37.235737243522365,
                "generation": 52,
                "diversity": 40.29870852185582
            },
            {
                "best": {
                    "class_name": "warrior",
                    "performance": 41.136685528056645
                },
                "mean": 37.181487466345885,
                "generation": 53,
                "diversity": 42.350168557014584
            },
            {
                "best": {
                    "class_name": "warrior",
                    "performance": 41.129610249367225
                },
                "mean": 37.65643289811485,
                "generation": 54,
                "diversity": 39.32455222704564
            },
            {
                "best": {
                    "class_name": "warrior",
                    "performance": 41.16036518228359
                },
                "mean": 37.63433442591929,
                "generation": 55,
                "diversity": 39.64849697572221
            },
            {
                "best": {
                    "class_name": "warrior",
                    "performance": 41.11121318815023
                },
                "mean": 37.75434757868392,
                "generation": 56,
                "diversity": 39.94519527984979
            },
            {
                "best": {
                    "class_name": "warrior",
                    "performance": 41.22136493157615
                },
                "mean": 37.69784752311417,
                "generation": 57,
                "diversity": 38.09135482809276
            },
            {
                "best": {
                    "class_name": "warrior",
                    "performance": 41.09266217746816
                },
                "mean": 37.917375745433645,
                "generation": 58,
                "diversity": 38.54819710547019
            },
            {
                "best": {
                    "class_name": "warrior",
                    "performance": 41.0615576007602
                },
                "mean": 38.18742856017163,
                "generation": 59,
                "diversity": 33.927597449099686
            },
            {
                "best": {
                    "class_name": "warrior",
                    "performance": 41.06947143147016
                },
                "mean": 38.26098460236102,
                "generation": 60,
                "diversity": 28.478938413029137
            },
            {
                "best": {
                    "class_name": "warrior",
                    "performance": 41.12289770178926
                },
                "mean": 38.71791394836827,
                "generation": 61,
                "diversity": 28.854982283304185
            },
            {
                "best": {
                    "class_name": "warrior",
                    "performance": 41.030433389143106
                },
                "mean": 38.69734414447478,
                "generation": 62,
                "diversity": 29.290264840548577
            },
            {
                "best": {
                    "class_name": "warrior",
                    "performance": 40.99978552241662
                },
                "mean": 38.74618777668251,
                "generation": 63,
                "diversity": 28.27757911055095
            },
            {
                "best": {
                    "class_name": "warrior",
                    "performance": 41.21134976213742
                },
                "mean": 38.526824523099904,
                "generation": 64,
                "diversity": 29.243412421239814
            },
            {
                "best": {
                    "class_name": "warrior",
                    "performance": 41.154311391465065
                },
                "mean": 38.683378096619144,
                "generation": 65,
                "diversity": 28.212354664846405
            },
            {
                "best": {
                    "class_name": "warrior",
                    "performance": 41.154311391465065
                },
                "mean": 38.54540700218075,
                "generation": 66,
                "diversity": 27.17077555246944
            },
            {
                "best": {
                    "class_name": "warrior",
                    "performance": 41.17182083858179
                },
                "mean": 38.707697554082266,
                "generation": 67,
                "diversity": 29.90005182173977
            },
            {
                "best": {
                    "class_name": "warrior",
                    "performance": 41.24323983717876
                },
                "mean": 38.6284715307611,
                "generation": 68,
                "diversity": 31.431311793863173
            },
            {
                "best": {
                    "class_name": "warrior",
                    "performance": 41.21748199938627
                },
                "mean": 38.731835615886226,
                "generation": 69,
                "diversity": 32.17371609950838
            }
        ]
    },
    "config": {
        "population_size": 500,
        "population_to_keep": 250,
        "class_name": "warrior",
        "selection_config_a": {
            "selection_type": "elite",
            "population_to_keep": 125,
            "tournament_size": 50,
            "threshold": 0.75,
            "initial_temperature": 30,
            "temperature_decay": 0.6,
            "min_temperature": 5
        },
        "selection_config_b": {
            "selection_type": "roulette",
            "population_to_keep": 125,
            "tournament_size": 50,
            "threshold": 0.75,
            "initial_temperature": 30,
            "temperature_decay": 0.6,
            "min_temperature": 5
        },
        "selection_config_rate": 0.5,
        "crossover_config": {
            "method": "annular"
        },
        "mutation_config": {
            "mutation_type": "multi_gen",
            "mutation_rate": 0.2,
            "delta_mutation": 15
        },
        "replacement_config_a": {
            "type": "traditional",
            "quantity": 125,
            "gen_gap": 0.5
        },
        "replacement_config_b": {
            "type": "young_bias",
            "quantity": 125,
            "gen_gap": 0.5
        },
        "replacement_config_rate": 0.5,
        "end_condition_config": {
            "type": "content",
            "generations_to_check": 20,
            "generations": 500,
            "optimum_value": 61.5,
            "tolerance": 0.1,
            "structure_tolerance": 0.01,
            "structure_relevant_proportion": 0.98
        }
    }
}