{
    "results": {
        "best": {
            "solution": {
                "class_name": "warrior",
                "variables": {
                    "strength": 73.6182212115876,
                    "agility": 76.38177878841242,
                    "expertise": 0.0,
                    "resistance": 0.0,
                    "life": 0.0,
                    "height": 1.93
                },
                "performance": 41.12224510208262
            },
            "generation": 28
        },
        "last_iterations": [
            {
                "best": {
                    "class_name": "warrior",
                    "performance": 30.022764251117785
                },
                "mean": 15.638087713595167,
                "generation": 1,
                "diversity": 247.71993331709442
            },
            {
                "best": {
                    "class_name": "warrior",
                    "performance": 29.17787473397279
                },
                "mean": 15.980394144239508,
                "generation": 2,
                "diversity": 237.35642453753348
            },
            {
                "best": {
                    "class_name": "warrior",
                    "performance": 29.378178218518723
                },
                "mean": 16.80911228003357,
                "generation": 3,
                "diversity": 229.5508747573521
            },
            {
                "best": {
                    "class_name": "warrior",
                    "performance": 29.64830526116458
                },
                "mean": 17.95441911490232,
                "generation": 4,
                "diversity": 199.04281744536536
            },
            {
                "best": {
                    "class_name": "warrior",
                    "performance": 29.64830526116458
                },
                "mean": 18.665370987289744,
                "generation": 5,
                "diversity": 182.54612797691584
            },
            {
                "best": {
                    "class_name": "warrior",
                    "performance": 29.64830526116458
                },
                "mean": 19.67802427262413,
                "generation": 6,
                "diversity": 157.43333932218772
            },
            {
                "best": {
                    "class_name": "warrior",
                    "performance": 33.16920447128157
                },
                "mean": 20.426075691436896,
                "generation": 7,
                "diversity": 137.2238693122308
            },
            {
                "best": {
                    "class_name": "warrior",
                    "performance": 33.16920447128157
                },
                "mean": 20.931930940841802,
                "generation": 8,
                "diversity": 118.90593668637906
            },
            {
                "best": {
                    "class_name": "warrior",
                    "performance": 33.427153766244
                },
                "mean": 21.66941195578839,
                "generation": 9,
                "diversity": 119.20293331629193
            },
            {
                "best": {
                    "class_name": "warrior",
                    "performance": 32.58707571800148
                },
                "mean": 22.53391000164112,
                "generation": 10,
                "diversity": 103.4993584481835
            },
            {
                "best": {
                    "class_name": "warrior",
                    "performance": 35.55425980131276
                },
                "mean": 23.421438177011446,
                "generation": 11,
                "diversity": 108.22139080767845
            },
            {
                "best": {
                    "class_name": "warrior",
                    "performance": 35.55425980131276
                },
                "mean": 24.001657725219655,
                "generation": 12,
                "diversity": 108.13054341834207
            },
            {
                "best": {
                    "class_name": "warrior",
                    "performance": 35.55425980131276
                },
                "mean": 24.54632017838417,
                "generation": 13,
                "diversity": 115.42699315818145
            },
            {
                "best": {
                    "class_name": "warrior",
                    "performance": 35.961278275450304
                },
                "mean": 25.281321034266412,
                "generation": 14,
                "diversity": 115.48125046598575
            },
            {
                "best": {
                    "class_name": "warrior",
                    "performance": 39.520923956743
                },
                "mean": 25.949079181520776,
                "generation": 15,
                "diversity": 111.26977562115303
            },
            {
                "best": {
                    "class_name": "warrior",
                    "performance": 39.520923956743
                },
                "mean": 26.94342509416549,
                "generation": 16,
                "diversity": 118.49535862010958
            },
            {
                "best": {
                    "class_name": "warrior",
                    "performance": 40.583981919264914
                },
                "mean": 28.089500742187013,
                "generation": 17,
                "diversity": 127.36992657337589
            },
            {
                "best": {
                    "class_name": "warrior",
                    "performance": 39.35023937569157
                },
                "mean": 29.409685538615527,
                "generation": 18,
                "diversity": 114.81445358340524
            },
            {
                "best": {
                    "class_name": "warrior",
                    "performance": 40.22456426070689
                },
                "mean": 30.636400337247892,
                "generation": 19,
                "diversity": 99.47674106163835
            },
            {
                "best": {
                    "class_name": "warrior",
                    "performance": 40.139623422589686
                },
                "mean": 31.56153008417847,
                "generation": 20,
                "diversity": 91.5483632125587
            },
            {
                "best": {
                    "class_name": "warrior",
                    "performance": 40.19151198957858
                },
                "mean": 32.53813148507862,
                "generation": 21,
                "diversity": 90.58714874948198
            },
            {
                "best": {
                    "class_name": "warrior",
                    "performance": 40.54833888492658
                },
                "mean": 33.683047436257056,
                "generation": 22,
                "diversity": 85.95135651806936
            },
            {
                "best": {
                    "class_name": "warrior",
                    "performance": 39.71199091617243
                },
                "mean": 34.42397593061361,
                "generation": 23,
                "diversity": 74.39415168293189
            },
            {
                "best": {
                    "class_name": "warrior",
                    "performance": 40.7289008606508
                },
                "mean": 34.87863913394063,
                "generation": 24,
                "diversity": 63.96628735081014
            },
            {
                "best": {
                    "class_name": "warrior",
                    "performance": 40.80842211936206
                },
                "mean": 35.278858894565275,
                "generation": 25,
                "diversity": 54.65812115887014
            },
            {
                "best": {
                    "class_name": "warrior",
                    "performance": 40.80842211936206
                },
                "mean": 35.77860524762879,
                "generation": 26,
                "diversity": 53.68601702078533
            },
            {
                "best": {
                    "class_name": "warrior",
                    "performance": 40.589644542713074
                },
                "mean": 36.15358722587948,
                "generation": 27,
                "diversity": 53.84957087707702
            },
            {
                "best": {
                    "class_name": "warrior",
                    "performance": 41.12224510208262
                },
                "mean": 36.57848020802199,
                "generation": 28,
                "diversity": 46.46698420140847
            },
            {
                "best": {
                    "class_name": "warrior",
                    "performance": 40.625580252247794
                },
                "mean": 36.76623858223931,
                "generation": 29,
                "diversity": 41.977390337037654
            },
            {
                "best": {
                    "class_name": "warrior",
                    "performance": 40.70641579434166
                },
                "mean": 36.49020201107308,
                "generation": 30,
                "diversity": 39.956857376355195
            },
            {
                "best": {
                    "class_name": "warrior",
                    "performance": 40.65620195524936
                },
                "mean": 36.247730793917114,
                "generation": 31,
                "diversity": 39.19986740760043
            },
            {
                "best": {
                    "class_name": "warrior",
                    "performance": 40.93530890362394
                },
                "mean": 36.7065473651295,
                "generation": 32,
                "diversity": 32.949028176092355
            },
            {
                "best": {
                    "class_name": "warrior",
                    "performance": 40.93881899745785
                },
                "mean": 36.644269685649824,
                "generation": 33,
                "diversity": 31.748682841833737
            },
            {
                "best": {
                    "class_name": "warrior",
                    "performance": 41.03570490530689
                },
                "mean": 36.567770754238396,
                "generation": 34,
                "diversity": 32.36579638388996
            },
            {
                "best": {
                    "class_name": "warrior",
                    "performance": 40.96824825824551
                },
                "mean": 36.84981708361735,
                "generation": 35,
                "diversity": 29.492012363076018
            },
            {
                "best": {
                    "class_name": "warrior",
                    "performance": 40.96824825824551
                },
                "mean": 37.20477073145256,
                "generation": 36,
                "diversity": 24.962188775674964
            },
            {
                "best": {
                    "class_name": "warrior",
                    "performance": 40.85045277779793
                },
                "mean": 37.26033487433562,
                "generation": 37,
                "diversity": 24.174608075889427
            },
            {
                "best": {
                    "class_name": "warrior",
                    "performance": 41.02812361063193
                },
                "mean": 36.98477250939681,
                "generation": 38,
                "diversity": 28.122597700344915
            },
            {
                "best": {
                    "class_name": "warrior",
                    "performance": 40.950047524313966
                },
                "mean": 37.28962660383734,
                "generation": 39,
                "diversity": 28.24395802704419
            },
            {
                "best": {
                    "class_name": "warrior",
                    "performance": 40.950047524313966
                },
                "mean": 37.53346103522323,
                "generation": 40,
                "diversity": 25.31900221458022
            },
            {
                "best": {
                    "class_name": "warrior",
                    "performance": 41.053259142287324
                },
                "mean": 37.49273215107068,
                "generation": 41,
                "diversity": 20.064373108348423
            },
            {
                "best": {
                    "class_name": "warrior",
                    "performance": 41.053259142287324
                },
                "mean": 37.5714454313585,
                "generation": 42,
                "diversity": 21.163363709755995
            },
            {
                "best": {
                    "class_name": "warrior",
                    "performance": 41.029493926647675
                },
                "mean": 37.64975857969748,
                "generation": 43,
                "diversity": 21.99636662203626
            },
            {
                "best": {
                    "class_name": "warrior",
                    "performance": 41.08680642707886
                },
                "mean": 37.76195098231528,
                "generation": 44,
                "diversity": 21.916099467305397
            },
            {
                "best": {
                    "class_name": "warrior",
                    "performance": 41.07817277065898
                },
                "mean": 37.853423248645235,
                "generation": 45,
                "diversity": 24.744769202052435
            },
            {
                "best": {
                    "class_name": "warrior",
                    "performance": 41.07817277065898
                },
                "mean": 37.86681509093314,
                "generation": 46,
                "diversity": 26.991323881123538
            },
            {
                "best": {
                    "class_name": "warrior",
                    "performance": 41.10338334675004
                },
                "mean": 37.8968485651367,
                "generation": 47,
                "diversity": 25.608643618626488
            },
            {
                "best": {
                    "class_name": "warrior",
                    "performance": 41.10338334675004
                },
                "mean": 37.97483022661666,
                "generation": 48,
                "diversity": 25.480896073923162
            }
        ]
    },
    "config": {
        "population_size": 500,
        "population_to_keep": 250,
        "class_name": "warrior",
        "selection_config_a": {
            "selection_type": "elite",
            "population_to_keep": 125,
            "tournament_size": 50,
            "threshold": 0.75,
            "initial_temperature": 30,
            "temperature_decay": 0.6,
            "min_temperature": 5
        },
        "selection_config_b": {
            "selection_type": "roulette",
            "population_to_keep": 125,
            "tournament_size": 50,
            "threshold": 0.75,
            "initial_temperature": 30,
            "temperature_decay": 0.6,
            "min_temperature": 5
        },
        "selection_config_rate": 0.5,
        "crossover_config": {
            "method": "annular"
        },
        "mutation_config": {
            "mutation_type": "multi_gen",
            "mutation_rate": 0.2,
            "delta_mutation": 15
        },
        "replacement_config_a": {
            "type": "traditional",
            "quantity": 125,
            "gen_gap": 0.5
        },
        "replacement_config_b": {
            "type": "young_bias",
            "quantity": 125,
            "gen_gap": 0.5
        },
        "replacement_config_rate": 0.5,
        "end_condition_config": {
            "type": "content",
            "generations_to_check": 20,
            "generations": 500,
            "optimum_value": 61.5,
            "tolerance": 0.1,
            "structure_tolerance": 0.01,
            "structure_relevant_proportion": 0.98
        }
    }
}