{
    "results": {
        "best": {
            "solution": {
                "class_name": "warrior",
                "variables": {
                    "strength": 74.72330160967562,
                    "agility": 75.2766983903244,
                    "expertise": 0.0,
                    "resistance": 0.0,
                    "life": 0.0,
                    "height": 1.92
                },
                "performance": 41.24388489388461
            },
            "generation": 38
        },
        "last_iterations": [
            {
                "best": {
                    "class_name": "warrior",
                    "performance": 33.53053161015428
                },
                "mean": 15.653339755871151,
                "generation": 1,
                "diversity": 255.31799315012958
            },
            {
                "best": {
                    "class_name": "warrior",
                    "performance": 33.53053161015428
                },
                "mean": 16.616495406285573,
                "generation": 2,
                "diversity": 221.85510093242513
            },
            {
                "best": {
                    "class_name": "warrior",
                    "performance": 34.52679599980371
                },
                "mean": 17.94474928704671,
                "generation": 3,
                "diversity": 219.15325578014847
            },
            {
                "best": {
                    "class_name": "warrior",
                    "performance": 33.6411177035266
                },
                "mean": 19.684063130154975,
                "generation": 4,
                "diversity": 187.9321777673557
            },
            {
                "best": {
                    "class_name": "warrior",
                    "performance": 35.823958625025845
                },
                "mean": 20.048475905382343,
                "generation": 5,
                "diversity": 182.4697688043315
            },
            {
                "best": {
                    "class_name": "warrior",
                    "performance": 35.823958625025845
                },
                "mean": 20.764872728041475,
                "generation": 6,
                "diversity": 184.40561200817024
            },
            {
                "best": {
                    "class_name": "warrior",
                    "performance": 31.645385079498663
                },
                "mean": 21.371040772217114,
                "generation": 7,
                "diversity": 159.7304812567604
            },
            {
                "best": {
                    "class_name": "warrior",
                    "performance": 33.72998763592404
                },
                "mean": 22.463782694567062,
                "generation": 8,
                "diversity": 130.54180048995661
            },
            {
                "best": {
                    "class_name": "warrior",
                    "performance": 36.969000667769606
                },
                "mean": 23.92413577648189,
                "generation": 9,
                "diversity": 107.92032480719494
            },
            {
                "best": {
                    "class_name": "warrior",
                    "performance": 37.83587087808749
                },
                "mean": 25.311080581746555,
                "generation": 10,
                "diversity": 108.3493806603601
            },
            {
                "best": {
                    "class_name": "warrior",
                    "performance": 37.717894320943635
                },
                "mean": 26.029687084878315,
                "generation": 11,
                "diversity": 95.89725388493797
            },
            {
                "best": {
                    "class_name": "warrior",
                    "performance": 38.335905023429746
                },
                "mean": 26.586552769022397,
                "generation": 12,
                "diversity": 88.53660251998303
            },
            {
                "best": {
                    "class_name": "warrior",
                    "performance": 37.671564209984346
                },
                "mean": 27.541333807127717,
                "generation": 13,
                "diversity": 81.56245648012005
            },
            {
                "best": {
                    "class_name": "warrior",
                    "performance": 37.92972450998459
                },
                "mean": 28.3296373505917,
                "generation": 14,
                "diversity": 79.36611728753697
            },
            {
                "best": {
                    "class_name": "warrior",
                    "performance": 40.79034684510094
                },
                "mean": 29.406782506944293,
                "generation": 15,
                "diversity": 71.6032756277901
            },
            {
                "best": {
                    "class_name": "warrior",
                    "performance": 40.04265355686467
                },
                "mean": 30.372279418093267,
                "generation": 16,
                "diversity": 70.38988447440532
            },
            {
                "best": {
                    "class_name": "warrior",
                    "performance": 40.04265355686467
                },
                "mean": 30.41695958246472,
                "generation": 17,
                "diversity": 68.48314678196074
            },
            {
                "best": {
                    "class_name": "warrior",
                    "performance": 40.04265355686467
                },
                "mean": 31.20488211785414,
                "generation": 18,
                "diversity": 61.46188614598585
            },
            {
                "best": {
                    "class_name": "warrior",
                    "performance": 39.649501141167086
                },
                "mean": 31.925130345481715,
                "generation": 19,
                "diversity": 61.67526538434572
            },
            {
                "best": {
                    "class_name": "warrior",
                    "performance": 40.37514710567521
                },
                "mean": 32.56027842305287,
                "generation": 20,
                "diversity": 58.52491343745121
            },
            {
                "best": {
                    "class_name": "warrior",
                    "performance": 40.40180478475825
                },
                "mean": 33.136098626223806,
                "generation": 21,
                "diversity": 56.612615652251854
            },
            {
                "best": {
                    "class_name": "warrior",
                    "performance": 40.40180478475825
                },
                "mean": 33.35949473527347,
                "generation": 22,
                "diversity": 55.658883030001554
            },
            {
                "best": {
                    "class_name": "warrior",
                    "performance": 40.67638077464884
                },
                "mean": 33.36499286682863,
                "generation": 23,
                "diversity": 58.207637045836584
            },
            {
                "best": {
                    "class_name": "warrior",
                    "performance": 40.56073669554251
                },
                "mean": 33.78251723448157,
                "generation": 24,
                "diversity": 54.032698132844025
            },
            {
                "best": {
                    "class_name": "warrior",
                    "performance": 41.01283923224644
                },
                "mean": 34.59166093669424,
                "generation": 25,
                "diversity": 53.91689071679383
            },
            {
                "best": {
                    "class_name": "warrior",
                    "performance": 40.47055221115678
                },
                "mean": 35.02143988241935,
                "generation": 26,
                "diversity": 53.68716938872598
            },
            {
                "best": {
                    "class_name": "warrior",
                    "performance": 40.87202058440488
                },
                "mean": 35.42041259760989,
                "generation": 27,
                "diversity": 48.485443834587606
            },
            {
                "best": {
                    "class_name": "warrior",
                    "performance": 40.78424012101607
                },
                "mean": 35.493053945469974,
                "generation": 28,
                "diversity": 44.595822945348544
            },
            {
                "best": {
                    "class_name": "warrior",
                    "performance": 41.21373073624835
                },
                "mean": 35.56340262263153,
                "generation": 29,
                "diversity": 40.15036022677393
            },
            {
                "best": {
                    "class_name": "warrior",
                    "performance": 41.21373073624835
                },
                "mean": 35.678768743011865,
                "generation": 30,
                "diversity": 41.23552305072105
            },
            {
                "best": {
                    "class_name": "warrior",
                    "performance": 41.21373073624835
                },
                "mean": 36.366253631370725,
                "generation": 31,
                "diversity": 37.10937465235967
            },
            {
                "best": {
                    "class_name": "warrior",
                    "performance": 41.21373073624835
                },
                "mean": 36.42256644316716,
                "generation": 32,
                "diversity": 34.955214005658185
            },
            {
                "best": {
                    "class_name": "warrior",
                    "performance": 41.21373073624835
                },
                "mean": 36.566227267819094,
                "generation": 33,
                "diversity": 30.41492381992561
            },
            {
                "best": {
                    "class_name": "warrior",
                    "performance": 41.21373073624835
                },
                "mean": 36.9920996815643,
                "generation": 34,
                "diversity": 33.05858243091752
            },
            {
                "best": {
                    "class_name": "warrior",
                    "performance": 41.21373073624835
                },
                "mean": 37.066275840600774,
                "generation": 35,
                "diversity": 32.631796904537254
            },
            {
                "best": {
                    "class_name": "warrior",
                    "performance": 41.21373073624835
                },
                "mean": 37.429404905979986,
                "generation": 36,
                "diversity": 30.445538200345126
            },
            {
                "best": {
                    "class_name": "warrior",
                    "performance": 41.21373073624835
                },
                "mean": 37.44635251199323,
                "generation": 37,
                "diversity": 31.101945119678565
            },
            {
                "best": {
                    "class_name": "warrior",
                    "performance": 41.24388489388461
                },
                "mean": 37.399673112959945,
                "generation": 38,
                "diversity": 29.69174804208632
            },
            {
                "best": {
                    "class_name": "warrior",
                    "performance": 41.24056110666928
                },
                "mean": 37.3071804827771,
                "generation": 39,
                "diversity": 28.87269632061908
            },
            {
                "best": {
                    "class_name": "warrior",
                    "performance": 41.10133096142643
                },
                "mean": 37.49700727041932,
                "generation": 40,
                "diversity": 28.970410019949213
            },
            {
                "best": {
                    "class_name": "warrior",
                    "performance": 41.10133096142643
                },
                "mean": 37.53581581877898,
                "generation": 41,
                "diversity": 30.96210832253077
            },
            {
                "best": {
                    "class_name": "warrior",
                    "performance": 40.97720943580489
                },
                "mean": 37.705554573593176,
                "generation": 42,
                "diversity": 29.47221893095849
            },
            {
                "best": {
                    "class_name": "warrior",
                    "performance": 41.22016952379062
                },
                "mean": 37.64970353836347,
                "generation": 43,
                "diversity": 28.74110963968717
            },
            {
                "best": {
                    "class_name": "warrior",
                    "performance": 41.19949898324148
                },
                "mean": 37.6649493068558,
                "generation": 44,
                "diversity": 30.920485836751016
            },
            {
                "best": {
                    "class_name": "warrior",
                    "performance": 41.19949898324148
                },
                "mean": 37.86216592550884,
                "generation": 45,
                "diversity": 29.288244383506235
            },
            {
                "best": {
                    "class_name": "warrior",
                    "performance": 41.22073970480581
                },
                "mean": 38.009576873015135,
                "generation": 46,
                "diversity": 27.233784937712212
            },
            {
                "best": {
                    "class_name": "warrior",
                    "performance": 41.19949898324148
                },
                "mean": 38.11626919929532,
                "generation": 47,
                "diversity": 30.002389220572326
            },
            {
                "best": {
                    "class_name": "warrior",
                    "performance": 41.2009654565193
                },
                "mean": 38.15205194536014,
                "generation": 48,
                "diversity": 29.287639455646325
            },
            {
                "best": {
                    "class_name": "warrior",
                    "performance": 41.186387023453086
                },
                "mean": 38.07305440063613,
                "generation": 49,
                "diversity": 28.87263000505479
            },
            {
                "best": {
                    "class_name": "warrior",
                    "performance": 41.199498983241476
                },
                "mean": 38.15018201834301,
                "generation": 50,
                "diversity": 26.573902032910524
            },
            {
                "best": {
                    "class_name": "warrior",
                    "performance": 41.14153643723332
                },
                "mean": 38.08405097328943,
                "generation": 51,
                "diversity": 26.544468051847137
            },
            {
                "best": {
                    "class_name": "warrior",
                    "performance": 41.14153643723332
                },
                "mean": 38.22418799547816,
                "generation": 52,
                "diversity": 23.018797649564593
            },
            {
                "best": {
                    "class_name": "warrior",
                    "performance": 41.11613892780483
                },
                "mean": 38.11242611713984,
                "generation": 53,
                "diversity": 24.640721137983817
            },
            {
                "best": {
                    "class_name": "warrior",
                    "performance": 41.14646046149683
                },
                "mean": 37.986057446858815,
                "generation": 54,
                "diversity": 23.06673731524184
            },
            {
                "best": {
                    "class_name": "warrior",
                    "performance": 41.24226104501869
                },
                "mean": 38.2203137222495,
                "generation": 55,
                "diversity": 18.94572333408246
            },
            {
                "best": {
                    "class_name": "warrior",
                    "performance": 41.24226104501869
                },
                "mean": 38.17307822392424,
                "generation": 56,
                "diversity": 18.627623470919556
            },
            {
                "best": {
                    "class_name": "warrior",
                    "performance": 41.197242829803784
                },
                "mean": 38.336291918175306,
                "generation": 57,
                "diversity": 18.05700388999082
            },
            {
                "best": {
                    "class_name": "warrior",
                    "performance": 41.24190455335531
                },
                "mean": 37.951513275199595,
                "generation": 58,
                "diversity": 19.426220439163885
            }
        ]
    },
    "config": {
        "population_size": 500,
        "population_to_keep": 250,
        "class_name": "warrior",
        "selection_config_a": {
            "selection_type": "elite",
            "population_to_keep": 125,
            "tournament_size": 50,
            "threshold": 0.75,
            "initial_temperature": 30,
            "temperature_decay": 0.6,
            "min_temperature": 5
        },
        "selection_config_b": {
            "selection_type": "roulette",
            "population_to_keep": 125,
            "tournament_size": 50,
            "threshold": 0.75,
            "initial_temperature": 30,
            "temperature_decay": 0.6,
            "min_temperature": 5
        },
        "selection_config_rate": 0.5,
        "crossover_config": {
            "method": "two_point"
        },
        "mutation_config": {
            "mutation_type": "multi_gen",
            "mutation_rate": 0.2,
            "delta_mutation": 15
        },
        "replacement_config_a": {
            "type": "traditional",
            "quantity": 125,
            "gen_gap": 0.5
        },
        "replacement_config_b": {
            "type": "young_bias",
            "quantity": 125,
            "gen_gap": 0.5
        },
        "replacement_config_rate": 0.5,
        "end_condition_config": {
            "type": "content",
            "generations_to_check": 20,
            "generations": 500,
            "optimum_value": 61.5,
            "tolerance": 0.1,
            "structure_tolerance": 0.01,
            "structure_relevant_proportion": 0.98
        }
    }
}