{
    "results": {
        "best": {
            "solution": {
                "class_name": "warrior",
                "variables": {
                    "strength": 74.80307658774325,
                    "agility": 74.92857385901948,
                    "expertise": 0.26834955323726106,
                    "resistance": 0.0,
                    "life": 0.0,
                    "height": 1.9200000000000002
                },
                "performance": 41.24488460402083
            },
            "generation": 55
        },
        "last_iterations": [
            {
                "best": {
                    "class_name": "warrior",
                    "performance": 28.93577333485983
                },
                "mean": 16.38826511852716,
                "generation": 1,
                "diversity": 251.0797703060049
            },
            {
                "best": {
                    "class_name": "warrior",
                    "performance": 29.15464604220248
                },
                "mean": 16.970765069670882,
                "generation": 2,
                "diversity": 243.72508778193273
            },
            {
                "best": {
                    "class_name": "warrior",
                    "performance": 27.482251187348428
                },
                "mean": 17.57067163555943,
                "generation": 3,
                "diversity": 232.94245584322175
            },
            {
                "best": {
                    "class_name": "warrior",
                    "performance": 29.70844467974148
                },
                "mean": 18.417579489894337,
                "generation": 4,
                "diversity": 192.97740601421094
            },
            {
                "best": {
                    "class_name": "warrior",
                    "performance": 30.09970225530595
                },
                "mean": 20.165276641122592,
                "generation": 5,
                "diversity": 180.26044054765634
            },
            {
                "best": {
                    "class_name": "warrior",
                    "performance": 30.295704538956233
                },
                "mean": 20.421107311732534,
                "generation": 6,
                "diversity": 157.6170809066023
            },
            {
                "best": {
                    "class_name": "warrior",
                    "performance": 31.43310794644775
                },
                "mean": 21.263765589143407,
                "generation": 7,
                "diversity": 152.50183418402207
            },
            {
                "best": {
                    "class_name": "warrior",
                    "performance": 32.73504399300219
                },
                "mean": 21.927223408986187,
                "generation": 8,
                "diversity": 142.40648412100867
            },
            {
                "best": {
                    "class_name": "warrior",
                    "performance": 33.511601383520706
                },
                "mean": 23.079722863899075,
                "generation": 9,
                "diversity": 114.34509919922004
            },
            {
                "best": {
                    "class_name": "warrior",
                    "performance": 36.726048483799076
                },
                "mean": 24.34944689978255,
                "generation": 10,
                "diversity": 99.3460327005419
            },
            {
                "best": {
                    "class_name": "warrior",
                    "performance": 37.75242249192967
                },
                "mean": 25.218050812648794,
                "generation": 11,
                "diversity": 88.1530268582785
            },
            {
                "best": {
                    "class_name": "warrior",
                    "performance": 37.49217769916199
                },
                "mean": 25.842471556321268,
                "generation": 12,
                "diversity": 85.25595463421469
            },
            {
                "best": {
                    "class_name": "warrior",
                    "performance": 35.21248374162661
                },
                "mean": 26.401517843455505,
                "generation": 13,
                "diversity": 90.4541814732209
            },
            {
                "best": {
                    "class_name": "warrior",
                    "performance": 34.93438265864157
                },
                "mean": 26.81250054824426,
                "generation": 14,
                "diversity": 88.37385566108763
            },
            {
                "best": {
                    "class_name": "warrior",
                    "performance": 35.45367777572898
                },
                "mean": 27.36787633580742,
                "generation": 15,
                "diversity": 89.98776464242401
            },
            {
                "best": {
                    "class_name": "warrior",
                    "performance": 36.43475346095811
                },
                "mean": 27.94529883524264,
                "generation": 16,
                "diversity": 82.19320314702266
            },
            {
                "best": {
                    "class_name": "warrior",
                    "performance": 39.574541323830516
                },
                "mean": 28.981401840943647,
                "generation": 17,
                "diversity": 83.38505613625925
            },
            {
                "best": {
                    "class_name": "warrior",
                    "performance": 39.574541323830516
                },
                "mean": 30.164641613196896,
                "generation": 18,
                "diversity": 80.70852266380885
            },
            {
                "best": {
                    "class_name": "warrior",
                    "performance": 40.61942105505604
                },
                "mean": 30.820628876435368,
                "generation": 19,
                "diversity": 82.91903871837445
            },
            {
                "best": {
                    "class_name": "warrior",
                    "performance": 39.41014351430622
                },
                "mean": 31.43425753943913,
                "generation": 20,
                "diversity": 72.30447349034249
            },
            {
                "best": {
                    "class_name": "warrior",
                    "performance": 39.353026533570734
                },
                "mean": 31.644430317693185,
                "generation": 21,
                "diversity": 77.326961941052
            },
            {
                "best": {
                    "class_name": "warrior",
                    "performance": 41.07628708507234
                },
                "mean": 32.415193544416965,
                "generation": 22,
                "diversity": 70.39535099650651
            },
            {
                "best": {
                    "class_name": "warrior",
                    "performance": 40.307403343524385
                },
                "mean": 33.508998166344654,
                "generation": 23,
                "diversity": 67.82295268451507
            },
            {
                "best": {
                    "class_name": "warrior",
                    "performance": 40.91716151909368
                },
                "mean": 34.244053577004024,
                "generation": 24,
                "diversity": 60.315546918733766
            },
            {
                "best": {
                    "class_name": "warrior",
                    "performance": 41.083557127321576
                },
                "mean": 34.850770613644066,
                "generation": 25,
                "diversity": 64.17779658361118
            },
            {
                "best": {
                    "class_name": "warrior",
                    "performance": 40.91716151909368
                },
                "mean": 35.19523995251233,
                "generation": 26,
                "diversity": 71.24647429451517
            },
            {
                "best": {
                    "class_name": "warrior",
                    "performance": 40.053690479823544
                },
                "mean": 35.07476409776302,
                "generation": 27,
                "diversity": 66.78485912325787
            },
            {
                "best": {
                    "class_name": "warrior",
                    "performance": 40.487065777191276
                },
                "mean": 35.434902749579926,
                "generation": 28,
                "diversity": 63.36596982580709
            },
            {
                "best": {
                    "class_name": "warrior",
                    "performance": 40.85101631514122
                },
                "mean": 35.16577705708881,
                "generation": 29,
                "diversity": 60.13467724324348
            },
            {
                "best": {
                    "class_name": "warrior",
                    "performance": 41.19104417679679
                },
                "mean": 35.50285453744175,
                "generation": 30,
                "diversity": 51.59626727372096
            },
            {
                "best": {
                    "class_name": "warrior",
                    "performance": 40.41357493248902
                },
                "mean": 35.60801821855204,
                "generation": 31,
                "diversity": 44.96817920589749
            },
            {
                "best": {
                    "class_name": "warrior",
                    "performance": 40.88512913086047
                },
                "mean": 35.7525646957502,
                "generation": 32,
                "diversity": 42.58921746230066
            },
            {
                "best": {
                    "class_name": "warrior",
                    "performance": 40.2754945101931
                },
                "mean": 35.556728515459,
                "generation": 33,
                "diversity": 40.1971370679751
            },
            {
                "best": {
                    "class_name": "warrior",
                    "performance": 41.10816337322807
                },
                "mean": 36.212733327494824,
                "generation": 34,
                "diversity": 30.298945225368552
            },
            {
                "best": {
                    "class_name": "warrior",
                    "performance": 41.06508758296407
                },
                "mean": 36.723870972419085,
                "generation": 35,
                "diversity": 30.54359301034151
            },
            {
                "best": {
                    "class_name": "warrior",
                    "performance": 41.06508758296407
                },
                "mean": 36.69136297227844,
                "generation": 36,
                "diversity": 34.01532587909653
            },
            {
                "best": {
                    "class_name": "warrior",
                    "performance": 40.957692319324075
                },
                "mean": 37.00505815595921,
                "generation": 37,
                "diversity": 37.21313585856853
            },
            {
                "best": {
                    "class_name": "warrior",
                    "performance": 40.6235115995326
                },
                "mean": 37.06291309559028,
                "generation": 38,
                "diversity": 39.425459280117245
            },
            {
                "best": {
                    "class_name": "warrior",
                    "performance": 40.80877588020447
                },
                "mean": 36.92211664117254,
                "generation": 39,
                "diversity": 35.34528765187643
            },
            {
                "best": {
                    "class_name": "warrior",
                    "performance": 40.97493002601073
                },
                "mean": 37.27122280232406,
                "generation": 40,
                "diversity": 31.358859529701487
            },
            {
                "best": {
                    "class_name": "warrior",
                    "performance": 40.97493002601073
                },
                "mean": 37.61427095196548,
                "generation": 41,
                "diversity": 33.39705588954571
            },
            {
                "best": {
                    "class_name": "warrior",
                    "performance": 40.96428152890241
                },
                "mean": 37.59158035000303,
                "generation": 42,
                "diversity": 34.184163740855574
            },
            {
                "best": {
                    "class_name": "warrior",
                    "performance": 41.124576894414574
                },
                "mean": 37.67584036933461,
                "generation": 43,
                "diversity": 33.07153091136312
            },
            {
                "best": {
                    "class_name": "warrior",
                    "performance": 41.145808280633176
                },
                "mean": 37.77239807293396,
                "generation": 44,
                "diversity": 29.535918152272085
            },
            {
                "best": {
                    "class_name": "warrior",
                    "performance": 41.145808280633176
                },
                "mean": 37.73202822886964,
                "generation": 45,
                "diversity": 34.4063622599664
            },
            {
                "best": {
                    "class_name": "warrior",
                    "performance": 41.145808280633176
                },
                "mean": 37.4429992400861,
                "generation": 46,
                "diversity": 35.62954916863748
            },
            {
                "best": {
                    "class_name": "warrior",
                    "performance": 41.17387018925704
                },
                "mean": 37.65188909811101,
                "generation": 47,
                "diversity": 33.05290029867809
            },
            {
                "best": {
                    "class_name": "warrior",
                    "performance": 41.241852971840025
                },
                "mean": 37.76741360136456,
                "generation": 48,
                "diversity": 33.10322686040254
            },
            {
                "best": {
                    "class_name": "warrior",
                    "performance": 41.241852971840025
                },
                "mean": 37.77546632371237,
                "generation": 49,
                "diversity": 36.760006255853654
            },
            {
                "best": {
                    "class_name": "warrior",
                    "performance": 41.091599869588784
                },
                "mean": 38.00162751406047,
                "generation": 50,
                "diversity": 30.317711293347042
            },
            {
                "best": {
                    "class_name": "warrior",
                    "performance": 41.24290502054658
                },
                "mean": 37.886335430394176,
                "generation": 51,
                "diversity": 26.695696702648352
            },
            {
                "best": {
                    "class_name": "warrior",
                    "performance": 41.19710062151355
                },
                "mean": 38.08089231420808,
                "generation": 52,
                "diversity": 27.4738194844266
            },
            {
                "best": {
                    "class_name": "warrior",
                    "performance": 41.19710062151355
                },
                "mean": 37.882384145957666,
                "generation": 53,
                "diversity": 28.14869288197508
            },
            {
                "best": {
                    "class_name": "warrior",
                    "performance": 41.17411689720691
                },
                "mean": 37.90670377758991,
                "generation": 54,
                "diversity": 26.152677125557243
            },
            {
                "best": {
                    "class_name": "warrior",
                    "performance": 41.24488460402083
                },
                "mean": 38.215229216673,
                "generation": 55,
                "diversity": 24.951129005351717
            },
            {
                "best": {
                    "class_name": "warrior",
                    "performance": 41.19376620612437
                },
                "mean": 38.169773810012146,
                "generation": 56,
                "diversity": 21.45702597656833
            },
            {
                "best": {
                    "class_name": "warrior",
                    "performance": 41.13541595534391
                },
                "mean": 38.65280585950945,
                "generation": 57,
                "diversity": 20.869607504160907
            },
            {
                "best": {
                    "class_name": "warrior",
                    "performance": 41.21235143179512
                },
                "mean": 38.39821761234965,
                "generation": 58,
                "diversity": 22.319685118207214
            },
            {
                "best": {
                    "class_name": "warrior",
                    "performance": 41.23410417157176
                },
                "mean": 38.47039949085067,
                "generation": 59,
                "diversity": 21.67739053327502
            },
            {
                "best": {
                    "class_name": "warrior",
                    "performance": 41.24212491974732
                },
                "mean": 38.66269878586186,
                "generation": 60,
                "diversity": 21.96177900149762
            },
            {
                "best": {
                    "class_name": "warrior",
                    "performance": 41.22431327454093
                },
                "mean": 38.418217581059174,
                "generation": 61,
                "diversity": 23.11251111133834
            },
            {
                "best": {
                    "class_name": "warrior",
                    "performance": 41.24171375067471
                },
                "mean": 38.22403621577502,
                "generation": 62,
                "diversity": 23.455145288915556
            },
            {
                "best": {
                    "class_name": "warrior",
                    "performance": 41.23399416561548
                },
                "mean": 38.07052420320597,
                "generation": 63,
                "diversity": 23.921781740632877
            },
            {
                "best": {
                    "class_name": "warrior",
                    "performance": 41.23399416561548
                },
                "mean": 38.17088801263634,
                "generation": 64,
                "diversity": 24.821087544268845
            },
            {
                "best": {
                    "class_name": "warrior",
                    "performance": 41.22610474662832
                },
                "mean": 38.162777918850146,
                "generation": 65,
                "diversity": 27.28411147536255
            },
            {
                "best": {
                    "class_name": "warrior",
                    "performance": 41.20455369246396
                },
                "mean": 38.59135428849737,
                "generation": 66,
                "diversity": 23.860025667775304
            },
            {
                "best": {
                    "class_name": "warrior",
                    "performance": 41.241153036445134
                },
                "mean": 38.60741480565595,
                "generation": 67,
                "diversity": 23.617659295493727
            },
            {
                "best": {
                    "class_name": "warrior",
                    "performance": 41.2436504683537
                },
                "mean": 38.64535329772731,
                "generation": 68,
                "diversity": 21.29946183076788
            }
        ]
    },
    "config": {
        "population_size": 500,
        "population_to_keep": 250,
        "class_name": "warrior",
        "selection_config_a": {
            "selection_type": "elite",
            "population_to_keep": 125,
            "tournament_size": 50,
            "threshold": 0.75,
            "initial_temperature": 30,
            "temperature_decay": 0.6,
            "min_temperature": 5
        },
        "selection_config_b": {
            "selection_type": "roulette",
            "population_to_keep": 125,
            "tournament_size": 50,
            "threshold": 0.75,
            "initial_temperature": 30,
            "temperature_decay": 0.6,
            "min_temperature": 5
        },
        "selection_config_rate": 0.5,
        "crossover_config": {
            "method": "two_point"
        },
        "mutation_config": {
            "mutation_type": "multi_gen",
            "mutation_rate": 0.2,
            "delta_mutation": 15
        },
        "replacement_config_a": {
            "type": "traditional",
            "quantity": 125,
            "gen_gap": 0.5
        },
        "replacement_config_b": {
            "type": "young_bias",
            "quantity": 125,
            "gen_gap": 0.5
        },
        "replacement_config_rate": 0.5,
        "end_condition_config": {
            "type": "content",
            "generations_to_check": 20,
            "generations": 500,
            "optimum_value": 61.5,
            "tolerance": 0.1,
            "structure_tolerance": 0.01,
            "structure_relevant_proportion": 0.98
        }
    }
}