{
    "results": {
        "best": {
            "solution": {
                "class_name": "warrior",
                "variables": {
                    "strength": 75.31420694077879,
                    "agility": 74.68579305922123,
                    "expertise": 0.0,
                    "resistance": 0.0,
                    "life": 0.0,
                    "height": 1.9200000000000002
                },
                "performance": 41.243695170762955
            },
            "generation": 56
        },
        "last_iterations": [
            {
                "best": {
                    "class_name": "warrior",
                    "performance": 27.923327311730375
                },
                "mean": 16.29001968176325,
                "generation": 1,
                "diversity": 218.39933023876145
            },
            {
                "best": {
                    "class_name": "warrior",
                    "performance": 26.89268672347382
                },
                "mean": 16.725340337912424,
                "generation": 2,
                "diversity": 194.65021180461508
            },
            {
                "best": {
                    "class_name": "warrior",
                    "performance": 31.294983246078807
                },
                "mean": 17.271110479155038,
                "generation": 3,
                "diversity": 167.81213502635435
            },
            {
                "best": {
                    "class_name": "warrior",
                    "performance": 29.367551949341767
                },
                "mean": 17.906896020235124,
                "generation": 4,
                "diversity": 149.29799125123273
            },
            {
                "best": {
                    "class_name": "warrior",
                    "performance": 30.025656843180155
                },
                "mean": 18.094178654424386,
                "generation": 5,
                "diversity": 154.5813989294454
            },
            {
                "best": {
                    "class_name": "warrior",
                    "performance": 29.620908732004096
                },
                "mean": 18.43031209880113,
                "generation": 6,
                "diversity": 149.4215304125965
            },
            {
                "best": {
                    "class_name": "warrior",
                    "performance": 30.669672958586563
                },
                "mean": 19.266793567354195,
                "generation": 7,
                "diversity": 115.77790877392191
            },
            {
                "best": {
                    "class_name": "warrior",
                    "performance": 33.09869151126346
                },
                "mean": 19.8099788252387,
                "generation": 8,
                "diversity": 99.45083664331185
            },
            {
                "best": {
                    "class_name": "warrior",
                    "performance": 33.09869151126346
                },
                "mean": 20.310391938003097,
                "generation": 9,
                "diversity": 97.95972229200724
            },
            {
                "best": {
                    "class_name": "warrior",
                    "performance": 30.438934029302736
                },
                "mean": 20.746880386622507,
                "generation": 10,
                "diversity": 87.8914192797027
            },
            {
                "best": {
                    "class_name": "warrior",
                    "performance": 30.42813963094116
                },
                "mean": 21.532747359169075,
                "generation": 11,
                "diversity": 91.2749994957889
            },
            {
                "best": {
                    "class_name": "warrior",
                    "performance": 32.91509384402959
                },
                "mean": 22.005891629737132,
                "generation": 12,
                "diversity": 89.98147544140546
            },
            {
                "best": {
                    "class_name": "warrior",
                    "performance": 35.999913612944454
                },
                "mean": 23.232850245961643,
                "generation": 13,
                "diversity": 90.1825059493596
            },
            {
                "best": {
                    "class_name": "warrior",
                    "performance": 37.154621989034545
                },
                "mean": 23.860766289275087,
                "generation": 14,
                "diversity": 84.55274587602473
            },
            {
                "best": {
                    "class_name": "warrior",
                    "performance": 37.486114366593604
                },
                "mean": 24.653803353442346,
                "generation": 15,
                "diversity": 81.4131951943808
            },
            {
                "best": {
                    "class_name": "warrior",
                    "performance": 37.486114366593604
                },
                "mean": 25.29567242451424,
                "generation": 16,
                "diversity": 75.86808593502731
            },
            {
                "best": {
                    "class_name": "warrior",
                    "performance": 37.02400829941888
                },
                "mean": 26.096786125400357,
                "generation": 17,
                "diversity": 71.63289124799353
            },
            {
                "best": {
                    "class_name": "warrior",
                    "performance": 35.59640835943543
                },
                "mean": 26.717021739449084,
                "generation": 18,
                "diversity": 67.46497250632105
            },
            {
                "best": {
                    "class_name": "warrior",
                    "performance": 36.83727694740627
                },
                "mean": 27.35816273717838,
                "generation": 19,
                "diversity": 63.071920045546136
            },
            {
                "best": {
                    "class_name": "warrior",
                    "performance": 36.83727694740627
                },
                "mean": 27.67669285371266,
                "generation": 20,
                "diversity": 60.44192364269128
            },
            {
                "best": {
                    "class_name": "warrior",
                    "performance": 36.80438810903147
                },
                "mean": 28.54031455817052,
                "generation": 21,
                "diversity": 54.50548288170316
            },
            {
                "best": {
                    "class_name": "warrior",
                    "performance": 39.76629914174107
                },
                "mean": 29.454016447539797,
                "generation": 22,
                "diversity": 51.701005006084166
            },
            {
                "best": {
                    "class_name": "warrior",
                    "performance": 40.04666701722871
                },
                "mean": 30.1208640862396,
                "generation": 23,
                "diversity": 47.69893073496601
            },
            {
                "best": {
                    "class_name": "warrior",
                    "performance": 39.548201414314526
                },
                "mean": 31.213117733575746,
                "generation": 24,
                "diversity": 48.096119930900436
            },
            {
                "best": {
                    "class_name": "warrior",
                    "performance": 38.12028001475917
                },
                "mean": 31.468139818552388,
                "generation": 25,
                "diversity": 49.738907254657356
            },
            {
                "best": {
                    "class_name": "warrior",
                    "performance": 38.26152888974109
                },
                "mean": 31.617933572395266,
                "generation": 26,
                "diversity": 45.29146698714013
            },
            {
                "best": {
                    "class_name": "warrior",
                    "performance": 39.62678287932025
                },
                "mean": 32.33319825610888,
                "generation": 27,
                "diversity": 51.81425620421529
            },
            {
                "best": {
                    "class_name": "warrior",
                    "performance": 39.9936131058574
                },
                "mean": 33.1660964822214,
                "generation": 28,
                "diversity": 49.293810115318784
            },
            {
                "best": {
                    "class_name": "warrior",
                    "performance": 39.88436750739351
                },
                "mean": 33.64032267922237,
                "generation": 29,
                "diversity": 50.92984452929261
            },
            {
                "best": {
                    "class_name": "warrior",
                    "performance": 39.92741377095938
                },
                "mean": 34.19516338738126,
                "generation": 30,
                "diversity": 55.453013229305185
            },
            {
                "best": {
                    "class_name": "warrior",
                    "performance": 41.10708623854976
                },
                "mean": 33.884905201615474,
                "generation": 31,
                "diversity": 49.268304710138274
            },
            {
                "best": {
                    "class_name": "warrior",
                    "performance": 40.23551376132993
                },
                "mean": 34.4097350423679,
                "generation": 32,
                "diversity": 50.23932032954685
            },
            {
                "best": {
                    "class_name": "warrior",
                    "performance": 40.64020414566656
                },
                "mean": 34.70729856978292,
                "generation": 33,
                "diversity": 51.83228656076432
            },
            {
                "best": {
                    "class_name": "warrior",
                    "performance": 40.89804325585512
                },
                "mean": 35.190236969767064,
                "generation": 34,
                "diversity": 52.47301135753071
            },
            {
                "best": {
                    "class_name": "warrior",
                    "performance": 40.89804325585512
                },
                "mean": 35.644651118013996,
                "generation": 35,
                "diversity": 49.5067658604774
            },
            {
                "best": {
                    "class_name": "warrior",
                    "performance": 40.929616085002465
                },
                "mean": 36.318979747860375,
                "generation": 36,
                "diversity": 41.53249912223951
            },
            {
                "best": {
                    "class_name": "warrior",
                    "performance": 40.929616085002465
                },
                "mean": 36.34242423212784,
                "generation": 37,
                "diversity": 46.65473970830567
            },
            {
                "best": {
                    "class_name": "warrior",
                    "performance": 41.08659443371089
                },
                "mean": 36.417264823633786,
                "generation": 38,
                "diversity": 46.386567330006564
            },
            {
                "best": {
                    "class_name": "warrior",
                    "performance": 41.13118139278607
                },
                "mean": 36.50377807289569,
                "generation": 39,
                "diversity": 50.068544635018334
            },
            {
                "best": {
                    "class_name": "warrior",
                    "performance": 41.13118139278607
                },
                "mean": 36.57959110389846,
                "generation": 40,
                "diversity": 52.13029658556042
            },
            {
                "best": {
                    "class_name": "warrior",
                    "performance": 41.1546824090036
                },
                "mean": 36.55875602565981,
                "generation": 41,
                "diversity": 48.195989473656425
            },
            {
                "best": {
                    "class_name": "warrior",
                    "performance": 41.18055171591632
                },
                "mean": 36.842570787999634,
                "generation": 42,
                "diversity": 50.140771994431596
            },
            {
                "best": {
                    "class_name": "warrior",
                    "performance": 41.14515598259666
                },
                "mean": 36.89353509193557,
                "generation": 43,
                "diversity": 56.33957940487542
            },
            {
                "best": {
                    "class_name": "warrior",
                    "performance": 41.213289393559585
                },
                "mean": 37.26876931204056,
                "generation": 44,
                "diversity": 56.23347349458253
            },
            {
                "best": {
                    "class_name": "warrior",
                    "performance": 41.24131474209012
                },
                "mean": 37.38190035744976,
                "generation": 45,
                "diversity": 51.48609697788945
            },
            {
                "best": {
                    "class_name": "warrior",
                    "performance": 41.243604673640455
                },
                "mean": 37.6478567699995,
                "generation": 46,
                "diversity": 44.920721083585676
            },
            {
                "best": {
                    "class_name": "warrior",
                    "performance": 41.243604673640455
                },
                "mean": 37.54140205608262,
                "generation": 47,
                "diversity": 42.40999701421719
            },
            {
                "best": {
                    "class_name": "warrior",
                    "performance": 41.20506310464578
                },
                "mean": 37.76661426581168,
                "generation": 48,
                "diversity": 40.987911517087944
            },
            {
                "best": {
                    "class_name": "warrior",
                    "performance": 41.117075530755976
                },
                "mean": 37.886118515817216,
                "generation": 49,
                "diversity": 40.00513280997917
            },
            {
                "best": {
                    "class_name": "warrior",
                    "performance": 41.13919962887006
                },
                "mean": 37.85547062578567,
                "generation": 50,
                "diversity": 45.27402322578701
            },
            {
                "best": {
                    "class_name": "warrior",
                    "performance": 41.1644832413405
                },
                "mean": 37.938096448835104,
                "generation": 51,
                "diversity": 43.01148538410715
            },
            {
                "best": {
                    "class_name": "warrior",
                    "performance": 41.1644832413405
                },
                "mean": 37.85978172365077,
                "generation": 52,
                "diversity": 37.432344740372066
            },
            {
                "best": {
                    "class_name": "warrior",
                    "performance": 41.184811006635805
                },
                "mean": 38.083811643632956,
                "generation": 53,
                "diversity": 32.81253786047248
            },
            {
                "best": {
                    "class_name": "warrior",
                    "performance": 41.1644832413405
                },
                "mean": 38.261641931136346,
                "generation": 54,
                "diversity": 33.58690426876412
            },
            {
                "best": {
                    "class_name": "warrior",
                    "performance": 41.20616880246308
                },
                "mean": 38.38464334060729,
                "generation": 55,
                "diversity": 33.616078284439205
            },
            {
                "best": {
                    "class_name": "warrior",
                    "performance": 41.243695170762955
                },
                "mean": 38.53711779745913,
                "generation": 56,
                "diversity": 31.231538562459818
            },
            {
                "best": {
                    "class_name": "warrior",
                    "performance": 41.20646066869889
                },
                "mean": 38.411458490543055,
                "generation": 57,
                "diversity": 28.06105582103616
            },
            {
                "best": {
                    "class_name": "warrior",
                    "performance": 41.235177602798096
                },
                "mean": 38.20816020255299,
                "generation": 58,
                "diversity": 28.186345223659373
            },
            {
                "best": {
                    "class_name": "warrior",
                    "performance": 41.238045669651044
                },
                "mean": 38.248085444688485,
                "generation": 59,
                "diversity": 26.13177488003819
            },
            {
                "best": {
                    "class_name": "warrior",
                    "performance": 41.23323017977609
                },
                "mean": 38.27908500065005,
                "generation": 60,
                "diversity": 28.310571988012143
            },
            {
                "best": {
                    "class_name": "warrior",
                    "performance": 41.24022052156711
                },
                "mean": 38.26930999780887,
                "generation": 61,
                "diversity": 28.81041199494214
            },
            {
                "best": {
                    "class_name": "warrior",
                    "performance": 41.24026257669283
                },
                "mean": 38.32831669747439,
                "generation": 62,
                "diversity": 29.015404613909286
            },
            {
                "best": {
                    "class_name": "warrior",
                    "performance": 41.224748013744524
                },
                "mean": 38.17665260403565,
                "generation": 63,
                "diversity": 25.483489116837745
            },
            {
                "best": {
                    "class_name": "warrior",
                    "performance": 41.224748013744524
                },
                "mean": 38.41200723207571,
                "generation": 64,
                "diversity": 24.839584571018992
            },
            {
                "best": {
                    "class_name": "warrior",
                    "performance": 41.23670770080945
                },
                "mean": 38.42902311732884,
                "generation": 65,
                "diversity": 23.38046555676002
            }
        ]
    },
    "config": {
        "population_size": 500,
        "population_to_keep": 250,
        "class_name": "warrior",
        "selection_config_a": {
            "selection_type": "elite",
            "population_to_keep": 125,
            "tournament_size": 50,
            "threshold": 0.75,
            "initial_temperature": 30,
            "temperature_decay": 0.6,
            "min_temperature": 5
        },
        "selection_config_b": {
            "selection_type": "roulette",
            "population_to_keep": 125,
            "tournament_size": 50,
            "threshold": 0.75,
            "initial_temperature": 30,
            "temperature_decay": 0.6,
            "min_temperature": 5
        },
        "selection_config_rate": 0.5,
        "crossover_config": {
            "method": "two_point"
        },
        "mutation_config": {
            "mutation_type": "multi_gen",
            "mutation_rate": 0.2,
            "delta_mutation": 15
        },
        "replacement_config_a": {
            "type": "traditional",
            "quantity": 125,
            "gen_gap": 0.5
        },
        "replacement_config_b": {
            "type": "young_bias",
            "quantity": 125,
            "gen_gap": 0.5
        },
        "replacement_config_rate": 0.5,
        "end_condition_config": {
            "type": "content",
            "generations_to_check": 20,
            "generations": 500,
            "optimum_value": 61.5,
            "tolerance": 0.1,
            "structure_tolerance": 0.01,
            "structure_relevant_proportion": 0.98
        }
    }
}