{
    "results": {
        "best": {
            "solution": {
                "class_name": "warrior",
                "variables": {
                    "strength": 73.89433389455344,
                    "agility": 76.10566610544656,
                    "expertise": 0.0,
                    "resistance": 0.0,
                    "life": 0.0,
                    "height": 1.9100000000000001
                },
                "performance": 41.2326083623008
            },
            "generation": 52
        },
        "last_iterations": [
            {
                "best": {
                    "class_name": "warrior",
                    "performance": 29.955922945585087
                },
                "mean": 16.000712818498055,
                "generation": 1,
                "diversity": 259.32444328664354
            },
            {
                "best": {
                    "class_name": "warrior",
                    "performance": 29.630026078003468
                },
                "mean": 16.9564904797247,
                "generation": 2,
                "diversity": 222.94056732955343
            },
            {
                "best": {
                    "class_name": "warrior",
                    "performance": 28.789332153213472
                },
                "mean": 17.65306632080022,
                "generation": 3,
                "diversity": 208.00480255442153
            },
            {
                "best": {
                    "class_name": "warrior",
                    "performance": 28.789332153213472
                },
                "mean": 18.694375356898526,
                "generation": 4,
                "diversity": 189.9214271118792
            },
            {
                "best": {
                    "class_name": "warrior",
                    "performance": 29.154656170543834
                },
                "mean": 19.546012938547925,
                "generation": 5,
                "diversity": 177.8389095023575
            },
            {
                "best": {
                    "class_name": "warrior",
                    "performance": 33.16585852239957
                },
                "mean": 21.117231260977682,
                "generation": 6,
                "diversity": 145.0923987040632
            },
            {
                "best": {
                    "class_name": "warrior",
                    "performance": 35.48161581086447
                },
                "mean": 21.846481760002476,
                "generation": 7,
                "diversity": 133.96793572188517
            },
            {
                "best": {
                    "class_name": "warrior",
                    "performance": 33.16585852239957
                },
                "mean": 22.77064579409038,
                "generation": 8,
                "diversity": 115.88487302621625
            },
            {
                "best": {
                    "class_name": "warrior",
                    "performance": 33.29141490514775
                },
                "mean": 23.419336225430904,
                "generation": 9,
                "diversity": 94.54128993721154
            },
            {
                "best": {
                    "class_name": "warrior",
                    "performance": 37.82072979154829
                },
                "mean": 24.576612467973806,
                "generation": 10,
                "diversity": 89.38375004192163
            },
            {
                "best": {
                    "class_name": "warrior",
                    "performance": 37.82072979154829
                },
                "mean": 24.864925646485894,
                "generation": 11,
                "diversity": 89.74829998614523
            },
            {
                "best": {
                    "class_name": "warrior",
                    "performance": 37.82072979154829
                },
                "mean": 25.732609567834153,
                "generation": 12,
                "diversity": 79.57487503953236
            },
            {
                "best": {
                    "class_name": "warrior",
                    "performance": 37.82072979154829
                },
                "mean": 26.555357382191985,
                "generation": 13,
                "diversity": 79.49039187528591
            },
            {
                "best": {
                    "class_name": "warrior",
                    "performance": 36.481867386438495
                },
                "mean": 27.672435568245927,
                "generation": 14,
                "diversity": 73.03307057630589
            },
            {
                "best": {
                    "class_name": "warrior",
                    "performance": 36.481867386438495
                },
                "mean": 28.446143417844766,
                "generation": 15,
                "diversity": 70.0734094177799
            },
            {
                "best": {
                    "class_name": "warrior",
                    "performance": 38.80173991666662
                },
                "mean": 29.15534289061093,
                "generation": 16,
                "diversity": 63.22899064454338
            },
            {
                "best": {
                    "class_name": "warrior",
                    "performance": 38.80649899087896
                },
                "mean": 29.530579299672617,
                "generation": 17,
                "diversity": 55.264367579943816
            },
            {
                "best": {
                    "class_name": "warrior",
                    "performance": 38.95571449666522
                },
                "mean": 30.531961329704945,
                "generation": 18,
                "diversity": 47.97859011952418
            },
            {
                "best": {
                    "class_name": "warrior",
                    "performance": 39.49707485515884
                },
                "mean": 31.443613228171554,
                "generation": 19,
                "diversity": 41.59761321788633
            },
            {
                "best": {
                    "class_name": "warrior",
                    "performance": 40.29800711340631
                },
                "mean": 32.05849815891305,
                "generation": 20,
                "diversity": 40.28063280044777
            },
            {
                "best": {
                    "class_name": "warrior",
                    "performance": 38.704406142874554
                },
                "mean": 32.479421710954576,
                "generation": 21,
                "diversity": 40.11741141294957
            },
            {
                "best": {
                    "class_name": "warrior",
                    "performance": 38.8896193179088
                },
                "mean": 33.103410536657954,
                "generation": 22,
                "diversity": 40.09151688767038
            },
            {
                "best": {
                    "class_name": "warrior",
                    "performance": 40.63751721987696
                },
                "mean": 33.50661720534776,
                "generation": 23,
                "diversity": 38.10892909497609
            },
            {
                "best": {
                    "class_name": "warrior",
                    "performance": 39.04685611396158
                },
                "mean": 34.15524670439986,
                "generation": 24,
                "diversity": 32.81864668262913
            },
            {
                "best": {
                    "class_name": "warrior",
                    "performance": 39.94986607942106
                },
                "mean": 34.45949020775464,
                "generation": 25,
                "diversity": 30.48557755750197
            },
            {
                "best": {
                    "class_name": "warrior",
                    "performance": 39.94986607942106
                },
                "mean": 34.59906322440998,
                "generation": 26,
                "diversity": 31.713932033020594
            },
            {
                "best": {
                    "class_name": "warrior",
                    "performance": 39.640724131347426
                },
                "mean": 34.560412671826185,
                "generation": 27,
                "diversity": 29.696977182605128
            },
            {
                "best": {
                    "class_name": "warrior",
                    "performance": 39.68608223943097
                },
                "mean": 34.46874986933841,
                "generation": 28,
                "diversity": 29.50141155941647
            },
            {
                "best": {
                    "class_name": "warrior",
                    "performance": 40.57789015765972
                },
                "mean": 34.95176377737701,
                "generation": 29,
                "diversity": 28.750430727096305
            },
            {
                "best": {
                    "class_name": "warrior",
                    "performance": 40.54276166694543
                },
                "mean": 35.42071377080435,
                "generation": 30,
                "diversity": 26.483460616480773
            },
            {
                "best": {
                    "class_name": "warrior",
                    "performance": 40.096593016821416
                },
                "mean": 35.943574083619275,
                "generation": 31,
                "diversity": 24.83398759987462
            },
            {
                "best": {
                    "class_name": "warrior",
                    "performance": 40.36381235423403
                },
                "mean": 36.29167390643593,
                "generation": 32,
                "diversity": 26.484745178839017
            },
            {
                "best": {
                    "class_name": "warrior",
                    "performance": 40.455704423574744
                },
                "mean": 36.638222367125046,
                "generation": 33,
                "diversity": 26.695014116198347
            },
            {
                "best": {
                    "class_name": "warrior",
                    "performance": 40.455704423574744
                },
                "mean": 36.71755145288235,
                "generation": 34,
                "diversity": 24.962104399335658
            },
            {
                "best": {
                    "class_name": "warrior",
                    "performance": 40.5303839243547
                },
                "mean": 36.925453306278236,
                "generation": 35,
                "diversity": 24.057739811233134
            },
            {
                "best": {
                    "class_name": "warrior",
                    "performance": 41.093371176249285
                },
                "mean": 37.1590559199168,
                "generation": 36,
                "diversity": 28.714902129868047
            },
            {
                "best": {
                    "class_name": "warrior",
                    "performance": 40.8798126783357
                },
                "mean": 37.22158714107406,
                "generation": 37,
                "diversity": 27.042626797343857
            },
            {
                "best": {
                    "class_name": "warrior",
                    "performance": 41.10702061707407
                },
                "mean": 37.252725016850846,
                "generation": 38,
                "diversity": 23.73115941963555
            },
            {
                "best": {
                    "class_name": "warrior",
                    "performance": 41.041905592059905
                },
                "mean": 37.372176004410385,
                "generation": 39,
                "diversity": 21.418862541852018
            },
            {
                "best": {
                    "class_name": "warrior",
                    "performance": 41.041905592059905
                },
                "mean": 37.50168571142883,
                "generation": 40,
                "diversity": 22.052559051991878
            },
            {
                "best": {
                    "class_name": "warrior",
                    "performance": 40.879124907123845
                },
                "mean": 37.64809023423393,
                "generation": 41,
                "diversity": 25.185355743006763
            },
            {
                "best": {
                    "class_name": "warrior",
                    "performance": 40.879124907123845
                },
                "mean": 37.865704685938944,
                "generation": 42,
                "diversity": 24.108634347924095
            },
            {
                "best": {
                    "class_name": "warrior",
                    "performance": 41.11474549210249
                },
                "mean": 37.52959436474918,
                "generation": 43,
                "diversity": 25.908774697699304
            },
            {
                "best": {
                    "class_name": "warrior",
                    "performance": 41.11474549210249
                },
                "mean": 37.50196606402959,
                "generation": 44,
                "diversity": 25.108363848618072
            },
            {
                "best": {
                    "class_name": "warrior",
                    "performance": 41.11474549210249
                },
                "mean": 37.634098776669695,
                "generation": 45,
                "diversity": 23.899634433012867
            },
            {
                "best": {
                    "class_name": "warrior",
                    "performance": 41.0505686569934
                },
                "mean": 37.849745962990376,
                "generation": 46,
                "diversity": 26.242157222187725
            },
            {
                "best": {
                    "class_name": "warrior",
                    "performance": 41.05428269090296
                },
                "mean": 37.81566659820276,
                "generation": 47,
                "diversity": 28.732838452504186
            },
            {
                "best": {
                    "class_name": "warrior",
                    "performance": 41.11458058217191
                },
                "mean": 37.860680790152834,
                "generation": 48,
                "diversity": 30.00340908435162
            },
            {
                "best": {
                    "class_name": "warrior",
                    "performance": 41.12385086834969
                },
                "mean": 37.818637130149376,
                "generation": 49,
                "diversity": 29.91343281696324
            },
            {
                "best": {
                    "class_name": "warrior",
                    "performance": 41.1327975043639
                },
                "mean": 37.99185548666674,
                "generation": 50,
                "diversity": 34.093870243980135
            },
            {
                "best": {
                    "class_name": "warrior",
                    "performance": 41.1327975043639
                },
                "mean": 38.27231693124702,
                "generation": 51,
                "diversity": 33.63791843062139
            },
            {
                "best": {
                    "class_name": "warrior",
                    "performance": 41.2326083623008
                },
                "mean": 38.12514903711557,
                "generation": 52,
                "diversity": 34.04815244429057
            },
            {
                "best": {
                    "class_name": "warrior",
                    "performance": 41.2326083623008
                },
                "mean": 38.215494720364894,
                "generation": 53,
                "diversity": 36.538887112037216
            },
            {
                "best": {
                    "class_name": "warrior",
                    "performance": 41.15679847920984
                },
                "mean": 38.12787791470463,
                "generation": 54,
                "diversity": 35.97047878910677
            },
            {
                "best": {
                    "class_name": "warrior",
                    "performance": 41.204858339876985
                },
                "mean": 38.08544310664063,
                "generation": 55,
                "diversity": 35.883868741172634
            },
            {
                "best": {
                    "class_name": "warrior",
                    "performance": 41.174621874522956
                },
                "mean": 38.13640540375998,
                "generation": 56,
                "diversity": 34.959124425537276
            },
            {
                "best": {
                    "class_name": "warrior",
                    "performance": 41.21478162712568
                },
                "mean": 37.94721795473143,
                "generation": 57,
                "diversity": 32.00671855662005
            },
            {
                "best": {
                    "class_name": "warrior",
                    "performance": 41.21863493188138
                },
                "mean": 38.08335889859521,
                "generation": 58,
                "diversity": 36.80027217355406
            },
            {
                "best": {
                    "class_name": "warrior",
                    "performance": 41.217463654409315
                },
                "mean": 37.80953689476701,
                "generation": 59,
                "diversity": 34.165757495704064
            },
            {
                "best": {
                    "class_name": "warrior",
                    "performance": 41.182393359433995
                },
                "mean": 38.07145907462764,
                "generation": 60,
                "diversity": 30.89615237829985
            },
            {
                "best": {
                    "class_name": "warrior",
                    "performance": 41.12731651448302
                },
                "mean": 38.19448175449395,
                "generation": 61,
                "diversity": 29.53255344099129
            },
            {
                "best": {
                    "class_name": "warrior",
                    "performance": 41.02931861756961
                },
                "mean": 38.26426624534461,
                "generation": 62,
                "diversity": 27.53461575588547
            },
            {
                "best": {
                    "class_name": "warrior",
                    "performance": 41.104034703186144
                },
                "mean": 38.083756451816484,
                "generation": 63,
                "diversity": 26.50180452600449
            },
            {
                "best": {
                    "class_name": "warrior",
                    "performance": 41.17103682963093
                },
                "mean": 38.15923038452474,
                "generation": 64,
                "diversity": 25.067395781264242
            },
            {
                "best": {
                    "class_name": "warrior",
                    "performance": 41.10580789156294
                },
                "mean": 37.75823576615868,
                "generation": 65,
                "diversity": 22.917021454405713
            },
            {
                "best": {
                    "class_name": "warrior",
                    "performance": 41.10580789156294
                },
                "mean": 38.018468708466614,
                "generation": 66,
                "diversity": 19.45366380231987
            },
            {
                "best": {
                    "class_name": "warrior",
                    "performance": 41.02017411908731
                },
                "mean": 37.86232615105777,
                "generation": 67,
                "diversity": 20.920070760574145
            },
            {
                "best": {
                    "class_name": "warrior",
                    "performance": 41.13064658737797
                },
                "mean": 37.801568631154524,
                "generation": 68,
                "diversity": 21.15200134304487
            },
            {
                "best": {
                    "class_name": "warrior",
                    "performance": 41.13166882772406
                },
                "mean": 37.62721176554298,
                "generation": 69,
                "diversity": 19.77633156947822
            },
            {
                "best": {
                    "class_name": "warrior",
                    "performance": 41.13166882772406
                },
                "mean": 37.86694223701737,
                "generation": 70,
                "diversity": 18.081851892163517
            },
            {
                "best": {
                    "class_name": "warrior",
                    "performance": 41.13166882772406
                },
                "mean": 37.88850611530159,
                "generation": 71,
                "diversity": 18.2721299156226
            },
            {
                "best": {
                    "class_name": "warrior",
                    "performance": 41.13524022952846
                },
                "mean": 38.08541334333085,
                "generation": 72,
                "diversity": 20.53412107751679
            }
        ]
    },
    "config": {
        "population_size": 500,
        "population_to_keep": 250,
        "class_name": "warrior",
        "selection_config_a": {
            "selection_type": "elite",
            "population_to_keep": 125,
            "tournament_size": 50,
            "threshold": 0.75,
            "initial_temperature": 30,
            "temperature_decay": 0.6,
            "min_temperature": 5
        },
        "selection_config_b": {
            "selection_type": "roulette",
            "population_to_keep": 125,
            "tournament_size": 50,
            "threshold": 0.75,
            "initial_temperature": 30,
            "temperature_decay": 0.6,
            "min_temperature": 5
        },
        "selection_config_rate": 0.5,
        "crossover_config": {
            "method": "two_point"
        },
        "mutation_config": {
            "mutation_type": "multi_gen",
            "mutation_rate": 0.2,
            "delta_mutation": 15
        },
        "replacement_config_a": {
            "type": "traditional",
            "quantity": 125,
            "gen_gap": 0.5
        },
        "replacement_config_b": {
            "type": "young_bias",
            "quantity": 125,
            "gen_gap": 0.5
        },
        "replacement_config_rate": 0.5,
        "end_condition_config": {
            "type": "content",
            "generations_to_check": 20,
            "generations": 500,
            "optimum_value": 61.5,
            "tolerance": 0.1,
            "structure_tolerance": 0.01,
            "structure_relevant_proportion": 0.98
        }
    }
}