{
    "results": {
        "best": {
            "solution": {
                "class_name": "warrior",
                "variables": {
                    "strength": 75.81496102733625,
                    "agility": 69.54803339113109,
                    "expertise": 4.63700558153263,
                    "resistance": 0.0,
                    "life": 0.0,
                    "height": 1.9100000000000001
                },
                "performance": 41.17401384838285
            },
            "generation": 42
        },
        "last_iterations": [
            {
                "best": {
                    "class_name": "warrior",
                    "performance": 32.94642959716562
                },
                "mean": 16.17532710169532,
                "generation": 1,
                "diversity": 229.73266040558784
            },
            {
                "best": {
                    "class_name": "warrior",
                    "performance": 31.436795374257184
                },
                "mean": 17.29682098805772,
                "generation": 2,
                "diversity": 210.50653450753666
            },
            {
                "best": {
                    "class_name": "warrior",
                    "performance": 31.430168486043076
                },
                "mean": 17.57990428903662,
                "generation": 3,
                "diversity": 190.6031843377666
            },
            {
                "best": {
                    "class_name": "warrior",
                    "performance": 30.17243191584907
                },
                "mean": 18.16432898408056,
                "generation": 4,
                "diversity": 161.820792053011
            },
            {
                "best": {
                    "class_name": "warrior",
                    "performance": 29.897809819382147
                },
                "mean": 18.97790097831456,
                "generation": 5,
                "diversity": 148.1605720100339
            },
            {
                "best": {
                    "class_name": "warrior",
                    "performance": 30.137722598972967
                },
                "mean": 19.98698096856699,
                "generation": 6,
                "diversity": 146.09237709712633
            },
            {
                "best": {
                    "class_name": "warrior",
                    "performance": 28.88141404979943
                },
                "mean": 20.624840163168958,
                "generation": 7,
                "diversity": 127.5672485935953
            },
            {
                "best": {
                    "class_name": "warrior",
                    "performance": 32.25610729324693
                },
                "mean": 21.40964852416727,
                "generation": 8,
                "diversity": 117.91872008739075
            },
            {
                "best": {
                    "class_name": "warrior",
                    "performance": 33.839583968155345
                },
                "mean": 21.894402694196266,
                "generation": 9,
                "diversity": 120.36896609200424
            },
            {
                "best": {
                    "class_name": "warrior",
                    "performance": 30.684339482071316
                },
                "mean": 22.21953951106082,
                "generation": 10,
                "diversity": 124.79899056054244
            },
            {
                "best": {
                    "class_name": "warrior",
                    "performance": 35.016021620043155
                },
                "mean": 23.232668948312664,
                "generation": 11,
                "diversity": 108.58518435096778
            },
            {
                "best": {
                    "class_name": "warrior",
                    "performance": 35.016021620043155
                },
                "mean": 24.111915152457513,
                "generation": 12,
                "diversity": 102.53224519429807
            },
            {
                "best": {
                    "class_name": "warrior",
                    "performance": 35.56550267115192
                },
                "mean": 25.041893695294668,
                "generation": 13,
                "diversity": 95.80921777394241
            },
            {
                "best": {
                    "class_name": "warrior",
                    "performance": 35.016021620043155
                },
                "mean": 26.014377906264528,
                "generation": 14,
                "diversity": 89.45577645169578
            },
            {
                "best": {
                    "class_name": "warrior",
                    "performance": 34.79818229320523
                },
                "mean": 26.55637529551494,
                "generation": 15,
                "diversity": 80.23262449427135
            },
            {
                "best": {
                    "class_name": "warrior",
                    "performance": 35.07200762325302
                },
                "mean": 27.213065324588857,
                "generation": 16,
                "diversity": 80.94049021525994
            },
            {
                "best": {
                    "class_name": "warrior",
                    "performance": 36.36258988842951
                },
                "mean": 27.872445911909193,
                "generation": 17,
                "diversity": 69.6667928949991
            },
            {
                "best": {
                    "class_name": "warrior",
                    "performance": 36.91354345131987
                },
                "mean": 28.553112909667178,
                "generation": 18,
                "diversity": 63.065360115141935
            },
            {
                "best": {
                    "class_name": "warrior",
                    "performance": 39.32916605278301
                },
                "mean": 28.98162626081384,
                "generation": 19,
                "diversity": 58.15723415672017
            },
            {
                "best": {
                    "class_name": "warrior",
                    "performance": 38.30634970497991
                },
                "mean": 29.77513518207128,
                "generation": 20,
                "diversity": 54.74686305017736
            },
            {
                "best": {
                    "class_name": "warrior",
                    "performance": 39.36881997246466
                },
                "mean": 30.674420903734656,
                "generation": 21,
                "diversity": 57.73725063856597
            },
            {
                "best": {
                    "class_name": "warrior",
                    "performance": 39.36881997246466
                },
                "mean": 31.68496459222248,
                "generation": 22,
                "diversity": 55.9712426119635
            },
            {
                "best": {
                    "class_name": "warrior",
                    "performance": 39.97108090485967
                },
                "mean": 32.02838299068701,
                "generation": 23,
                "diversity": 50.12075281136237
            },
            {
                "best": {
                    "class_name": "warrior",
                    "performance": 39.98597966217006
                },
                "mean": 32.717608821854036,
                "generation": 24,
                "diversity": 48.28518288576035
            },
            {
                "best": {
                    "class_name": "warrior",
                    "performance": 39.98597966217006
                },
                "mean": 33.489511890296825,
                "generation": 25,
                "diversity": 47.74981293103185
            },
            {
                "best": {
                    "class_name": "warrior",
                    "performance": 39.98597966217006
                },
                "mean": 33.95376499462816,
                "generation": 26,
                "diversity": 51.02493865274701
            },
            {
                "best": {
                    "class_name": "warrior",
                    "performance": 40.28962055393392
                },
                "mean": 34.09204772145059,
                "generation": 27,
                "diversity": 46.25473708247356
            },
            {
                "best": {
                    "class_name": "warrior",
                    "performance": 40.28962055393392
                },
                "mean": 34.18849079246422,
                "generation": 28,
                "diversity": 38.844119303565584
            },
            {
                "best": {
                    "class_name": "warrior",
                    "performance": 40.38702193094799
                },
                "mean": 34.80560544216684,
                "generation": 29,
                "diversity": 33.73823130173013
            },
            {
                "best": {
                    "class_name": "warrior",
                    "performance": 40.38702193094799
                },
                "mean": 35.51922467637184,
                "generation": 30,
                "diversity": 29.03580483177051
            },
            {
                "best": {
                    "class_name": "warrior",
                    "performance": 40.38702193094799
                },
                "mean": 35.82454297858746,
                "generation": 31,
                "diversity": 26.708123619040535
            },
            {
                "best": {
                    "class_name": "warrior",
                    "performance": 40.38702193094799
                },
                "mean": 35.50460541688495,
                "generation": 32,
                "diversity": 24.242340616344208
            },
            {
                "best": {
                    "class_name": "warrior",
                    "performance": 40.238414892915806
                },
                "mean": 35.451971254759,
                "generation": 33,
                "diversity": 25.29839129241509
            },
            {
                "best": {
                    "class_name": "warrior",
                    "performance": 40.6049954372238
                },
                "mean": 35.74192960176139,
                "generation": 34,
                "diversity": 22.992262833663915
            },
            {
                "best": {
                    "class_name": "warrior",
                    "performance": 40.6049954372238
                },
                "mean": 35.70356721358681,
                "generation": 35,
                "diversity": 24.03029099901836
            },
            {
                "best": {
                    "class_name": "warrior",
                    "performance": 40.928102364233766
                },
                "mean": 35.69895991165761,
                "generation": 36,
                "diversity": 26.063364115147966
            },
            {
                "best": {
                    "class_name": "warrior",
                    "performance": 40.61772691484446
                },
                "mean": 35.76954180940409,
                "generation": 37,
                "diversity": 25.661164104411828
            },
            {
                "best": {
                    "class_name": "warrior",
                    "performance": 40.61772691484446
                },
                "mean": 35.76023886148477,
                "generation": 38,
                "diversity": 25.457460888679105
            },
            {
                "best": {
                    "class_name": "warrior",
                    "performance": 39.86683668874239
                },
                "mean": 35.83373428460996,
                "generation": 39,
                "diversity": 23.324636187845826
            },
            {
                "best": {
                    "class_name": "warrior",
                    "performance": 40.52752384000583
                },
                "mean": 35.59584318516978,
                "generation": 40,
                "diversity": 23.293445610021678
            },
            {
                "best": {
                    "class_name": "warrior",
                    "performance": 40.52752384000583
                },
                "mean": 35.75327816378443,
                "generation": 41,
                "diversity": 24.90462854456237
            },
            {
                "best": {
                    "class_name": "warrior",
                    "performance": 41.17401384838285
                },
                "mean": 36.11691514255217,
                "generation": 42,
                "diversity": 26.528552620016228
            },
            {
                "best": {
                    "class_name": "warrior",
                    "performance": 40.31348500143269
                },
                "mean": 36.11147208530351,
                "generation": 43,
                "diversity": 26.74080032653049
            },
            {
                "best": {
                    "class_name": "warrior",
                    "performance": 40.12683481670946
                },
                "mean": 35.99537946871743,
                "generation": 44,
                "diversity": 26.03901154383237
            },
            {
                "best": {
                    "class_name": "warrior",
                    "performance": 40.12683481670946
                },
                "mean": 35.7126929924711,
                "generation": 45,
                "diversity": 26.248073358197644
            },
            {
                "best": {
                    "class_name": "warrior",
                    "performance": 40.34825852121886
                },
                "mean": 35.692014595439616,
                "generation": 46,
                "diversity": 30.13902881841347
            },
            {
                "best": {
                    "class_name": "warrior",
                    "performance": 40.02992334980053
                },
                "mean": 35.811099534412875,
                "generation": 47,
                "diversity": 28.56457228403882
            },
            {
                "best": {
                    "class_name": "warrior",
                    "performance": 40.2341313488235
                },
                "mean": 36.0819797755383,
                "generation": 48,
                "diversity": 29.165013384204993
            },
            {
                "best": {
                    "class_name": "warrior",
                    "performance": 40.41236730424602
                },
                "mean": 36.23789727577077,
                "generation": 49,
                "diversity": 26.869512113094398
            },
            {
                "best": {
                    "class_name": "warrior",
                    "performance": 40.31295053563901
                },
                "mean": 36.47496868970513,
                "generation": 50,
                "diversity": 23.58346532379637
            },
            {
                "best": {
                    "class_name": "warrior",
                    "performance": 40.70076370881348
                },
                "mean": 36.204152926223976,
                "generation": 51,
                "diversity": 24.62631139748218
            },
            {
                "best": {
                    "class_name": "warrior",
                    "performance": 40.67465552448325
                },
                "mean": 36.29280679678955,
                "generation": 52,
                "diversity": 23.136195174767707
            },
            {
                "best": {
                    "class_name": "warrior",
                    "performance": 40.15262603768448
                },
                "mean": 36.37737083253711,
                "generation": 53,
                "diversity": 21.573070270096306
            },
            {
                "best": {
                    "class_name": "warrior",
                    "performance": 39.985411223830205
                },
                "mean": 36.83508678252782,
                "generation": 54,
                "diversity": 19.07656164337649
            },
            {
                "best": {
                    "class_name": "warrior",
                    "performance": 40.00175879276978
                },
                "mean": 36.592041586580656,
                "generation": 55,
                "diversity": 22.060723680135215
            },
            {
                "best": {
                    "class_name": "warrior",
                    "performance": 40.28835629884309
                },
                "mean": 36.91058185288832,
                "generation": 56,
                "diversity": 18.468947603929873
            },
            {
                "best": {
                    "class_name": "warrior",
                    "performance": 40.32787018199925
                },
                "mean": 36.94893616793054,
                "generation": 57,
                "diversity": 16.59847480972844
            },
            {
                "best": {
                    "class_name": "warrior",
                    "performance": 40.32787018199925
                },
                "mean": 36.954091348411374,
                "generation": 58,
                "diversity": 16.620140747093814
            },
            {
                "best": {
                    "class_name": "warrior",
                    "performance": 40.307725264817655
                },
                "mean": 36.74302843186945,
                "generation": 59,
                "diversity": 19.682642297392704
            },
            {
                "best": {
                    "class_name": "warrior",
                    "performance": 40.307725264817655
                },
                "mean": 36.601125529240676,
                "generation": 60,
                "diversity": 22.928657654014092
            },
            {
                "best": {
                    "class_name": "warrior",
                    "performance": 40.13805448936434
                },
                "mean": 36.648390893423404,
                "generation": 61,
                "diversity": 23.168042263350916
            },
            {
                "best": {
                    "class_name": "warrior",
                    "performance": 40.60963486883573
                },
                "mean": 36.367065915263005,
                "generation": 62,
                "diversity": 28.35396675908078
            }
        ]
    },
    "config": {
        "population_size": 500,
        "population_to_keep": 250,
        "class_name": "warrior",
        "selection_config_a": {
            "selection_type": "elite",
            "population_to_keep": 125,
            "tournament_size": 50,
            "threshold": 0.75,
            "initial_temperature": 30,
            "temperature_decay": 0.6,
            "min_temperature": 5
        },
        "selection_config_b": {
            "selection_type": "roulette",
            "population_to_keep": 125,
            "tournament_size": 50,
            "threshold": 0.75,
            "initial_temperature": 30,
            "temperature_decay": 0.6,
            "min_temperature": 5
        },
        "selection_config_rate": 0.5,
        "crossover_config": {
            "method": "one_point"
        },
        "mutation_config": {
            "mutation_type": "multi_gen",
            "mutation_rate": 0.2,
            "delta_mutation": 15
        },
        "replacement_config_a": {
            "type": "traditional",
            "quantity": 125,
            "gen_gap": 0.5
        },
        "replacement_config_b": {
            "type": "young_bias",
            "quantity": 125,
            "gen_gap": 0.5
        },
        "replacement_config_rate": 0.5,
        "end_condition_config": {
            "type": "content",
            "generations_to_check": 20,
            "generations": 500,
            "optimum_value": 61.5,
            "tolerance": 0.1,
            "structure_tolerance": 0.01,
            "structure_relevant_proportion": 0.98
        }
    }
}