{
    "results": {
        "best": {
            "solution": {
                "class_name": "warrior",
                "variables": {
                    "strength": 73.44207812938471,
                    "agility": 75.0349305482527,
                    "expertise": 1.5229913223625917,
                    "resistance": 0.0,
                    "life": 0.0,
                    "height": 1.92
                },
                "performance": 41.23291734847524
            },
            "generation": 47
        },
        "last_iterations": [
            {
                "best": {
                    "class_name": "warrior",
                    "performance": 31.03246347161627
                },
                "mean": 16.25465527960137,
                "generation": 1,
                "diversity": 250.08606712470998
            },
            {
                "best": {
                    "class_name": "warrior",
                    "performance": 31.069955699212624
                },
                "mean": 17.625149393057974,
                "generation": 2,
                "diversity": 236.20602615313751
            },
            {
                "best": {
                    "class_name": "warrior",
                    "performance": 31.069955699212624
                },
                "mean": 19.180072661100414,
                "generation": 3,
                "diversity": 202.6287076560288
            },
            {
                "best": {
                    "class_name": "warrior",
                    "performance": 31.20741683284759
                },
                "mean": 20.97346781496811,
                "generation": 4,
                "diversity": 175.49287723986473
            },
            {
                "best": {
                    "class_name": "warrior",
                    "performance": 32.960379311920505
                },
                "mean": 21.864871567117802,
                "generation": 5,
                "diversity": 158.65649042346294
            },
            {
                "best": {
                    "class_name": "warrior",
                    "performance": 32.924278862537655
                },
                "mean": 23.144984092661595,
                "generation": 6,
                "diversity": 137.14218078443898
            },
            {
                "best": {
                    "class_name": "warrior",
                    "performance": 35.338162703168194
                },
                "mean": 24.54059061299402,
                "generation": 7,
                "diversity": 112.39775312741709
            },
            {
                "best": {
                    "class_name": "warrior",
                    "performance": 34.00907457800091
                },
                "mean": 25.669758726166354,
                "generation": 8,
                "diversity": 105.67316676596685
            },
            {
                "best": {
                    "class_name": "warrior",
                    "performance": 35.724661214113034
                },
                "mean": 26.513067500923835,
                "generation": 9,
                "diversity": 96.62520950035214
            },
            {
                "best": {
                    "class_name": "warrior",
                    "performance": 36.28828074425156
                },
                "mean": 27.74574538645598,
                "generation": 10,
                "diversity": 93.58350467924053
            },
            {
                "best": {
                    "class_name": "warrior",
                    "performance": 36.65101591747485
                },
                "mean": 28.028964904331428,
                "generation": 11,
                "diversity": 101.76553572241538
            },
            {
                "best": {
                    "class_name": "warrior",
                    "performance": 36.65101591747485
                },
                "mean": 28.322887821524624,
                "generation": 12,
                "diversity": 95.7144200034545
            },
            {
                "best": {
                    "class_name": "warrior",
                    "performance": 36.65101591747485
                },
                "mean": 29.237525021722803,
                "generation": 13,
                "diversity": 86.68565822059918
            },
            {
                "best": {
                    "class_name": "warrior",
                    "performance": 37.37302549406044
                },
                "mean": 29.786595156807373,
                "generation": 14,
                "diversity": 79.86967161176898
            },
            {
                "best": {
                    "class_name": "warrior",
                    "performance": 38.315674697333336
                },
                "mean": 30.496949903548845,
                "generation": 15,
                "diversity": 63.4523843712677
            },
            {
                "best": {
                    "class_name": "warrior",
                    "performance": 38.315674697333336
                },
                "mean": 30.765103370688276,
                "generation": 16,
                "diversity": 74.46305074799952
            },
            {
                "best": {
                    "class_name": "warrior",
                    "performance": 38.015853293309874
                },
                "mean": 30.507756757808725,
                "generation": 17,
                "diversity": 65.53961272887199
            },
            {
                "best": {
                    "class_name": "warrior",
                    "performance": 39.52010291923291
                },
                "mean": 31.535536637127525,
                "generation": 18,
                "diversity": 56.4102832052853
            },
            {
                "best": {
                    "class_name": "warrior",
                    "performance": 39.52010291923291
                },
                "mean": 32.221588778786824,
                "generation": 19,
                "diversity": 46.273610740677725
            },
            {
                "best": {
                    "class_name": "warrior",
                    "performance": 39.52010291923291
                },
                "mean": 32.588755226349164,
                "generation": 20,
                "diversity": 46.72209315486507
            },
            {
                "best": {
                    "class_name": "warrior",
                    "performance": 38.65673738500245
                },
                "mean": 32.91871286353378,
                "generation": 21,
                "diversity": 52.51797256343399
            },
            {
                "best": {
                    "class_name": "warrior",
                    "performance": 41.014297752987325
                },
                "mean": 33.33554388078969,
                "generation": 22,
                "diversity": 50.788778772545584
            },
            {
                "best": {
                    "class_name": "warrior",
                    "performance": 41.01429775298733
                },
                "mean": 33.99167531304289,
                "generation": 23,
                "diversity": 50.82403151301339
            },
            {
                "best": {
                    "class_name": "warrior",
                    "performance": 39.771835111010844
                },
                "mean": 34.23993118545465,
                "generation": 24,
                "diversity": 41.69248216040667
            },
            {
                "best": {
                    "class_name": "warrior",
                    "performance": 40.783921711133075
                },
                "mean": 34.72149978964677,
                "generation": 25,
                "diversity": 37.638021884407905
            },
            {
                "best": {
                    "class_name": "warrior",
                    "performance": 41.05627965513881
                },
                "mean": 35.02692377344045,
                "generation": 26,
                "diversity": 36.871654881424654
            },
            {
                "best": {
                    "class_name": "warrior",
                    "performance": 40.35624026060241
                },
                "mean": 35.40171381089692,
                "generation": 27,
                "diversity": 34.52465300381473
            },
            {
                "best": {
                    "class_name": "warrior",
                    "performance": 40.133945621230545
                },
                "mean": 35.56582363352998,
                "generation": 28,
                "diversity": 31.90533483544992
            },
            {
                "best": {
                    "class_name": "warrior",
                    "performance": 40.26558501438267
                },
                "mean": 36.197779492525335,
                "generation": 29,
                "diversity": 31.65508179854082
            },
            {
                "best": {
                    "class_name": "warrior",
                    "performance": 40.95507228414606
                },
                "mean": 36.012474299705026,
                "generation": 30,
                "diversity": 36.24532098857588
            },
            {
                "best": {
                    "class_name": "warrior",
                    "performance": 40.75307205836216
                },
                "mean": 36.15294581565804,
                "generation": 31,
                "diversity": 33.314799740647054
            },
            {
                "best": {
                    "class_name": "warrior",
                    "performance": 40.65539410467178
                },
                "mean": 36.485225098066834,
                "generation": 32,
                "diversity": 28.807407980305367
            },
            {
                "best": {
                    "class_name": "warrior",
                    "performance": 40.75832458625111
                },
                "mean": 36.80148895811706,
                "generation": 33,
                "diversity": 27.21895102894712
            },
            {
                "best": {
                    "class_name": "warrior",
                    "performance": 40.75832458625111
                },
                "mean": 37.18800595849703,
                "generation": 34,
                "diversity": 25.68493415553948
            },
            {
                "best": {
                    "class_name": "warrior",
                    "performance": 41.05439320246905
                },
                "mean": 37.21566739753062,
                "generation": 35,
                "diversity": 22.97072571719698
            },
            {
                "best": {
                    "class_name": "warrior",
                    "performance": 40.71974979449268
                },
                "mean": 37.08046648789038,
                "generation": 36,
                "diversity": 22.338460559018937
            },
            {
                "best": {
                    "class_name": "warrior",
                    "performance": 41.03651828982645
                },
                "mean": 37.050002920302106,
                "generation": 37,
                "diversity": 21.47588181277409
            },
            {
                "best": {
                    "class_name": "warrior",
                    "performance": 41.03651828982645
                },
                "mean": 37.0598227721546,
                "generation": 38,
                "diversity": 20.676638216699306
            },
            {
                "best": {
                    "class_name": "warrior",
                    "performance": 40.78311371535399
                },
                "mean": 36.99729642806171,
                "generation": 39,
                "diversity": 24.67431867770299
            },
            {
                "best": {
                    "class_name": "warrior",
                    "performance": 41.08907614648696
                },
                "mean": 37.117178514222545,
                "generation": 40,
                "diversity": 25.580733628058564
            },
            {
                "best": {
                    "class_name": "warrior",
                    "performance": 41.08907614648696
                },
                "mean": 37.03506813776746,
                "generation": 41,
                "diversity": 26.827237580140984
            },
            {
                "best": {
                    "class_name": "warrior",
                    "performance": 41.14528796168535
                },
                "mean": 37.37302961158271,
                "generation": 42,
                "diversity": 28.01353833912683
            },
            {
                "best": {
                    "class_name": "warrior",
                    "performance": 41.145624620915484
                },
                "mean": 37.05767460979447,
                "generation": 43,
                "diversity": 31.065564201588817
            },
            {
                "best": {
                    "class_name": "warrior",
                    "performance": 41.145624620915484
                },
                "mean": 36.84770069697572,
                "generation": 44,
                "diversity": 30.000093972297403
            },
            {
                "best": {
                    "class_name": "warrior",
                    "performance": 40.7789417721339
                },
                "mean": 37.088335222663645,
                "generation": 45,
                "diversity": 25.089118121901464
            },
            {
                "best": {
                    "class_name": "warrior",
                    "performance": 40.94901678061338
                },
                "mean": 37.39476534186693,
                "generation": 46,
                "diversity": 24.918471366125953
            },
            {
                "best": {
                    "class_name": "warrior",
                    "performance": 41.23291734847524
                },
                "mean": 37.57920164251264,
                "generation": 47,
                "diversity": 19.43698717611261
            },
            {
                "best": {
                    "class_name": "warrior",
                    "performance": 41.159224963656456
                },
                "mean": 37.450871339750975,
                "generation": 48,
                "diversity": 18.50210914403608
            },
            {
                "best": {
                    "class_name": "warrior",
                    "performance": 41.09499204784755
                },
                "mean": 37.49029896049718,
                "generation": 49,
                "diversity": 20.614565261388503
            },
            {
                "best": {
                    "class_name": "warrior",
                    "performance": 41.121946987572365
                },
                "mean": 37.332326516633735,
                "generation": 50,
                "diversity": 25.108637583594852
            },
            {
                "best": {
                    "class_name": "warrior",
                    "performance": 41.09499204784755
                },
                "mean": 37.757430724412046,
                "generation": 51,
                "diversity": 30.485163318975925
            },
            {
                "best": {
                    "class_name": "warrior",
                    "performance": 41.06162475490885
                },
                "mean": 37.50307346519189,
                "generation": 52,
                "diversity": 30.699837425675682
            },
            {
                "best": {
                    "class_name": "warrior",
                    "performance": 40.789759339137895
                },
                "mean": 37.743693756577365,
                "generation": 53,
                "diversity": 26.652089945408708
            },
            {
                "best": {
                    "class_name": "warrior",
                    "performance": 40.6534262588823
                },
                "mean": 37.799290763363715,
                "generation": 54,
                "diversity": 26.3074867682935
            },
            {
                "best": {
                    "class_name": "warrior",
                    "performance": 41.1388839129741
                },
                "mean": 37.703504891322616,
                "generation": 55,
                "diversity": 27.44992568916571
            },
            {
                "best": {
                    "class_name": "warrior",
                    "performance": 40.59003454522128
                },
                "mean": 37.533865664932875,
                "generation": 56,
                "diversity": 26.282143586238575
            },
            {
                "best": {
                    "class_name": "warrior",
                    "performance": 41.13410674938122
                },
                "mean": 37.43597272071254,
                "generation": 57,
                "diversity": 24.337156092663715
            },
            {
                "best": {
                    "class_name": "warrior",
                    "performance": 41.13410674938122
                },
                "mean": 37.866008305053185,
                "generation": 58,
                "diversity": 25.550316687116396
            },
            {
                "best": {
                    "class_name": "warrior",
                    "performance": 41.105623276858545
                },
                "mean": 37.77791713592394,
                "generation": 59,
                "diversity": 23.629273232165577
            },
            {
                "best": {
                    "class_name": "warrior",
                    "performance": 41.08362104310954
                },
                "mean": 37.944342554238695,
                "generation": 60,
                "diversity": 23.988095028068727
            },
            {
                "best": {
                    "class_name": "warrior",
                    "performance": 41.08362104310954
                },
                "mean": 37.65670713644495,
                "generation": 61,
                "diversity": 22.421774620420294
            },
            {
                "best": {
                    "class_name": "warrior",
                    "performance": 41.014134533928456
                },
                "mean": 37.49610849270826,
                "generation": 62,
                "diversity": 20.872812429940357
            },
            {
                "best": {
                    "class_name": "warrior",
                    "performance": 40.83677033246057
                },
                "mean": 37.69795366113556,
                "generation": 63,
                "diversity": 20.093841323594855
            },
            {
                "best": {
                    "class_name": "warrior",
                    "performance": 40.83677033246057
                },
                "mean": 37.624104845916094,
                "generation": 64,
                "diversity": 20.39103527396401
            },
            {
                "best": {
                    "class_name": "warrior",
                    "performance": 40.83677033246057
                },
                "mean": 37.71369759529148,
                "generation": 65,
                "diversity": 18.22840272151901
            },
            {
                "best": {
                    "class_name": "warrior",
                    "performance": 40.64495317285491
                },
                "mean": 37.907547376089546,
                "generation": 66,
                "diversity": 19.903647730334082
            },
            {
                "best": {
                    "class_name": "warrior",
                    "performance": 40.77640174057449
                },
                "mean": 37.790906140681344,
                "generation": 67,
                "diversity": 20.250939744732136
            }
        ]
    },
    "config": {
        "population_size": 500,
        "population_to_keep": 250,
        "class_name": "warrior",
        "selection_config_a": {
            "selection_type": "elite",
            "population_to_keep": 125,
            "tournament_size": 50,
            "threshold": 0.75,
            "initial_temperature": 30,
            "temperature_decay": 0.6,
            "min_temperature": 5
        },
        "selection_config_b": {
            "selection_type": "roulette",
            "population_to_keep": 125,
            "tournament_size": 50,
            "threshold": 0.75,
            "initial_temperature": 30,
            "temperature_decay": 0.6,
            "min_temperature": 5
        },
        "selection_config_rate": 0.5,
        "crossover_config": {
            "method": "one_point"
        },
        "mutation_config": {
            "mutation_type": "multi_gen",
            "mutation_rate": 0.2,
            "delta_mutation": 15
        },
        "replacement_config_a": {
            "type": "traditional",
            "quantity": 125,
            "gen_gap": 0.5
        },
        "replacement_config_b": {
            "type": "young_bias",
            "quantity": 125,
            "gen_gap": 0.5
        },
        "replacement_config_rate": 0.5,
        "end_condition_config": {
            "type": "content",
            "generations_to_check": 20,
            "generations": 500,
            "optimum_value": 61.5,
            "tolerance": 0.1,
            "structure_tolerance": 0.01,
            "structure_relevant_proportion": 0.98
        }
    }
}