{
    "results": {
        "best": {
            "solution": {
                "class_name": "warrior",
                "variables": {
                    "strength": 75.04590903544961,
                    "agility": 74.95409096455039,
                    "expertise": 0.0,
                    "resistance": 0.0,
                    "life": 0.0,
                    "height": 1.92
                },
                "performance": 41.24452222234158
            },
            "generation": 42
        },
        "last_iterations": [
            {
                "best": {
                    "class_name": "warrior",
                    "performance": 32.34194435228549
                },
                "mean": 16.312943698078755,
                "generation": 1,
                "diversity": 232.38487626016843
            },
            {
                "best": {
                    "class_name": "warrior",
                    "performance": 33.53539037428285
                },
                "mean": 17.275857361323723,
                "generation": 2,
                "diversity": 204.33163839986378
            },
            {
                "best": {
                    "class_name": "warrior",
                    "performance": 34.53321740919903
                },
                "mean": 18.27878412054916,
                "generation": 3,
                "diversity": 174.65550648555268
            },
            {
                "best": {
                    "class_name": "warrior",
                    "performance": 33.23884990123915
                },
                "mean": 19.30130919544638,
                "generation": 4,
                "diversity": 160.6336344454776
            },
            {
                "best": {
                    "class_name": "warrior",
                    "performance": 31.79695383828856
                },
                "mean": 19.540595157448703,
                "generation": 5,
                "diversity": 148.5623760314438
            },
            {
                "best": {
                    "class_name": "warrior",
                    "performance": 34.169189753909855
                },
                "mean": 20.407732654132023,
                "generation": 6,
                "diversity": 137.02590848448548
            },
            {
                "best": {
                    "class_name": "warrior",
                    "performance": 34.169189753909855
                },
                "mean": 21.270330063658243,
                "generation": 7,
                "diversity": 114.07034513159039
            },
            {
                "best": {
                    "class_name": "warrior",
                    "performance": 34.448416737805616
                },
                "mean": 21.773356058572652,
                "generation": 8,
                "diversity": 112.2567523915608
            },
            {
                "best": {
                    "class_name": "warrior",
                    "performance": 34.94805962172077
                },
                "mean": 22.601037504585204,
                "generation": 9,
                "diversity": 104.35818831182517
            },
            {
                "best": {
                    "class_name": "warrior",
                    "performance": 35.23176191302143
                },
                "mean": 23.041928144147718,
                "generation": 10,
                "diversity": 99.77058046006334
            },
            {
                "best": {
                    "class_name": "warrior",
                    "performance": 36.768158531228224
                },
                "mean": 24.675263769918306,
                "generation": 11,
                "diversity": 98.37804766954412
            },
            {
                "best": {
                    "class_name": "warrior",
                    "performance": 38.460949410859904
                },
                "mean": 25.573994036299247,
                "generation": 12,
                "diversity": 108.41262186392142
            },
            {
                "best": {
                    "class_name": "warrior",
                    "performance": 37.93882696122064
                },
                "mean": 26.05373501407975,
                "generation": 13,
                "diversity": 100.16735128331516
            },
            {
                "best": {
                    "class_name": "warrior",
                    "performance": 39.00728610213613
                },
                "mean": 26.988277251067995,
                "generation": 14,
                "diversity": 87.85139537849098
            },
            {
                "best": {
                    "class_name": "warrior",
                    "performance": 37.938826961220634
                },
                "mean": 28.155677079891152,
                "generation": 15,
                "diversity": 77.4399628347454
            },
            {
                "best": {
                    "class_name": "warrior",
                    "performance": 39.071030818779406
                },
                "mean": 29.456593325130598,
                "generation": 16,
                "diversity": 61.2779841188787
            },
            {
                "best": {
                    "class_name": "warrior",
                    "performance": 39.071030818779406
                },
                "mean": 30.3354083667452,
                "generation": 17,
                "diversity": 51.93636602697168
            },
            {
                "best": {
                    "class_name": "warrior",
                    "performance": 38.92025957031288
                },
                "mean": 31.178268793182728,
                "generation": 18,
                "diversity": 53.440894353508604
            },
            {
                "best": {
                    "class_name": "warrior",
                    "performance": 38.92025957031288
                },
                "mean": 31.8476160176862,
                "generation": 19,
                "diversity": 58.09728358466682
            },
            {
                "best": {
                    "class_name": "warrior",
                    "performance": 39.269946249801905
                },
                "mean": 31.771528935495894,
                "generation": 20,
                "diversity": 56.941075050510925
            },
            {
                "best": {
                    "class_name": "warrior",
                    "performance": 39.85767199961425
                },
                "mean": 32.056097234425664,
                "generation": 21,
                "diversity": 60.541060792731
            },
            {
                "best": {
                    "class_name": "warrior",
                    "performance": 40.381177431688364
                },
                "mean": 33.02947964697887,
                "generation": 22,
                "diversity": 65.11428886889082
            },
            {
                "best": {
                    "class_name": "warrior",
                    "performance": 40.393558931623325
                },
                "mean": 33.17390184998826,
                "generation": 23,
                "diversity": 54.19389462609116
            },
            {
                "best": {
                    "class_name": "warrior",
                    "performance": 40.393558931623325
                },
                "mean": 33.75079472668995,
                "generation": 24,
                "diversity": 47.5071752749968
            },
            {
                "best": {
                    "class_name": "warrior",
                    "performance": 40.393558931623325
                },
                "mean": 34.35536737465261,
                "generation": 25,
                "diversity": 44.87991027536697
            },
            {
                "best": {
                    "class_name": "warrior",
                    "performance": 40.27582706282309
                },
                "mean": 34.53379996358555,
                "generation": 26,
                "diversity": 55.523534967325126
            },
            {
                "best": {
                    "class_name": "warrior",
                    "performance": 41.19811517438593
                },
                "mean": 34.927431366112216,
                "generation": 27,
                "diversity": 50.771270907020345
            },
            {
                "best": {
                    "class_name": "warrior",
                    "performance": 40.444466422000616
                },
                "mean": 35.50045788683887,
                "generation": 28,
                "diversity": 48.52681612845217
            },
            {
                "best": {
                    "class_name": "warrior",
                    "performance": 40.935622277361276
                },
                "mean": 35.28652899411242,
                "generation": 29,
                "diversity": 49.16131773181018
            },
            {
                "best": {
                    "class_name": "warrior",
                    "performance": 40.83843574388518
                },
                "mean": 36.01780433822512,
                "generation": 30,
                "diversity": 54.23059218344215
            },
            {
                "best": {
                    "class_name": "warrior",
                    "performance": 41.10564000295256
                },
                "mean": 36.37735878969359,
                "generation": 31,
                "diversity": 56.081116542331095
            },
            {
                "best": {
                    "class_name": "warrior",
                    "performance": 41.10564000295256
                },
                "mean": 36.54889444737194,
                "generation": 32,
                "diversity": 52.264211320914136
            },
            {
                "best": {
                    "class_name": "warrior",
                    "performance": 40.986549032343454
                },
                "mean": 36.70370346920613,
                "generation": 33,
                "diversity": 48.8891953602658
            },
            {
                "best": {
                    "class_name": "warrior",
                    "performance": 40.98355680989915
                },
                "mean": 37.03431031195565,
                "generation": 34,
                "diversity": 44.53443293049918
            },
            {
                "best": {
                    "class_name": "warrior",
                    "performance": 41.2028484236264
                },
                "mean": 37.192981797410646,
                "generation": 35,
                "diversity": 40.66515893013119
            },
            {
                "best": {
                    "class_name": "warrior",
                    "performance": 41.239754042583506
                },
                "mean": 37.258964291433834,
                "generation": 36,
                "diversity": 34.53836248232468
            },
            {
                "best": {
                    "class_name": "warrior",
                    "performance": 41.08409065370541
                },
                "mean": 37.35781833630064,
                "generation": 37,
                "diversity": 37.173916119502046
            },
            {
                "best": {
                    "class_name": "warrior",
                    "performance": 41.052655376119915
                },
                "mean": 37.36375361425404,
                "generation": 38,
                "diversity": 32.28234406394698
            },
            {
                "best": {
                    "class_name": "warrior",
                    "performance": 40.98091284842519
                },
                "mean": 37.6401887268959,
                "generation": 39,
                "diversity": 28.424512454589216
            },
            {
                "best": {
                    "class_name": "warrior",
                    "performance": 41.15704970472073
                },
                "mean": 37.83687279270153,
                "generation": 40,
                "diversity": 29.557738929185422
            },
            {
                "best": {
                    "class_name": "warrior",
                    "performance": 41.15558479454407
                },
                "mean": 37.517792923290074,
                "generation": 41,
                "diversity": 33.589911319342484
            },
            {
                "best": {
                    "class_name": "warrior",
                    "performance": 41.24452222234158
                },
                "mean": 37.53951373177242,
                "generation": 42,
                "diversity": 29.351617045451317
            },
            {
                "best": {
                    "class_name": "warrior",
                    "performance": 41.1351812073926
                },
                "mean": 37.41936862353825,
                "generation": 43,
                "diversity": 26.337169633551614
            },
            {
                "best": {
                    "class_name": "warrior",
                    "performance": 41.17352215890148
                },
                "mean": 37.276879883650494,
                "generation": 44,
                "diversity": 29.28853432238428
            },
            {
                "best": {
                    "class_name": "warrior",
                    "performance": 41.14534659225525
                },
                "mean": 37.688508870692324,
                "generation": 45,
                "diversity": 25.806013110180256
            },
            {
                "best": {
                    "class_name": "warrior",
                    "performance": 41.16730064100685
                },
                "mean": 37.71076240577651,
                "generation": 46,
                "diversity": 29.156479034984912
            },
            {
                "best": {
                    "class_name": "warrior",
                    "performance": 41.221880461822074
                },
                "mean": 37.43883907289756,
                "generation": 47,
                "diversity": 27.902909393049796
            },
            {
                "best": {
                    "class_name": "warrior",
                    "performance": 41.07948759018814
                },
                "mean": 37.75867024650796,
                "generation": 48,
                "diversity": 30.496968785754557
            },
            {
                "best": {
                    "class_name": "warrior",
                    "performance": 40.90009415914314
                },
                "mean": 37.94644791054213,
                "generation": 49,
                "diversity": 28.83582957017106
            },
            {
                "best": {
                    "class_name": "warrior",
                    "performance": 41.13474115277351
                },
                "mean": 38.10999336215777,
                "generation": 50,
                "diversity": 25.29922885548765
            },
            {
                "best": {
                    "class_name": "warrior",
                    "performance": 41.192345319231045
                },
                "mean": 37.96728976049683,
                "generation": 51,
                "diversity": 25.68120098932897
            },
            {
                "best": {
                    "class_name": "warrior",
                    "performance": 41.192345319231045
                },
                "mean": 38.12714199759147,
                "generation": 52,
                "diversity": 22.990232401492317
            },
            {
                "best": {
                    "class_name": "warrior",
                    "performance": 41.224690841708814
                },
                "mean": 38.05483997498751,
                "generation": 53,
                "diversity": 24.52354836766723
            },
            {
                "best": {
                    "class_name": "warrior",
                    "performance": 41.224690841708814
                },
                "mean": 38.11549454999607,
                "generation": 54,
                "diversity": 26.367699799868202
            },
            {
                "best": {
                    "class_name": "warrior",
                    "performance": 41.13622715228153
                },
                "mean": 37.75879197929545,
                "generation": 55,
                "diversity": 26.273170336390592
            },
            {
                "best": {
                    "class_name": "warrior",
                    "performance": 41.11281309681234
                },
                "mean": 37.82723053975089,
                "generation": 56,
                "diversity": 27.96892836732717
            }
        ]
    },
    "config": {
        "population_size": 500,
        "population_to_keep": 250,
        "class_name": "warrior",
        "selection_config_a": {
            "selection_type": "elite",
            "population_to_keep": 125,
            "tournament_size": 50,
            "threshold": 0.75,
            "initial_temperature": 30,
            "temperature_decay": 0.6,
            "min_temperature": 5
        },
        "selection_config_b": {
            "selection_type": "roulette",
            "population_to_keep": 125,
            "tournament_size": 50,
            "threshold": 0.75,
            "initial_temperature": 30,
            "temperature_decay": 0.6,
            "min_temperature": 5
        },
        "selection_config_rate": 0.5,
        "crossover_config": {
            "method": "two_point"
        },
        "mutation_config": {
            "mutation_type": "multi_gen",
            "mutation_rate": 0.2,
            "delta_mutation": 15
        },
        "replacement_config_a": {
            "type": "traditional",
            "quantity": 125,
            "gen_gap": 0.5
        },
        "replacement_config_b": {
            "type": "young_bias",
            "quantity": 125,
            "gen_gap": 0.5
        },
        "replacement_config_rate": 0.5,
        "end_condition_config": {
            "type": "content",
            "generations_to_check": 20,
            "generations": 500,
            "optimum_value": 61.5,
            "tolerance": 0.1,
            "structure_tolerance": 0.01,
            "structure_relevant_proportion": 0.98
        }
    }
}