{
    "results": {
        "best": {
            "solution": {
                "class_name": "warrior",
                "variables": {
                    "strength": 74.81934035659548,
                    "agility": 75.18065964340454,
                    "expertise": 0.0,
                    "resistance": 0.0,
                    "life": 0.0,
                    "height": 1.91
                },
                "performance": 41.24279286900575
            },
            "generation": 51
        },
        "last_iterations": [
            {
                "best": {
                    "class_name": "warrior",
                    "performance": 31.197795677883143
                },
                "mean": 15.798095868020766,
                "generation": 1,
                "diversity": 212.80696325714533
            },
            {
                "best": {
                    "class_name": "warrior",
                    "performance": 27.446714427184443
                },
                "mean": 16.31678023899141,
                "generation": 2,
                "diversity": 192.47757872943475
            },
            {
                "best": {
                    "class_name": "warrior",
                    "performance": 27.446714427184443
                },
                "mean": 16.87203858324306,
                "generation": 3,
                "diversity": 170.98477508982864
            },
            {
                "best": {
                    "class_name": "warrior",
                    "performance": 31.584125165311146
                },
                "mean": 17.98447931579753,
                "generation": 4,
                "diversity": 155.8159046902365
            },
            {
                "best": {
                    "class_name": "warrior",
                    "performance": 31.584125165311146
                },
                "mean": 18.5228626795281,
                "generation": 5,
                "diversity": 145.58118319687836
            },
            {
                "best": {
                    "class_name": "warrior",
                    "performance": 32.178393279139264
                },
                "mean": 19.709281258055046,
                "generation": 6,
                "diversity": 123.87927842771599
            },
            {
                "best": {
                    "class_name": "warrior",
                    "performance": 30.66985309579707
                },
                "mean": 20.062651143033417,
                "generation": 7,
                "diversity": 124.97109982253465
            },
            {
                "best": {
                    "class_name": "warrior",
                    "performance": 31.390790391426698
                },
                "mean": 20.74111149192074,
                "generation": 8,
                "diversity": 125.31584085625987
            },
            {
                "best": {
                    "class_name": "warrior",
                    "performance": 33.82071930266943
                },
                "mean": 21.53523518364014,
                "generation": 9,
                "diversity": 122.08889522257796
            },
            {
                "best": {
                    "class_name": "warrior",
                    "performance": 33.44871031224104
                },
                "mean": 22.61156003543936,
                "generation": 10,
                "diversity": 114.81810901044749
            },
            {
                "best": {
                    "class_name": "warrior",
                    "performance": 34.21044455517364
                },
                "mean": 24.074299419510698,
                "generation": 11,
                "diversity": 85.02060878443086
            },
            {
                "best": {
                    "class_name": "warrior",
                    "performance": 38.08972355317436
                },
                "mean": 25.104766588612133,
                "generation": 12,
                "diversity": 78.66166469928413
            },
            {
                "best": {
                    "class_name": "warrior",
                    "performance": 37.74806573518502
                },
                "mean": 25.554936061463216,
                "generation": 13,
                "diversity": 78.40317307363416
            },
            {
                "best": {
                    "class_name": "warrior",
                    "performance": 38.649476564655835
                },
                "mean": 27.371710453596496,
                "generation": 14,
                "diversity": 65.55048523181179
            },
            {
                "best": {
                    "class_name": "warrior",
                    "performance": 38.649476564655835
                },
                "mean": 28.598214847331427,
                "generation": 15,
                "diversity": 61.04731106337652
            },
            {
                "best": {
                    "class_name": "warrior",
                    "performance": 38.23580528981097
                },
                "mean": 28.48305814892779,
                "generation": 16,
                "diversity": 60.96941816479682
            },
            {
                "best": {
                    "class_name": "warrior",
                    "performance": 38.23580528981097
                },
                "mean": 29.03748272444238,
                "generation": 17,
                "diversity": 60.05703821761185
            },
            {
                "best": {
                    "class_name": "warrior",
                    "performance": 39.59857525011104
                },
                "mean": 29.992446191912162,
                "generation": 18,
                "diversity": 54.23523506665509
            },
            {
                "best": {
                    "class_name": "warrior",
                    "performance": 40.493154159828684
                },
                "mean": 30.91464231627402,
                "generation": 19,
                "diversity": 57.619618116512136
            },
            {
                "best": {
                    "class_name": "warrior",
                    "performance": 40.493154159828684
                },
                "mean": 31.413090187921114,
                "generation": 20,
                "diversity": 55.48362784015015
            },
            {
                "best": {
                    "class_name": "warrior",
                    "performance": 40.51424822544617
                },
                "mean": 32.290822443226126,
                "generation": 21,
                "diversity": 53.68019236838838
            },
            {
                "best": {
                    "class_name": "warrior",
                    "performance": 40.6057945603118
                },
                "mean": 32.86236468709436,
                "generation": 22,
                "diversity": 48.584039157529475
            },
            {
                "best": {
                    "class_name": "warrior",
                    "performance": 40.080373157589854
                },
                "mean": 33.49308226409899,
                "generation": 23,
                "diversity": 45.46698436586528
            },
            {
                "best": {
                    "class_name": "warrior",
                    "performance": 39.88996266891336
                },
                "mean": 33.69696743812295,
                "generation": 24,
                "diversity": 41.9560776139159
            },
            {
                "best": {
                    "class_name": "warrior",
                    "performance": 39.88996266891336
                },
                "mean": 34.30381137740347,
                "generation": 25,
                "diversity": 34.667874668974946
            },
            {
                "best": {
                    "class_name": "warrior",
                    "performance": 40.36798433917464
                },
                "mean": 34.70452290445933,
                "generation": 26,
                "diversity": 37.77344628588874
            },
            {
                "best": {
                    "class_name": "warrior",
                    "performance": 40.638747331609515
                },
                "mean": 35.2165010342205,
                "generation": 27,
                "diversity": 36.75754365167193
            },
            {
                "best": {
                    "class_name": "warrior",
                    "performance": 40.892210137469526
                },
                "mean": 35.54930810192177,
                "generation": 28,
                "diversity": 32.83557221193301
            },
            {
                "best": {
                    "class_name": "warrior",
                    "performance": 40.75706663912878
                },
                "mean": 36.22838961003694,
                "generation": 29,
                "diversity": 30.844949698933068
            },
            {
                "best": {
                    "class_name": "warrior",
                    "performance": 40.75706663912878
                },
                "mean": 36.510906075361284,
                "generation": 30,
                "diversity": 26.564957733602782
            },
            {
                "best": {
                    "class_name": "warrior",
                    "performance": 40.80913036289806
                },
                "mean": 36.7247032480263,
                "generation": 31,
                "diversity": 25.08237781596002
            },
            {
                "best": {
                    "class_name": "warrior",
                    "performance": 40.40355718192274
                },
                "mean": 36.567096920027794,
                "generation": 32,
                "diversity": 20.706779291075872
            },
            {
                "best": {
                    "class_name": "warrior",
                    "performance": 40.45698110757488
                },
                "mean": 36.882009102126844,
                "generation": 33,
                "diversity": 22.056776164563157
            },
            {
                "best": {
                    "class_name": "warrior",
                    "performance": 41.00725941214526
                },
                "mean": 37.07325989183746,
                "generation": 34,
                "diversity": 24.67546597826383
            },
            {
                "best": {
                    "class_name": "warrior",
                    "performance": 41.00725941214526
                },
                "mean": 36.70903488482847,
                "generation": 35,
                "diversity": 23.5367072509556
            },
            {
                "best": {
                    "class_name": "warrior",
                    "performance": 40.36571446537876
                },
                "mean": 36.419530021244036,
                "generation": 36,
                "diversity": 25.753173255073605
            },
            {
                "best": {
                    "class_name": "warrior",
                    "performance": 41.1457685025634
                },
                "mean": 36.396693569648825,
                "generation": 37,
                "diversity": 24.915373014044025
            },
            {
                "best": {
                    "class_name": "warrior",
                    "performance": 40.82581997927374
                },
                "mean": 36.51121471160924,
                "generation": 38,
                "diversity": 21.61275809857222
            },
            {
                "best": {
                    "class_name": "warrior",
                    "performance": 40.988454276655155
                },
                "mean": 36.69047745557247,
                "generation": 39,
                "diversity": 23.1329242302279
            },
            {
                "best": {
                    "class_name": "warrior",
                    "performance": 40.798699154384984
                },
                "mean": 36.773025394104714,
                "generation": 40,
                "diversity": 23.77141863669509
            },
            {
                "best": {
                    "class_name": "warrior",
                    "performance": 40.338344917733195
                },
                "mean": 36.80978484251068,
                "generation": 41,
                "diversity": 23.755748641501096
            },
            {
                "best": {
                    "class_name": "warrior",
                    "performance": 40.71493293906837
                },
                "mean": 36.63498627242626,
                "generation": 42,
                "diversity": 22.176687794535344
            },
            {
                "best": {
                    "class_name": "warrior",
                    "performance": 40.519112740122424
                },
                "mean": 36.63260850314451,
                "generation": 43,
                "diversity": 24.16725683165319
            },
            {
                "best": {
                    "class_name": "warrior",
                    "performance": 40.558000891666246
                },
                "mean": 36.84975627549689,
                "generation": 44,
                "diversity": 23.22145052044341
            },
            {
                "best": {
                    "class_name": "warrior",
                    "performance": 40.62105279605718
                },
                "mean": 36.96153819032335,
                "generation": 45,
                "diversity": 25.49119374952775
            },
            {
                "best": {
                    "class_name": "warrior",
                    "performance": 40.62105279605718
                },
                "mean": 36.644796142968026,
                "generation": 46,
                "diversity": 27.299243465295977
            },
            {
                "best": {
                    "class_name": "warrior",
                    "performance": 40.754486204055134
                },
                "mean": 36.816525739681616,
                "generation": 47,
                "diversity": 26.055429090967834
            },
            {
                "best": {
                    "class_name": "warrior",
                    "performance": 40.8759527587472
                },
                "mean": 36.62283433114679,
                "generation": 48,
                "diversity": 26.469179326421287
            },
            {
                "best": {
                    "class_name": "warrior",
                    "performance": 40.94722445160868
                },
                "mean": 36.6411470960924,
                "generation": 49,
                "diversity": 26.023937387106738
            },
            {
                "best": {
                    "class_name": "warrior",
                    "performance": 40.70808088246175
                },
                "mean": 36.97225168791476,
                "generation": 50,
                "diversity": 32.216146516660494
            },
            {
                "best": {
                    "class_name": "warrior",
                    "performance": 41.24279286900575
                },
                "mean": 37.301773130244605,
                "generation": 51,
                "diversity": 31.822773562063574
            },
            {
                "best": {
                    "class_name": "warrior",
                    "performance": 41.24279286900575
                },
                "mean": 37.49550016834539,
                "generation": 52,
                "diversity": 36.5658904175986
            },
            {
                "best": {
                    "class_name": "warrior",
                    "performance": 41.03124469799198
                },
                "mean": 37.62803885130836,
                "generation": 53,
                "diversity": 33.33868994733669
            },
            {
                "best": {
                    "class_name": "warrior",
                    "performance": 41.20213777181919
                },
                "mean": 37.6373352226736,
                "generation": 54,
                "diversity": 38.19509221865193
            },
            {
                "best": {
                    "class_name": "warrior",
                    "performance": 41.20213777181919
                },
                "mean": 37.94406520240352,
                "generation": 55,
                "diversity": 34.26104953625825
            },
            {
                "best": {
                    "class_name": "warrior",
                    "performance": 41.187355537874616
                },
                "mean": 37.800838891643004,
                "generation": 56,
                "diversity": 30.555321886063002
            },
            {
                "best": {
                    "class_name": "warrior",
                    "performance": 41.09870596304945
                },
                "mean": 37.89164434645916,
                "generation": 57,
                "diversity": 30.257684850117556
            },
            {
                "best": {
                    "class_name": "warrior",
                    "performance": 41.09870596304945
                },
                "mean": 37.93215920510719,
                "generation": 58,
                "diversity": 32.41949836013117
            },
            {
                "best": {
                    "class_name": "warrior",
                    "performance": 41.114459936850075
                },
                "mean": 37.872155598523,
                "generation": 59,
                "diversity": 35.83773480278927
            },
            {
                "best": {
                    "class_name": "warrior",
                    "performance": 41.114459936850075
                },
                "mean": 37.778050686074174,
                "generation": 60,
                "diversity": 35.08334734081469
            },
            {
                "best": {
                    "class_name": "warrior",
                    "performance": 41.13873522396349
                },
                "mean": 37.76038923772514,
                "generation": 61,
                "diversity": 37.419953130276205
            },
            {
                "best": {
                    "class_name": "warrior",
                    "performance": 40.941684417444996
                },
                "mean": 37.846464158277655,
                "generation": 62,
                "diversity": 34.65188644135497
            },
            {
                "best": {
                    "class_name": "warrior",
                    "performance": 41.159101075949835
                },
                "mean": 37.89806637014527,
                "generation": 63,
                "diversity": 33.506835916674596
            },
            {
                "best": {
                    "class_name": "warrior",
                    "performance": 41.19353327638633
                },
                "mean": 37.93628043764704,
                "generation": 64,
                "diversity": 32.37282425992252
            },
            {
                "best": {
                    "class_name": "warrior",
                    "performance": 41.19353327638633
                },
                "mean": 37.87223945985316,
                "generation": 65,
                "diversity": 28.098470671534994
            },
            {
                "best": {
                    "class_name": "warrior",
                    "performance": 41.06931986406955
                },
                "mean": 38.361302661693756,
                "generation": 66,
                "diversity": 24.819656981320506
            },
            {
                "best": {
                    "class_name": "warrior",
                    "performance": 41.180053139053285
                },
                "mean": 38.205902710590976,
                "generation": 67,
                "diversity": 25.147021810586626
            },
            {
                "best": {
                    "class_name": "warrior",
                    "performance": 41.149746713132345
                },
                "mean": 38.22381143169469,
                "generation": 68,
                "diversity": 23.208463856682584
            },
            {
                "best": {
                    "class_name": "warrior",
                    "performance": 41.241235118141034
                },
                "mean": 38.21251139052099,
                "generation": 69,
                "diversity": 23.940454875302404
            },
            {
                "best": {
                    "class_name": "warrior",
                    "performance": 41.184057904678646
                },
                "mean": 38.38089342309132,
                "generation": 70,
                "diversity": 22.23209028197009
            },
            {
                "best": {
                    "class_name": "warrior",
                    "performance": 41.136297283243636
                },
                "mean": 38.44959737879166,
                "generation": 71,
                "diversity": 22.573347213014046
            }
        ]
    },
    "config": {
        "population_size": 500,
        "population_to_keep": 250,
        "class_name": "warrior",
        "selection_config_a": {
            "selection_type": "elite",
            "population_to_keep": 125,
            "tournament_size": 50,
            "threshold": 0.75,
            "initial_temperature": 30,
            "temperature_decay": 0.6,
            "min_temperature": 5
        },
        "selection_config_b": {
            "selection_type": "roulette",
            "population_to_keep": 125,
            "tournament_size": 50,
            "threshold": 0.75,
            "initial_temperature": 30,
            "temperature_decay": 0.6,
            "min_temperature": 5
        },
        "selection_config_rate": 0.5,
        "crossover_config": {
            "method": "uniform"
        },
        "mutation_config": {
            "mutation_type": "multi_gen",
            "mutation_rate": 0.2,
            "delta_mutation": 15
        },
        "replacement_config_a": {
            "type": "traditional",
            "quantity": 125,
            "gen_gap": 0.5
        },
        "replacement_config_b": {
            "type": "young_bias",
            "quantity": 125,
            "gen_gap": 0.5
        },
        "replacement_config_rate": 0.5,
        "end_condition_config": {
            "type": "content",
            "generations_to_check": 20,
            "generations": 500,
            "optimum_value": 61.5,
            "tolerance": 0.1,
            "structure_tolerance": 0.01,
            "structure_relevant_proportion": 0.98
        }
    }
}