{
    "results": {
        "best": {
            "solution": {
                "class_name": "warrior",
                "variables": {
                    "strength": 75.09604786226805,
                    "agility": 74.90395213773196,
                    "expertise": 0.0,
                    "resistance": 0.0,
                    "life": 0.0,
                    "height": 1.92
                },
                "performance": 41.24446129606819
            },
            "generation": 33
        },
        "last_iterations": [
            {
                "best": {
                    "class_name": "warrior",
                    "performance": 36.14033754087122
                },
                "mean": 16.662763274084273,
                "generation": 1,
                "diversity": 233.4067062663795
            },
            {
                "best": {
                    "class_name": "warrior",
                    "performance": 31.453966644913486
                },
                "mean": 17.146996937950004,
                "generation": 2,
                "diversity": 206.22570897411796
            },
            {
                "best": {
                    "class_name": "warrior",
                    "performance": 31.813211290601455
                },
                "mean": 17.567623078654762,
                "generation": 3,
                "diversity": 203.71493978246076
            },
            {
                "best": {
                    "class_name": "warrior",
                    "performance": 30.934312547087274
                },
                "mean": 18.363871249165612,
                "generation": 4,
                "diversity": 184.04451312299568
            },
            {
                "best": {
                    "class_name": "warrior",
                    "performance": 29.751831777343362
                },
                "mean": 18.863028777698702,
                "generation": 5,
                "diversity": 177.71176243873393
            },
            {
                "best": {
                    "class_name": "warrior",
                    "performance": 33.27474871692092
                },
                "mean": 19.186362516761204,
                "generation": 6,
                "diversity": 163.17903901367131
            },
            {
                "best": {
                    "class_name": "warrior",
                    "performance": 30.53072599965366
                },
                "mean": 20.13664565068087,
                "generation": 7,
                "diversity": 157.25362739891114
            },
            {
                "best": {
                    "class_name": "warrior",
                    "performance": 32.50146531472027
                },
                "mean": 20.647716160355245,
                "generation": 8,
                "diversity": 141.4879197729115
            },
            {
                "best": {
                    "class_name": "warrior",
                    "performance": 33.956297679687864
                },
                "mean": 21.711467743803816,
                "generation": 9,
                "diversity": 126.16315893338168
            },
            {
                "best": {
                    "class_name": "warrior",
                    "performance": 33.77033663272094
                },
                "mean": 22.61799943226426,
                "generation": 10,
                "diversity": 118.89411582276882
            },
            {
                "best": {
                    "class_name": "warrior",
                    "performance": 37.54462278242998
                },
                "mean": 23.988820799305227,
                "generation": 11,
                "diversity": 101.82891666166866
            },
            {
                "best": {
                    "class_name": "warrior",
                    "performance": 36.584480649928906
                },
                "mean": 24.183423088647274,
                "generation": 12,
                "diversity": 97.0537044011336
            },
            {
                "best": {
                    "class_name": "warrior",
                    "performance": 36.036862366215075
                },
                "mean": 24.651228808571553,
                "generation": 13,
                "diversity": 90.5318958392457
            },
            {
                "best": {
                    "class_name": "warrior",
                    "performance": 36.036862366215075
                },
                "mean": 25.743861934243956,
                "generation": 14,
                "diversity": 79.05298777684567
            },
            {
                "best": {
                    "class_name": "warrior",
                    "performance": 34.970938926636755
                },
                "mean": 26.866702036679108,
                "generation": 15,
                "diversity": 74.21117961189432
            },
            {
                "best": {
                    "class_name": "warrior",
                    "performance": 36.25557226869174
                },
                "mean": 27.602945170128244,
                "generation": 16,
                "diversity": 81.12790820486302
            },
            {
                "best": {
                    "class_name": "warrior",
                    "performance": 37.59235089157064
                },
                "mean": 28.16489179699272,
                "generation": 17,
                "diversity": 78.89560479514354
            },
            {
                "best": {
                    "class_name": "warrior",
                    "performance": 39.953230225224296
                },
                "mean": 29.183442530620486,
                "generation": 18,
                "diversity": 74.13073347031401
            },
            {
                "best": {
                    "class_name": "warrior",
                    "performance": 39.20052554501037
                },
                "mean": 29.653314517670317,
                "generation": 19,
                "diversity": 68.7001009699513
            },
            {
                "best": {
                    "class_name": "warrior",
                    "performance": 39.38929406101052
                },
                "mean": 30.074858596395792,
                "generation": 20,
                "diversity": 68.60827576516921
            },
            {
                "best": {
                    "class_name": "warrior",
                    "performance": 40.35531591779583
                },
                "mean": 30.373847176972312,
                "generation": 21,
                "diversity": 63.161456488329485
            },
            {
                "best": {
                    "class_name": "warrior",
                    "performance": 39.62536483945704
                },
                "mean": 30.88728349921746,
                "generation": 22,
                "diversity": 63.241069835629276
            },
            {
                "best": {
                    "class_name": "warrior",
                    "performance": 39.74111899574441
                },
                "mean": 31.806427143049557,
                "generation": 23,
                "diversity": 56.98149069255021
            },
            {
                "best": {
                    "class_name": "warrior",
                    "performance": 40.30216331243978
                },
                "mean": 32.33952867577728,
                "generation": 24,
                "diversity": 53.970412556188286
            },
            {
                "best": {
                    "class_name": "warrior",
                    "performance": 39.8757490537019
                },
                "mean": 32.99619218538566,
                "generation": 25,
                "diversity": 51.1779139625385
            },
            {
                "best": {
                    "class_name": "warrior",
                    "performance": 40.55243526122089
                },
                "mean": 33.28621916238917,
                "generation": 26,
                "diversity": 52.12173079617178
            },
            {
                "best": {
                    "class_name": "warrior",
                    "performance": 40.54438147429089
                },
                "mean": 33.98339093564676,
                "generation": 27,
                "diversity": 43.18535729109933
            },
            {
                "best": {
                    "class_name": "warrior",
                    "performance": 39.96693468373234
                },
                "mean": 34.206999614942674,
                "generation": 28,
                "diversity": 44.31879419648447
            },
            {
                "best": {
                    "class_name": "warrior",
                    "performance": 40.552024989246256
                },
                "mean": 34.515565555322496,
                "generation": 29,
                "diversity": 47.79449200648846
            },
            {
                "best": {
                    "class_name": "warrior",
                    "performance": 40.03795041682692
                },
                "mean": 34.60366557204954,
                "generation": 30,
                "diversity": 45.80866437781003
            },
            {
                "best": {
                    "class_name": "warrior",
                    "performance": 41.21889129957334
                },
                "mean": 34.978021556784654,
                "generation": 31,
                "diversity": 40.96816242414979
            },
            {
                "best": {
                    "class_name": "warrior",
                    "performance": 41.20184390188478
                },
                "mean": 35.376681332882384,
                "generation": 32,
                "diversity": 41.39464349254521
            },
            {
                "best": {
                    "class_name": "warrior",
                    "performance": 41.24446129606819
                },
                "mean": 35.9661669999122,
                "generation": 33,
                "diversity": 39.89318960437957
            },
            {
                "best": {
                    "class_name": "warrior",
                    "performance": 41.230246390836605
                },
                "mean": 36.36840179309495,
                "generation": 34,
                "diversity": 37.818581482801335
            },
            {
                "best": {
                    "class_name": "warrior",
                    "performance": 41.230246390836605
                },
                "mean": 36.56279148955908,
                "generation": 35,
                "diversity": 41.327091395659345
            },
            {
                "best": {
                    "class_name": "warrior",
                    "performance": 41.230246390836605
                },
                "mean": 36.55490014299653,
                "generation": 36,
                "diversity": 37.85115547541234
            },
            {
                "best": {
                    "class_name": "warrior",
                    "performance": 41.02304928276886
                },
                "mean": 36.68470365308475,
                "generation": 37,
                "diversity": 41.74498880972454
            },
            {
                "best": {
                    "class_name": "warrior",
                    "performance": 40.87212579838894
                },
                "mean": 36.93866764507663,
                "generation": 38,
                "diversity": 40.46857308245267
            },
            {
                "best": {
                    "class_name": "warrior",
                    "performance": 40.72936821842071
                },
                "mean": 36.88032443607177,
                "generation": 39,
                "diversity": 41.3453387931251
            },
            {
                "best": {
                    "class_name": "warrior",
                    "performance": 40.933381517806275
                },
                "mean": 36.97771539495297,
                "generation": 40,
                "diversity": 44.99561543842096
            },
            {
                "best": {
                    "class_name": "warrior",
                    "performance": 41.14502219067489
                },
                "mean": 37.012964267924204,
                "generation": 41,
                "diversity": 42.79463023386344
            },
            {
                "best": {
                    "class_name": "warrior",
                    "performance": 40.994812956909236
                },
                "mean": 37.40244826134163,
                "generation": 42,
                "diversity": 40.98209706589123
            },
            {
                "best": {
                    "class_name": "warrior",
                    "performance": 41.09897398576516
                },
                "mean": 37.44862747719081,
                "generation": 43,
                "diversity": 36.149087019503106
            },
            {
                "best": {
                    "class_name": "warrior",
                    "performance": 41.09409517217663
                },
                "mean": 37.69042709771213,
                "generation": 44,
                "diversity": 32.249977641783516
            },
            {
                "best": {
                    "class_name": "warrior",
                    "performance": 41.136788958511175
                },
                "mean": 37.72588943740961,
                "generation": 45,
                "diversity": 32.48459632760956
            },
            {
                "best": {
                    "class_name": "warrior",
                    "performance": 41.23911194805124
                },
                "mean": 38.1099850235042,
                "generation": 46,
                "diversity": 35.65858369104802
            },
            {
                "best": {
                    "class_name": "warrior",
                    "performance": 41.08502337936598
                },
                "mean": 38.20059183158898,
                "generation": 47,
                "diversity": 40.11055133797564
            },
            {
                "best": {
                    "class_name": "warrior",
                    "performance": 41.144561799446016
                },
                "mean": 38.133335007401286,
                "generation": 48,
                "diversity": 37.20126478824964
            },
            {
                "best": {
                    "class_name": "warrior",
                    "performance": 41.140851339513475
                },
                "mean": 37.93113890926328,
                "generation": 49,
                "diversity": 39.73922061707251
            },
            {
                "best": {
                    "class_name": "warrior",
                    "performance": 41.158119511148904
                },
                "mean": 37.998199890366244,
                "generation": 50,
                "diversity": 41.751347922142564
            },
            {
                "best": {
                    "class_name": "warrior",
                    "performance": 41.133571158625514
                },
                "mean": 38.108665759387385,
                "generation": 51,
                "diversity": 37.22464848771309
            },
            {
                "best": {
                    "class_name": "warrior",
                    "performance": 41.135114974822045
                },
                "mean": 38.27090490285112,
                "generation": 52,
                "diversity": 39.39847538135603
            },
            {
                "best": {
                    "class_name": "warrior",
                    "performance": 41.13833289241925
                },
                "mean": 38.58837813125626,
                "generation": 53,
                "diversity": 35.58588320082776
            }
        ]
    },
    "config": {
        "population_size": 500,
        "population_to_keep": 250,
        "class_name": "warrior",
        "selection_config_a": {
            "selection_type": "elite",
            "population_to_keep": 125,
            "tournament_size": 50,
            "threshold": 0.75,
            "initial_temperature": 30,
            "temperature_decay": 0.6,
            "min_temperature": 5
        },
        "selection_config_b": {
            "selection_type": "roulette",
            "population_to_keep": 125,
            "tournament_size": 50,
            "threshold": 0.75,
            "initial_temperature": 30,
            "temperature_decay": 0.6,
            "min_temperature": 5
        },
        "selection_config_rate": 0.5,
        "crossover_config": {
            "method": "two_point"
        },
        "mutation_config": {
            "mutation_type": "multi_gen",
            "mutation_rate": 0.2,
            "delta_mutation": 15
        },
        "replacement_config_a": {
            "type": "traditional",
            "quantity": 125,
            "gen_gap": 0.5
        },
        "replacement_config_b": {
            "type": "young_bias",
            "quantity": 125,
            "gen_gap": 0.5
        },
        "replacement_config_rate": 0.5,
        "end_condition_config": {
            "type": "content",
            "generations_to_check": 20,
            "generations": 500,
            "optimum_value": 61.5,
            "tolerance": 0.1,
            "structure_tolerance": 0.01,
            "structure_relevant_proportion": 0.98
        }
    }
}