{
    "results": {
        "best": {
            "solution": {
                "class_name": "warrior",
                "variables": {
                    "strength": 73.06728446805194,
                    "agility": 76.93271553194806,
                    "expertise": 0.0,
                    "resistance": 0.0,
                    "life": 0.0,
                    "height": 1.91
                },
                "performance": 41.21110156610422
            },
            "generation": 71
        },
        "last_iterations": [
            {
                "best": {
                    "class_name": "warrior",
                    "performance": 33.85263612392333
                },
                "mean": 16.192812490668686,
                "generation": 1,
                "diversity": 239.69669437259472
            },
            {
                "best": {
                    "class_name": "warrior",
                    "performance": 30.060638107832254
                },
                "mean": 16.086540222894715,
                "generation": 2,
                "diversity": 225.85481770012794
            },
            {
                "best": {
                    "class_name": "warrior",
                    "performance": 28.608673964650105
                },
                "mean": 17.392276777028453,
                "generation": 3,
                "diversity": 210.1094763199143
            },
            {
                "best": {
                    "class_name": "warrior",
                    "performance": 28.608673964650105
                },
                "mean": 19.022596103048077,
                "generation": 4,
                "diversity": 172.8133071696017
            },
            {
                "best": {
                    "class_name": "warrior",
                    "performance": 29.849097596322117
                },
                "mean": 19.42229978752661,
                "generation": 5,
                "diversity": 160.27060301609865
            },
            {
                "best": {
                    "class_name": "warrior",
                    "performance": 29.928774622494664
                },
                "mean": 19.9744441302025,
                "generation": 6,
                "diversity": 152.22300372801462
            },
            {
                "best": {
                    "class_name": "warrior",
                    "performance": 34.03442925852481
                },
                "mean": 20.91597807963499,
                "generation": 7,
                "diversity": 131.82120259852243
            },
            {
                "best": {
                    "class_name": "warrior",
                    "performance": 28.2108865630462
                },
                "mean": 21.11318192583142,
                "generation": 8,
                "diversity": 121.77879631730782
            },
            {
                "best": {
                    "class_name": "warrior",
                    "performance": 31.455551299792983
                },
                "mean": 22.394460272111893,
                "generation": 9,
                "diversity": 107.57869432571248
            },
            {
                "best": {
                    "class_name": "warrior",
                    "performance": 34.84143011246374
                },
                "mean": 23.118663961850295,
                "generation": 10,
                "diversity": 97.96376467575838
            },
            {
                "best": {
                    "class_name": "warrior",
                    "performance": 36.21277423161757
                },
                "mean": 23.627933195357272,
                "generation": 11,
                "diversity": 101.56505184698536
            },
            {
                "best": {
                    "class_name": "warrior",
                    "performance": 36.21277423161757
                },
                "mean": 24.40674188107728,
                "generation": 12,
                "diversity": 96.17784142085793
            },
            {
                "best": {
                    "class_name": "warrior",
                    "performance": 35.43191160595795
                },
                "mean": 24.904705093054368,
                "generation": 13,
                "diversity": 94.06591604522869
            },
            {
                "best": {
                    "class_name": "warrior",
                    "performance": 36.917390641763255
                },
                "mean": 25.731207405209563,
                "generation": 14,
                "diversity": 89.10423642489297
            },
            {
                "best": {
                    "class_name": "warrior",
                    "performance": 35.688975143233286
                },
                "mean": 26.63675949685495,
                "generation": 15,
                "diversity": 86.12777231391061
            },
            {
                "best": {
                    "class_name": "warrior",
                    "performance": 34.91267055673112
                },
                "mean": 27.0841677408717,
                "generation": 16,
                "diversity": 76.78943146104035
            },
            {
                "best": {
                    "class_name": "warrior",
                    "performance": 37.09500150690304
                },
                "mean": 27.918279691308285,
                "generation": 17,
                "diversity": 73.94671849763198
            },
            {
                "best": {
                    "class_name": "warrior",
                    "performance": 37.194999329897506
                },
                "mean": 28.673643856198957,
                "generation": 18,
                "diversity": 73.0642214506497
            },
            {
                "best": {
                    "class_name": "warrior",
                    "performance": 37.194999329897506
                },
                "mean": 29.422657796080337,
                "generation": 19,
                "diversity": 59.70493332455621
            },
            {
                "best": {
                    "class_name": "warrior",
                    "performance": 38.45745746668176
                },
                "mean": 29.998740098849137,
                "generation": 20,
                "diversity": 57.25494440360371
            },
            {
                "best": {
                    "class_name": "warrior",
                    "performance": 38.95171381176622
                },
                "mean": 30.41834227206365,
                "generation": 21,
                "diversity": 55.25581816164905
            },
            {
                "best": {
                    "class_name": "warrior",
                    "performance": 39.73496913473704
                },
                "mean": 30.753029256172645,
                "generation": 22,
                "diversity": 54.09464878121881
            },
            {
                "best": {
                    "class_name": "warrior",
                    "performance": 38.1276857605023
                },
                "mean": 31.335335873246002,
                "generation": 23,
                "diversity": 50.29811116276391
            },
            {
                "best": {
                    "class_name": "warrior",
                    "performance": 38.1276857605023
                },
                "mean": 31.602305317650714,
                "generation": 24,
                "diversity": 47.09280872304611
            },
            {
                "best": {
                    "class_name": "warrior",
                    "performance": 38.1276857605023
                },
                "mean": 31.71271607337119,
                "generation": 25,
                "diversity": 52.270436348302574
            },
            {
                "best": {
                    "class_name": "warrior",
                    "performance": 38.128894243426934
                },
                "mean": 32.61741054762609,
                "generation": 26,
                "diversity": 41.91002214344907
            },
            {
                "best": {
                    "class_name": "warrior",
                    "performance": 38.720007625230075
                },
                "mean": 33.051457920148124,
                "generation": 27,
                "diversity": 41.419683005050274
            },
            {
                "best": {
                    "class_name": "warrior",
                    "performance": 39.25820719999325
                },
                "mean": 33.494225722036965,
                "generation": 28,
                "diversity": 42.60998144703209
            },
            {
                "best": {
                    "class_name": "warrior",
                    "performance": 39.418676822892174
                },
                "mean": 33.97329869886243,
                "generation": 29,
                "diversity": 35.95161116216622
            },
            {
                "best": {
                    "class_name": "warrior",
                    "performance": 39.706450769705725
                },
                "mean": 34.272597491914105,
                "generation": 30,
                "diversity": 35.444858208325584
            },
            {
                "best": {
                    "class_name": "warrior",
                    "performance": 39.676963757375724
                },
                "mean": 34.59194675254427,
                "generation": 31,
                "diversity": 33.177036046322215
            },
            {
                "best": {
                    "class_name": "warrior",
                    "performance": 39.774291554458614
                },
                "mean": 35.48126694550455,
                "generation": 32,
                "diversity": 29.878576103547374
            },
            {
                "best": {
                    "class_name": "warrior",
                    "performance": 39.98084990979772
                },
                "mean": 35.67663336774262,
                "generation": 33,
                "diversity": 29.528686412673824
            },
            {
                "best": {
                    "class_name": "warrior",
                    "performance": 40.38347273226336
                },
                "mean": 36.106537331418394,
                "generation": 34,
                "diversity": 29.30914086779887
            },
            {
                "best": {
                    "class_name": "warrior",
                    "performance": 40.38347273226336
                },
                "mean": 36.215836452601216,
                "generation": 35,
                "diversity": 26.70462128322634
            },
            {
                "best": {
                    "class_name": "warrior",
                    "performance": 40.48556945548213
                },
                "mean": 36.0022418501441,
                "generation": 36,
                "diversity": 29.266911898024137
            },
            {
                "best": {
                    "class_name": "warrior",
                    "performance": 40.48556945548212
                },
                "mean": 35.732228740502386,
                "generation": 37,
                "diversity": 27.383843195533093
            },
            {
                "best": {
                    "class_name": "warrior",
                    "performance": 40.07299599087393
                },
                "mean": 35.55202893746746,
                "generation": 38,
                "diversity": 28.296645396502637
            },
            {
                "best": {
                    "class_name": "warrior",
                    "performance": 39.9358327805059
                },
                "mean": 35.751187180677064,
                "generation": 39,
                "diversity": 28.21494544882277
            },
            {
                "best": {
                    "class_name": "warrior",
                    "performance": 40.00137972825685
                },
                "mean": 36.18605522034542,
                "generation": 40,
                "diversity": 28.599430742998962
            },
            {
                "best": {
                    "class_name": "warrior",
                    "performance": 40.02067138605449
                },
                "mean": 36.3951693198058,
                "generation": 41,
                "diversity": 26.140389476821756
            },
            {
                "best": {
                    "class_name": "warrior",
                    "performance": 40.51039226241415
                },
                "mean": 36.61302383318334,
                "generation": 42,
                "diversity": 22.995801660835284
            },
            {
                "best": {
                    "class_name": "warrior",
                    "performance": 40.51039226241415
                },
                "mean": 36.74702935627532,
                "generation": 43,
                "diversity": 28.5248575758462
            },
            {
                "best": {
                    "class_name": "warrior",
                    "performance": 40.52094993049712
                },
                "mean": 37.05973523427107,
                "generation": 44,
                "diversity": 23.844851065459096
            },
            {
                "best": {
                    "class_name": "warrior",
                    "performance": 40.73574090693992
                },
                "mean": 36.82565989053516,
                "generation": 45,
                "diversity": 24.04452112439723
            },
            {
                "best": {
                    "class_name": "warrior",
                    "performance": 40.584277755396634
                },
                "mean": 36.84257736503042,
                "generation": 46,
                "diversity": 25.509204587302822
            },
            {
                "best": {
                    "class_name": "warrior",
                    "performance": 40.473592377023635
                },
                "mean": 37.061358406657426,
                "generation": 47,
                "diversity": 27.750727514471873
            },
            {
                "best": {
                    "class_name": "warrior",
                    "performance": 40.89397718988741
                },
                "mean": 37.32951010794597,
                "generation": 48,
                "diversity": 28.26823708162348
            },
            {
                "best": {
                    "class_name": "warrior",
                    "performance": 40.89397718988741
                },
                "mean": 37.157007383854086,
                "generation": 49,
                "diversity": 27.646726972629722
            },
            {
                "best": {
                    "class_name": "warrior",
                    "performance": 41.00658949210984
                },
                "mean": 37.170269054353305,
                "generation": 50,
                "diversity": 31.237547314113797
            },
            {
                "best": {
                    "class_name": "warrior",
                    "performance": 41.00658949210984
                },
                "mean": 37.25169730603762,
                "generation": 51,
                "diversity": 29.62297738731381
            },
            {
                "best": {
                    "class_name": "warrior",
                    "performance": 41.00658949210984
                },
                "mean": 37.47541602304059,
                "generation": 52,
                "diversity": 29.373440548318882
            },
            {
                "best": {
                    "class_name": "warrior",
                    "performance": 41.209656726061674
                },
                "mean": 37.38013308907306,
                "generation": 53,
                "diversity": 34.71645889133368
            },
            {
                "best": {
                    "class_name": "warrior",
                    "performance": 41.209656726061674
                },
                "mean": 37.404696704163726,
                "generation": 54,
                "diversity": 34.759499790678625
            },
            {
                "best": {
                    "class_name": "warrior",
                    "performance": 41.107197006876675
                },
                "mean": 37.045132518999935,
                "generation": 55,
                "diversity": 29.3934744372778
            },
            {
                "best": {
                    "class_name": "warrior",
                    "performance": 41.107197006876675
                },
                "mean": 37.186893951291815,
                "generation": 56,
                "diversity": 27.573625459859098
            },
            {
                "best": {
                    "class_name": "warrior",
                    "performance": 40.87584765705026
                },
                "mean": 37.55139759900213,
                "generation": 57,
                "diversity": 30.428656077842493
            },
            {
                "best": {
                    "class_name": "warrior",
                    "performance": 41.0774105636302
                },
                "mean": 37.46097801375469,
                "generation": 58,
                "diversity": 26.637296061823378
            },
            {
                "best": {
                    "class_name": "warrior",
                    "performance": 40.67810570316662
                },
                "mean": 37.18159315256315,
                "generation": 59,
                "diversity": 28.9983702528252
            },
            {
                "best": {
                    "class_name": "warrior",
                    "performance": 40.865689976892114
                },
                "mean": 37.071035954124035,
                "generation": 60,
                "diversity": 30.030398373958047
            },
            {
                "best": {
                    "class_name": "warrior",
                    "performance": 40.457157090066545
                },
                "mean": 37.39242667518082,
                "generation": 61,
                "diversity": 26.84016972333367
            },
            {
                "best": {
                    "class_name": "warrior",
                    "performance": 40.795782349582026
                },
                "mean": 37.41058611318464,
                "generation": 62,
                "diversity": 29.28570680160846
            },
            {
                "best": {
                    "class_name": "warrior",
                    "performance": 40.86975008510129
                },
                "mean": 37.48605404100526,
                "generation": 63,
                "diversity": 29.16333863104666
            },
            {
                "best": {
                    "class_name": "warrior",
                    "performance": 41.070566592755355
                },
                "mean": 37.60242445089658,
                "generation": 64,
                "diversity": 29.403776548187285
            },
            {
                "best": {
                    "class_name": "warrior",
                    "performance": 41.070566592755355
                },
                "mean": 37.764373207949525,
                "generation": 65,
                "diversity": 28.711254970356805
            },
            {
                "best": {
                    "class_name": "warrior",
                    "performance": 41.03118720849402
                },
                "mean": 37.81602799216252,
                "generation": 66,
                "diversity": 29.35347932325713
            },
            {
                "best": {
                    "class_name": "warrior",
                    "performance": 40.94630262462521
                },
                "mean": 37.701147608089364,
                "generation": 67,
                "diversity": 29.08349719372215
            },
            {
                "best": {
                    "class_name": "warrior",
                    "performance": 41.16734995294626
                },
                "mean": 37.97523410535186,
                "generation": 68,
                "diversity": 27.74237820971057
            },
            {
                "best": {
                    "class_name": "warrior",
                    "performance": 41.20744324627139
                },
                "mean": 37.91986277865423,
                "generation": 69,
                "diversity": 27.040636028756282
            },
            {
                "best": {
                    "class_name": "warrior",
                    "performance": 41.16993847049774
                },
                "mean": 37.926209486030494,
                "generation": 70,
                "diversity": 26.41549305972843
            },
            {
                "best": {
                    "class_name": "warrior",
                    "performance": 41.21110156610422
                },
                "mean": 38.10806344748844,
                "generation": 71,
                "diversity": 25.212400535306685
            },
            {
                "best": {
                    "class_name": "warrior",
                    "performance": 41.184914791946106
                },
                "mean": 38.31137068341903,
                "generation": 72,
                "diversity": 24.429797986962924
            },
            {
                "best": {
                    "class_name": "warrior",
                    "performance": 40.99408704082112
                },
                "mean": 38.35309008995297,
                "generation": 73,
                "diversity": 28.032340867017098
            }
        ]
    },
    "config": {
        "population_size": 500,
        "population_to_keep": 250,
        "class_name": "warrior",
        "selection_config_a": {
            "selection_type": "elite",
            "population_to_keep": 125,
            "tournament_size": 50,
            "threshold": 0.75,
            "initial_temperature": 30,
            "temperature_decay": 0.6,
            "min_temperature": 5
        },
        "selection_config_b": {
            "selection_type": "roulette",
            "population_to_keep": 125,
            "tournament_size": 50,
            "threshold": 0.75,
            "initial_temperature": 30,
            "temperature_decay": 0.6,
            "min_temperature": 5
        },
        "selection_config_rate": 0.5,
        "crossover_config": {
            "method": "annular"
        },
        "mutation_config": {
            "mutation_type": "multi_gen",
            "mutation_rate": 0.2,
            "delta_mutation": 15
        },
        "replacement_config_a": {
            "type": "traditional",
            "quantity": 125,
            "gen_gap": 0.5
        },
        "replacement_config_b": {
            "type": "young_bias",
            "quantity": 125,
            "gen_gap": 0.5
        },
        "replacement_config_rate": 0.5,
        "end_condition_config": {
            "type": "content",
            "generations_to_check": 20,
            "generations": 500,
            "optimum_value": 61.5,
            "tolerance": 0.1,
            "structure_tolerance": 0.01,
            "structure_relevant_proportion": 0.98
        }
    }
}