{
    "results": {
        "best": {
            "solution": {
                "class_name": "warrior",
                "variables": {
                    "strength": 74.916087617278,
                    "agility": 75.083912382722,
                    "expertise": 0.0,
                    "resistance": 0.0,
                    "life": 0.0,
                    "height": 1.9100000000000001
                },
                "performance": 41.24301196819241
            },
            "generation": 47
        },
        "last_iterations": [
            {
                "best": {
                    "class_name": "warrior",
                    "performance": 30.390977441698002
                },
                "mean": 15.971098982685715,
                "generation": 1,
                "diversity": 269.4021036682072
            },
            {
                "best": {
                    "class_name": "warrior",
                    "performance": 30.63004976381818
                },
                "mean": 16.760426176678592,
                "generation": 2,
                "diversity": 268.07800946631534
            },
            {
                "best": {
                    "class_name": "warrior",
                    "performance": 34.30719084129656
                },
                "mean": 18.79841789750303,
                "generation": 3,
                "diversity": 226.45949045533487
            },
            {
                "best": {
                    "class_name": "warrior",
                    "performance": 34.30719084129656
                },
                "mean": 20.33891086548607,
                "generation": 4,
                "diversity": 186.56582960579408
            },
            {
                "best": {
                    "class_name": "warrior",
                    "performance": 34.196820941331225
                },
                "mean": 22.280102281540263,
                "generation": 5,
                "diversity": 149.60969884744333
            },
            {
                "best": {
                    "class_name": "warrior",
                    "performance": 35.879566464286675
                },
                "mean": 22.73615952882607,
                "generation": 6,
                "diversity": 128.8559319393859
            },
            {
                "best": {
                    "class_name": "warrior",
                    "performance": 36.27834035449251
                },
                "mean": 23.569798216763374,
                "generation": 7,
                "diversity": 121.01575322691606
            },
            {
                "best": {
                    "class_name": "warrior",
                    "performance": 36.294233482437264
                },
                "mean": 24.555477370337538,
                "generation": 8,
                "diversity": 104.21270528310195
            },
            {
                "best": {
                    "class_name": "warrior",
                    "performance": 34.66779383263254
                },
                "mean": 25.055208270676477,
                "generation": 9,
                "diversity": 98.03058654736789
            },
            {
                "best": {
                    "class_name": "warrior",
                    "performance": 36.26111955465887
                },
                "mean": 26.02269869385025,
                "generation": 10,
                "diversity": 90.4068732007695
            },
            {
                "best": {
                    "class_name": "warrior",
                    "performance": 36.26111955465887
                },
                "mean": 26.537007696796138,
                "generation": 11,
                "diversity": 78.35172647053528
            },
            {
                "best": {
                    "class_name": "warrior",
                    "performance": 36.85937511246665
                },
                "mean": 26.899409010392905,
                "generation": 12,
                "diversity": 71.67839693616067
            },
            {
                "best": {
                    "class_name": "warrior",
                    "performance": 35.96216511970624
                },
                "mean": 27.50001619979527,
                "generation": 13,
                "diversity": 67.01404184983812
            },
            {
                "best": {
                    "class_name": "warrior",
                    "performance": 37.16170519924787
                },
                "mean": 27.656590567939507,
                "generation": 14,
                "diversity": 59.755692695401144
            },
            {
                "best": {
                    "class_name": "warrior",
                    "performance": 39.13455944720186
                },
                "mean": 28.246712453359756,
                "generation": 15,
                "diversity": 62.66831216262509
            },
            {
                "best": {
                    "class_name": "warrior",
                    "performance": 40.027855161506004
                },
                "mean": 28.904835215696462,
                "generation": 16,
                "diversity": 60.71962091820746
            },
            {
                "best": {
                    "class_name": "warrior",
                    "performance": 39.430156097964556
                },
                "mean": 29.470625148689972,
                "generation": 17,
                "diversity": 52.88768918679085
            },
            {
                "best": {
                    "class_name": "warrior",
                    "performance": 39.38030286740468
                },
                "mean": 29.64239799327337,
                "generation": 18,
                "diversity": 52.51156761305422
            },
            {
                "best": {
                    "class_name": "warrior",
                    "performance": 39.19232914619919
                },
                "mean": 30.047849310721727,
                "generation": 19,
                "diversity": 52.31004404240429
            },
            {
                "best": {
                    "class_name": "warrior",
                    "performance": 39.412410053278144
                },
                "mean": 31.40968415332859,
                "generation": 20,
                "diversity": 43.41799187004554
            },
            {
                "best": {
                    "class_name": "warrior",
                    "performance": 39.94367503042206
                },
                "mean": 32.01433405014076,
                "generation": 21,
                "diversity": 46.28536135183729
            },
            {
                "best": {
                    "class_name": "warrior",
                    "performance": 39.15766424307203
                },
                "mean": 32.896056680605284,
                "generation": 22,
                "diversity": 41.33134797402577
            },
            {
                "best": {
                    "class_name": "warrior",
                    "performance": 39.65279719411245
                },
                "mean": 33.64193424675312,
                "generation": 23,
                "diversity": 38.72192679381042
            },
            {
                "best": {
                    "class_name": "warrior",
                    "performance": 40.078888187670714
                },
                "mean": 34.132281860511725,
                "generation": 24,
                "diversity": 36.364949129371844
            },
            {
                "best": {
                    "class_name": "warrior",
                    "performance": 40.099680188787204
                },
                "mean": 34.277807013637705,
                "generation": 25,
                "diversity": 36.26771855953023
            },
            {
                "best": {
                    "class_name": "warrior",
                    "performance": 40.74104150235176
                },
                "mean": 35.246660673205376,
                "generation": 26,
                "diversity": 35.5291348287874
            },
            {
                "best": {
                    "class_name": "warrior",
                    "performance": 40.62279121153887
                },
                "mean": 35.488549583305314,
                "generation": 27,
                "diversity": 35.01642997672585
            },
            {
                "best": {
                    "class_name": "warrior",
                    "performance": 40.10743389035976
                },
                "mean": 35.86257818349106,
                "generation": 28,
                "diversity": 31.064633089602633
            },
            {
                "best": {
                    "class_name": "warrior",
                    "performance": 39.91655079152009
                },
                "mean": 35.72374865113184,
                "generation": 29,
                "diversity": 30.519575046715346
            },
            {
                "best": {
                    "class_name": "warrior",
                    "performance": 40.26781967908322
                },
                "mean": 35.83736376498965,
                "generation": 30,
                "diversity": 31.78977550438103
            },
            {
                "best": {
                    "class_name": "warrior",
                    "performance": 40.672428916046506
                },
                "mean": 35.93528203439253,
                "generation": 31,
                "diversity": 31.91138219253136
            },
            {
                "best": {
                    "class_name": "warrior",
                    "performance": 40.65420091875474
                },
                "mean": 36.32127231266927,
                "generation": 32,
                "diversity": 30.224324545114026
            },
            {
                "best": {
                    "class_name": "warrior",
                    "performance": 40.382679173740506
                },
                "mean": 36.55889765820662,
                "generation": 33,
                "diversity": 28.114087238794966
            },
            {
                "best": {
                    "class_name": "warrior",
                    "performance": 40.382679173740506
                },
                "mean": 36.48832333077398,
                "generation": 34,
                "diversity": 28.828394200368134
            },
            {
                "best": {
                    "class_name": "warrior",
                    "performance": 40.55335060398634
                },
                "mean": 36.520838585904244,
                "generation": 35,
                "diversity": 31.51652307192442
            },
            {
                "best": {
                    "class_name": "warrior",
                    "performance": 40.36839448054019
                },
                "mean": 36.61441860194833,
                "generation": 36,
                "diversity": 25.573218683590017
            },
            {
                "best": {
                    "class_name": "warrior",
                    "performance": 40.39040824848311
                },
                "mean": 36.73491128706414,
                "generation": 37,
                "diversity": 25.595427409246607
            },
            {
                "best": {
                    "class_name": "warrior",
                    "performance": 40.48489782866231
                },
                "mean": 36.813581814552506,
                "generation": 38,
                "diversity": 25.419389814773023
            },
            {
                "best": {
                    "class_name": "warrior",
                    "performance": 40.80297393410422
                },
                "mean": 36.837050604152246,
                "generation": 39,
                "diversity": 28.596728340982512
            },
            {
                "best": {
                    "class_name": "warrior",
                    "performance": 40.80297393410422
                },
                "mean": 36.791740293097845,
                "generation": 40,
                "diversity": 33.563339933249274
            },
            {
                "best": {
                    "class_name": "warrior",
                    "performance": 40.72525246624713
                },
                "mean": 36.8379786881506,
                "generation": 41,
                "diversity": 29.125334485788528
            },
            {
                "best": {
                    "class_name": "warrior",
                    "performance": 40.83581691727215
                },
                "mean": 37.00081359915269,
                "generation": 42,
                "diversity": 24.330700436469968
            },
            {
                "best": {
                    "class_name": "warrior",
                    "performance": 40.83581691727215
                },
                "mean": 36.86320607638945,
                "generation": 43,
                "diversity": 23.82759270445027
            },
            {
                "best": {
                    "class_name": "warrior",
                    "performance": 40.53164341585755
                },
                "mean": 37.43831944694969,
                "generation": 44,
                "diversity": 22.712692156101387
            },
            {
                "best": {
                    "class_name": "warrior",
                    "performance": 40.708333631064384
                },
                "mean": 37.734422583192256,
                "generation": 45,
                "diversity": 22.517018779573856
            },
            {
                "best": {
                    "class_name": "warrior",
                    "performance": 40.89438951201027
                },
                "mean": 37.65381008048667,
                "generation": 46,
                "diversity": 28.833841557098964
            },
            {
                "best": {
                    "class_name": "warrior",
                    "performance": 41.24301196819241
                },
                "mean": 37.72949111783511,
                "generation": 47,
                "diversity": 29.95178791482549
            },
            {
                "best": {
                    "class_name": "warrior",
                    "performance": 40.976238737861046
                },
                "mean": 37.44194597225492,
                "generation": 48,
                "diversity": 27.628137489756856
            },
            {
                "best": {
                    "class_name": "warrior",
                    "performance": 40.81976559282425
                },
                "mean": 37.73243529126477,
                "generation": 49,
                "diversity": 24.927904685981556
            },
            {
                "best": {
                    "class_name": "warrior",
                    "performance": 40.790350571490755
                },
                "mean": 37.64732097738138,
                "generation": 50,
                "diversity": 23.418386675333924
            },
            {
                "best": {
                    "class_name": "warrior",
                    "performance": 41.03288009361657
                },
                "mean": 37.52005354529785,
                "generation": 51,
                "diversity": 25.40579747457406
            },
            {
                "best": {
                    "class_name": "warrior",
                    "performance": 40.95971655128673
                },
                "mean": 37.386616018571786,
                "generation": 52,
                "diversity": 24.348574357881304
            },
            {
                "best": {
                    "class_name": "warrior",
                    "performance": 40.95971655128673
                },
                "mean": 37.52286095834313,
                "generation": 53,
                "diversity": 24.049650082596205
            },
            {
                "best": {
                    "class_name": "warrior",
                    "performance": 40.86310983312683
                },
                "mean": 37.2661963296059,
                "generation": 54,
                "diversity": 25.730015333125948
            },
            {
                "best": {
                    "class_name": "warrior",
                    "performance": 40.93671573037634
                },
                "mean": 37.63344179749771,
                "generation": 55,
                "diversity": 23.892792846638823
            },
            {
                "best": {
                    "class_name": "warrior",
                    "performance": 40.91180607997297
                },
                "mean": 37.256153868702896,
                "generation": 56,
                "diversity": 26.175442379314248
            },
            {
                "best": {
                    "class_name": "warrior",
                    "performance": 41.15216677838942
                },
                "mean": 37.30289640311975,
                "generation": 57,
                "diversity": 26.62768505435577
            },
            {
                "best": {
                    "class_name": "warrior",
                    "performance": 40.65772024257903
                },
                "mean": 37.570417759899236,
                "generation": 58,
                "diversity": 26.867688101522816
            },
            {
                "best": {
                    "class_name": "warrior",
                    "performance": 40.64533044074384
                },
                "mean": 37.4311585824455,
                "generation": 59,
                "diversity": 26.26619348153237
            },
            {
                "best": {
                    "class_name": "warrior",
                    "performance": 40.889564401575164
                },
                "mean": 37.769122299063675,
                "generation": 60,
                "diversity": 26.97999031061344
            },
            {
                "best": {
                    "class_name": "warrior",
                    "performance": 40.88147244506474
                },
                "mean": 38.02214147872737,
                "generation": 61,
                "diversity": 23.772265498961307
            },
            {
                "best": {
                    "class_name": "warrior",
                    "performance": 40.94777583843614
                },
                "mean": 37.51227046653655,
                "generation": 62,
                "diversity": 23.054785290035465
            },
            {
                "best": {
                    "class_name": "warrior",
                    "performance": 40.91155169515262
                },
                "mean": 37.414607177370414,
                "generation": 63,
                "diversity": 24.02143197358028
            },
            {
                "best": {
                    "class_name": "warrior",
                    "performance": 41.03544425281165
                },
                "mean": 37.62285585233555,
                "generation": 64,
                "diversity": 22.853791748403722
            },
            {
                "best": {
                    "class_name": "warrior",
                    "performance": 40.91756084687001
                },
                "mean": 37.6612085068298,
                "generation": 65,
                "diversity": 24.90447093658497
            },
            {
                "best": {
                    "class_name": "warrior",
                    "performance": 40.913139376022265
                },
                "mean": 37.789621308668934,
                "generation": 66,
                "diversity": 22.519739687677387
            },
            {
                "best": {
                    "class_name": "warrior",
                    "performance": 40.87200286865757
                },
                "mean": 37.815591457509754,
                "generation": 67,
                "diversity": 21.845145175531524
            }
        ]
    },
    "config": {
        "population_size": 500,
        "population_to_keep": 250,
        "class_name": "warrior",
        "selection_config_a": {
            "selection_type": "elite",
            "population_to_keep": 125,
            "tournament_size": 50,
            "threshold": 0.75,
            "initial_temperature": 30,
            "temperature_decay": 0.6,
            "min_temperature": 5
        },
        "selection_config_b": {
            "selection_type": "roulette",
            "population_to_keep": 125,
            "tournament_size": 50,
            "threshold": 0.75,
            "initial_temperature": 30,
            "temperature_decay": 0.6,
            "min_temperature": 5
        },
        "selection_config_rate": 0.5,
        "crossover_config": {
            "method": "uniform"
        },
        "mutation_config": {
            "mutation_type": "multi_gen",
            "mutation_rate": 0.2,
            "delta_mutation": 15
        },
        "replacement_config_a": {
            "type": "traditional",
            "quantity": 125,
            "gen_gap": 0.5
        },
        "replacement_config_b": {
            "type": "young_bias",
            "quantity": 125,
            "gen_gap": 0.5
        },
        "replacement_config_rate": 0.5,
        "end_condition_config": {
            "type": "content",
            "generations_to_check": 20,
            "generations": 500,
            "optimum_value": 61.5,
            "tolerance": 0.1,
            "structure_tolerance": 0.01,
            "structure_relevant_proportion": 0.98
        }
    }
}