{
    "results": {
        "best": {
            "solution": {
                "class_name": "warrior",
                "variables": {
                    "strength": 74.67711631257684,
                    "agility": 75.32288368742316,
                    "expertise": 0.0,
                    "resistance": 0.0,
                    "life": 0.0,
                    "height": 1.92
                },
                "performance": 41.2436478523806
            },
            "generation": 68
        },
        "last_iterations": [
            {
                "best": {
                    "class_name": "warrior",
                    "performance": 30.53775614128117
                },
                "mean": 15.405353517744306,
                "generation": 1,
                "diversity": 237.45512258301923
            },
            {
                "best": {
                    "class_name": "warrior",
                    "performance": 30.53775614128117
                },
                "mean": 17.392802921816436,
                "generation": 2,
                "diversity": 216.59926458228782
            },
            {
                "best": {
                    "class_name": "warrior",
                    "performance": 29.427867392433058
                },
                "mean": 18.573361128919956,
                "generation": 3,
                "diversity": 199.88168530156904
            },
            {
                "best": {
                    "class_name": "warrior",
                    "performance": 34.27745420439736
                },
                "mean": 19.564981396624827,
                "generation": 4,
                "diversity": 182.4780177171864
            },
            {
                "best": {
                    "class_name": "warrior",
                    "performance": 34.27745420439736
                },
                "mean": 20.921179266570704,
                "generation": 5,
                "diversity": 145.57068614350777
            },
            {
                "best": {
                    "class_name": "warrior",
                    "performance": 35.130951334190286
                },
                "mean": 22.38675790758301,
                "generation": 6,
                "diversity": 116.38567569561445
            },
            {
                "best": {
                    "class_name": "warrior",
                    "performance": 35.8776798342247
                },
                "mean": 23.169660764570175,
                "generation": 7,
                "diversity": 107.37469887338567
            },
            {
                "best": {
                    "class_name": "warrior",
                    "performance": 36.11613720381429
                },
                "mean": 23.771163911420317,
                "generation": 8,
                "diversity": 113.1561242980657
            },
            {
                "best": {
                    "class_name": "warrior",
                    "performance": 36.156365462003926
                },
                "mean": 23.635822107324515,
                "generation": 9,
                "diversity": 118.73944775128346
            },
            {
                "best": {
                    "class_name": "warrior",
                    "performance": 39.28566829088371
                },
                "mean": 25.144288582037785,
                "generation": 10,
                "diversity": 90.67420335135897
            },
            {
                "best": {
                    "class_name": "warrior",
                    "performance": 39.261157000054986
                },
                "mean": 26.464500836019056,
                "generation": 11,
                "diversity": 84.06023177645527
            },
            {
                "best": {
                    "class_name": "warrior",
                    "performance": 39.362314126142515
                },
                "mean": 27.482244005960123,
                "generation": 12,
                "diversity": 83.04110409709801
            },
            {
                "best": {
                    "class_name": "warrior",
                    "performance": 39.46842145027649
                },
                "mean": 28.090840351155254,
                "generation": 13,
                "diversity": 78.20107509620064
            },
            {
                "best": {
                    "class_name": "warrior",
                    "performance": 38.73188722592492
                },
                "mean": 29.462393650122657,
                "generation": 14,
                "diversity": 73.0000744625748
            },
            {
                "best": {
                    "class_name": "warrior",
                    "performance": 38.73188722592492
                },
                "mean": 30.22745260040504,
                "generation": 15,
                "diversity": 74.6236583589229
            },
            {
                "best": {
                    "class_name": "warrior",
                    "performance": 39.69306215424692
                },
                "mean": 30.731227528619506,
                "generation": 16,
                "diversity": 73.16911941578144
            },
            {
                "best": {
                    "class_name": "warrior",
                    "performance": 40.09014335320319
                },
                "mean": 31.3538706866491,
                "generation": 17,
                "diversity": 71.27394430645498
            },
            {
                "best": {
                    "class_name": "warrior",
                    "performance": 39.254686864531294
                },
                "mean": 32.35032358961185,
                "generation": 18,
                "diversity": 62.96709131632249
            },
            {
                "best": {
                    "class_name": "warrior",
                    "performance": 38.82134519238673
                },
                "mean": 32.635852459403296,
                "generation": 19,
                "diversity": 57.732204117574504
            },
            {
                "best": {
                    "class_name": "warrior",
                    "performance": 39.24544786338717
                },
                "mean": 33.02655306795849,
                "generation": 20,
                "diversity": 53.30176639288782
            },
            {
                "best": {
                    "class_name": "warrior",
                    "performance": 39.93500884521334
                },
                "mean": 33.486591406226076,
                "generation": 21,
                "diversity": 47.743489444440115
            },
            {
                "best": {
                    "class_name": "warrior",
                    "performance": 39.93500884521334
                },
                "mean": 34.45310729127275,
                "generation": 22,
                "diversity": 43.80489600276837
            },
            {
                "best": {
                    "class_name": "warrior",
                    "performance": 40.637918622969515
                },
                "mean": 34.88484408510576,
                "generation": 23,
                "diversity": 42.43748900013663
            },
            {
                "best": {
                    "class_name": "warrior",
                    "performance": 40.38003938517411
                },
                "mean": 35.054121464125565,
                "generation": 24,
                "diversity": 35.80092889421338
            },
            {
                "best": {
                    "class_name": "warrior",
                    "performance": 40.08058723656438
                },
                "mean": 34.69154221147835,
                "generation": 25,
                "diversity": 35.082002406183044
            },
            {
                "best": {
                    "class_name": "warrior",
                    "performance": 40.04916545038957
                },
                "mean": 35.58511066465338,
                "generation": 26,
                "diversity": 32.449695317174736
            },
            {
                "best": {
                    "class_name": "warrior",
                    "performance": 40.563746426925896
                },
                "mean": 35.916645243862746,
                "generation": 27,
                "diversity": 28.75527776464592
            },
            {
                "best": {
                    "class_name": "warrior",
                    "performance": 40.57372157383799
                },
                "mean": 36.058701198201554,
                "generation": 28,
                "diversity": 29.283996086452802
            },
            {
                "best": {
                    "class_name": "warrior",
                    "performance": 40.33522481408492
                },
                "mean": 36.28217947643317,
                "generation": 29,
                "diversity": 27.44264493484462
            },
            {
                "best": {
                    "class_name": "warrior",
                    "performance": 40.42565735244688
                },
                "mean": 36.203995990260886,
                "generation": 30,
                "diversity": 27.168078567212476
            },
            {
                "best": {
                    "class_name": "warrior",
                    "performance": 40.24957520819436
                },
                "mean": 36.83536390064456,
                "generation": 31,
                "diversity": 28.607158806019196
            },
            {
                "best": {
                    "class_name": "warrior",
                    "performance": 40.27991776439266
                },
                "mean": 37.23550565574372,
                "generation": 32,
                "diversity": 23.376929320060785
            },
            {
                "best": {
                    "class_name": "warrior",
                    "performance": 41.144976354322765
                },
                "mean": 37.05560457961155,
                "generation": 33,
                "diversity": 24.705356060438046
            },
            {
                "best": {
                    "class_name": "warrior",
                    "performance": 41.138379775920306
                },
                "mean": 37.2141544567008,
                "generation": 34,
                "diversity": 21.86259177293924
            },
            {
                "best": {
                    "class_name": "warrior",
                    "performance": 41.138379775920306
                },
                "mean": 37.168930113803896,
                "generation": 35,
                "diversity": 21.825227591499942
            },
            {
                "best": {
                    "class_name": "warrior",
                    "performance": 40.77473364817785
                },
                "mean": 37.36328289970284,
                "generation": 36,
                "diversity": 20.691333059902767
            },
            {
                "best": {
                    "class_name": "warrior",
                    "performance": 41.05359701457063
                },
                "mean": 37.41037389033229,
                "generation": 37,
                "diversity": 23.55803515299632
            },
            {
                "best": {
                    "class_name": "warrior",
                    "performance": 40.70033641268313
                },
                "mean": 37.57024429228114,
                "generation": 38,
                "diversity": 24.351962008767543
            },
            {
                "best": {
                    "class_name": "warrior",
                    "performance": 40.95534081765539
                },
                "mean": 37.976565171561234,
                "generation": 39,
                "diversity": 23.091711591267767
            },
            {
                "best": {
                    "class_name": "warrior",
                    "performance": 40.85001345930345
                },
                "mean": 37.636511257824054,
                "generation": 40,
                "diversity": 24.74184886556058
            },
            {
                "best": {
                    "class_name": "warrior",
                    "performance": 40.902860740597724
                },
                "mean": 37.709849646151866,
                "generation": 41,
                "diversity": 22.28482024216302
            },
            {
                "best": {
                    "class_name": "warrior",
                    "performance": 40.96403170509991
                },
                "mean": 37.93337402999293,
                "generation": 42,
                "diversity": 21.616063018183056
            },
            {
                "best": {
                    "class_name": "warrior",
                    "performance": 41.03802245527799
                },
                "mean": 38.03135146547668,
                "generation": 43,
                "diversity": 20.622128501043495
            },
            {
                "best": {
                    "class_name": "warrior",
                    "performance": 40.96403170509991
                },
                "mean": 37.834047834966405,
                "generation": 44,
                "diversity": 18.957603154435542
            },
            {
                "best": {
                    "class_name": "warrior",
                    "performance": 40.85419099572509
                },
                "mean": 38.00225662927135,
                "generation": 45,
                "diversity": 23.954423199532332
            },
            {
                "best": {
                    "class_name": "warrior",
                    "performance": 40.85419099572509
                },
                "mean": 37.64490414944594,
                "generation": 46,
                "diversity": 27.308027902208917
            },
            {
                "best": {
                    "class_name": "warrior",
                    "performance": 40.85419099572509
                },
                "mean": 37.57594651503254,
                "generation": 47,
                "diversity": 28.636451016182374
            },
            {
                "best": {
                    "class_name": "warrior",
                    "performance": 41.10736456562998
                },
                "mean": 37.299294430424005,
                "generation": 48,
                "diversity": 29.91253255783531
            },
            {
                "best": {
                    "class_name": "warrior",
                    "performance": 41.10736456562998
                },
                "mean": 37.498343939986235,
                "generation": 49,
                "diversity": 28.667259396409992
            },
            {
                "best": {
                    "class_name": "warrior",
                    "performance": 41.02685463269445
                },
                "mean": 37.56846342629843,
                "generation": 50,
                "diversity": 27.865636550688393
            },
            {
                "best": {
                    "class_name": "warrior",
                    "performance": 41.12638829403221
                },
                "mean": 37.468288553532055,
                "generation": 51,
                "diversity": 29.51218705547357
            },
            {
                "best": {
                    "class_name": "warrior",
                    "performance": 41.17359247793906
                },
                "mean": 37.56396357121887,
                "generation": 52,
                "diversity": 29.717503842713295
            },
            {
                "best": {
                    "class_name": "warrior",
                    "performance": 41.08765294646408
                },
                "mean": 37.90705689825432,
                "generation": 53,
                "diversity": 27.339759321193302
            },
            {
                "best": {
                    "class_name": "warrior",
                    "performance": 41.183008533270524
                },
                "mean": 37.953278794318074,
                "generation": 54,
                "diversity": 29.12731232567356
            },
            {
                "best": {
                    "class_name": "warrior",
                    "performance": 41.20181831707608
                },
                "mean": 38.26635347169285,
                "generation": 55,
                "diversity": 28.907896431398232
            },
            {
                "best": {
                    "class_name": "warrior",
                    "performance": 41.20896980069902
                },
                "mean": 38.257991799090654,
                "generation": 56,
                "diversity": 30.48018756893544
            },
            {
                "best": {
                    "class_name": "warrior",
                    "performance": 41.08946231266847
                },
                "mean": 38.33421009699495,
                "generation": 57,
                "diversity": 30.46795501153449
            },
            {
                "best": {
                    "class_name": "warrior",
                    "performance": 41.14453409362961
                },
                "mean": 38.36311731015623,
                "generation": 58,
                "diversity": 29.13650130739065
            },
            {
                "best": {
                    "class_name": "warrior",
                    "performance": 41.14257115335867
                },
                "mean": 38.430485679724775,
                "generation": 59,
                "diversity": 29.26755274578078
            },
            {
                "best": {
                    "class_name": "warrior",
                    "performance": 41.141766385785395
                },
                "mean": 38.18017424469711,
                "generation": 60,
                "diversity": 26.795782220376783
            },
            {
                "best": {
                    "class_name": "warrior",
                    "performance": 41.20333277357859
                },
                "mean": 38.327688243161184,
                "generation": 61,
                "diversity": 28.401894536645404
            },
            {
                "best": {
                    "class_name": "warrior",
                    "performance": 41.13261724946334
                },
                "mean": 37.99929932513284,
                "generation": 62,
                "diversity": 28.645452583239173
            },
            {
                "best": {
                    "class_name": "warrior",
                    "performance": 41.22868982800608
                },
                "mean": 38.17528130475126,
                "generation": 63,
                "diversity": 29.572625488687773
            },
            {
                "best": {
                    "class_name": "warrior",
                    "performance": 41.24077713621094
                },
                "mean": 37.953848794620775,
                "generation": 64,
                "diversity": 28.791414031897105
            },
            {
                "best": {
                    "class_name": "warrior",
                    "performance": 41.24077713621094
                },
                "mean": 37.97965554307311,
                "generation": 65,
                "diversity": 28.88837921482344
            },
            {
                "best": {
                    "class_name": "warrior",
                    "performance": 41.173080544283756
                },
                "mean": 38.046319254414016,
                "generation": 66,
                "diversity": 28.594321845098865
            },
            {
                "best": {
                    "class_name": "warrior",
                    "performance": 41.179596773612076
                },
                "mean": 38.452334394126936,
                "generation": 67,
                "diversity": 26.862152272984073
            },
            {
                "best": {
                    "class_name": "warrior",
                    "performance": 41.2436478523806
                },
                "mean": 38.193304933400256,
                "generation": 68,
                "diversity": 24.84387363233724
            },
            {
                "best": {
                    "class_name": "warrior",
                    "performance": 41.1750040854809
                },
                "mean": 38.245079161840536,
                "generation": 69,
                "diversity": 24.840944997377534
            },
            {
                "best": {
                    "class_name": "warrior",
                    "performance": 41.24117306610338
                },
                "mean": 38.01760529052164,
                "generation": 70,
                "diversity": 23.459924323983373
            },
            {
                "best": {
                    "class_name": "warrior",
                    "performance": 41.24184165630872
                },
                "mean": 37.99815115953222,
                "generation": 71,
                "diversity": 24.472458176856176
            },
            {
                "best": {
                    "class_name": "warrior",
                    "performance": 41.24184165630872
                },
                "mean": 38.068543986794666,
                "generation": 72,
                "diversity": 22.533404001790363
            },
            {
                "best": {
                    "class_name": "warrior",
                    "performance": 41.24184165630872
                },
                "mean": 38.278357275019495,
                "generation": 73,
                "diversity": 25.528241518405697
            },
            {
                "best": {
                    "class_name": "warrior",
                    "performance": 41.154073795379155
                },
                "mean": 38.216160793428585,
                "generation": 74,
                "diversity": 24.14787436875375
            },
            {
                "best": {
                    "class_name": "warrior",
                    "performance": 41.23706107177771
                },
                "mean": 38.500032402236016,
                "generation": 75,
                "diversity": 24.714950060719293
            },
            {
                "best": {
                    "class_name": "warrior",
                    "performance": 41.12835686347625
                },
                "mean": 38.388340755229976,
                "generation": 76,
                "diversity": 28.180275745948837
            },
            {
                "best": {
                    "class_name": "warrior",
                    "performance": 41.13810883456835
                },
                "mean": 38.28732443293012,
                "generation": 77,
                "diversity": 29.156104469284525
            },
            {
                "best": {
                    "class_name": "warrior",
                    "performance": 41.237061071777724
                },
                "mean": 38.46710045548139,
                "generation": 78,
                "diversity": 26.870581597041777
            },
            {
                "best": {
                    "class_name": "warrior",
                    "performance": 41.237061071777724
                },
                "mean": 38.44904273651022,
                "generation": 79,
                "diversity": 27.243863977292367
            },
            {
                "best": {
                    "class_name": "warrior",
                    "performance": 41.13030799563948
                },
                "mean": 38.579854673148134,
                "generation": 80,
                "diversity": 25.76528908857316
            },
            {
                "best": {
                    "class_name": "warrior",
                    "performance": 41.221738034830295
                },
                "mean": 37.9009481625321,
                "generation": 81,
                "diversity": 25.04594084772438
            },
            {
                "best": {
                    "class_name": "warrior",
                    "performance": 41.221738034830295
                },
                "mean": 37.92156572856815,
                "generation": 82,
                "diversity": 26.111079908681763
            },
            {
                "best": {
                    "class_name": "warrior",
                    "performance": 41.16381062365862
                },
                "mean": 37.730331344365965,
                "generation": 83,
                "diversity": 27.596524577270653
            },
            {
                "best": {
                    "class_name": "warrior",
                    "performance": 41.1319754428567
                },
                "mean": 38.12290308017601,
                "generation": 84,
                "diversity": 23.620032460681767
            }
        ]
    },
    "config": {
        "population_size": 500,
        "population_to_keep": 250,
        "class_name": "warrior",
        "selection_config_a": {
            "selection_type": "elite",
            "population_to_keep": 125,
            "tournament_size": 50,
            "threshold": 0.75,
            "initial_temperature": 30,
            "temperature_decay": 0.6,
            "min_temperature": 5
        },
        "selection_config_b": {
            "selection_type": "roulette",
            "population_to_keep": 125,
            "tournament_size": 50,
            "threshold": 0.75,
            "initial_temperature": 30,
            "temperature_decay": 0.6,
            "min_temperature": 5
        },
        "selection_config_rate": 0.5,
        "crossover_config": {
            "method": "two_point"
        },
        "mutation_config": {
            "mutation_type": "multi_gen",
            "mutation_rate": 0.2,
            "delta_mutation": 15
        },
        "replacement_config_a": {
            "type": "traditional",
            "quantity": 125,
            "gen_gap": 0.5
        },
        "replacement_config_b": {
            "type": "young_bias",
            "quantity": 125,
            "gen_gap": 0.5
        },
        "replacement_config_rate": 0.5,
        "end_condition_config": {
            "type": "content",
            "generations_to_check": 20,
            "generations": 500,
            "optimum_value": 61.5,
            "tolerance": 0.1,
            "structure_tolerance": 0.01,
            "structure_relevant_proportion": 0.98
        }
    }
}