{
    "results": {
        "best": {
            "solution": {
                "class_name": "warrior",
                "variables": {
                    "strength": 74.81410361481144,
                    "agility": 75.18589638518857,
                    "expertise": 0.0,
                    "resistance": 0.0,
                    "life": 0,
                    "height": 1.91
                },
                "performance": 41.24277643818049
            },
            "generation": 75
        },
        "last_iterations": [
            {
                "best": {
                    "class_name": "warrior",
                    "performance": 28.910129812522438
                },
                "mean": 16.29550861825955,
                "generation": 1,
                "diversity": 237.16621773102
            },
            {
                "best": {
                    "class_name": "warrior",
                    "performance": 28.910129812522438
                },
                "mean": 17.253512645705346,
                "generation": 2,
                "diversity": 221.48060507865486
            },
            {
                "best": {
                    "class_name": "warrior",
                    "performance": 28.91012981252242
                },
                "mean": 18.213209412864487,
                "generation": 3,
                "diversity": 173.00990264105235
            },
            {
                "best": {
                    "class_name": "warrior",
                    "performance": 26.36947737689177
                },
                "mean": 19.063491526775834,
                "generation": 4,
                "diversity": 138.09713572317872
            },
            {
                "best": {
                    "class_name": "warrior",
                    "performance": 28.206332819170285
                },
                "mean": 20.000452935902015,
                "generation": 5,
                "diversity": 134.3525176585283
            },
            {
                "best": {
                    "class_name": "warrior",
                    "performance": 31.421299974484995
                },
                "mean": 20.813662303015096,
                "generation": 6,
                "diversity": 119.26770178484536
            },
            {
                "best": {
                    "class_name": "warrior",
                    "performance": 29.606523608036856
                },
                "mean": 21.43611704102714,
                "generation": 7,
                "diversity": 117.14189501729398
            },
            {
                "best": {
                    "class_name": "warrior",
                    "performance": 29.772629495620272
                },
                "mean": 22.158728503962095,
                "generation": 8,
                "diversity": 100.91519189877577
            },
            {
                "best": {
                    "class_name": "warrior",
                    "performance": 28.991546137123777
                },
                "mean": 23.000793395729342,
                "generation": 9,
                "diversity": 86.75345100070363
            },
            {
                "best": {
                    "class_name": "warrior",
                    "performance": 30.21225874731678
                },
                "mean": 23.2878010070906,
                "generation": 10,
                "diversity": 77.82249971046285
            },
            {
                "best": {
                    "class_name": "warrior",
                    "performance": 32.68463170281666
                },
                "mean": 23.61338755944953,
                "generation": 11,
                "diversity": 70.94767609987956
            },
            {
                "best": {
                    "class_name": "warrior",
                    "performance": 33.26516744094255
                },
                "mean": 23.827903275885866,
                "generation": 12,
                "diversity": 71.24162980186969
            },
            {
                "best": {
                    "class_name": "warrior",
                    "performance": 32.149540728542114
                },
                "mean": 24.251503591794236,
                "generation": 13,
                "diversity": 70.6946444840066
            },
            {
                "best": {
                    "class_name": "warrior",
                    "performance": 33.26850703121172
                },
                "mean": 24.560080552234414,
                "generation": 14,
                "diversity": 66.22077711154724
            },
            {
                "best": {
                    "class_name": "warrior",
                    "performance": 33.26850703121172
                },
                "mean": 24.945379115185226,
                "generation": 15,
                "diversity": 64.65906595019315
            },
            {
                "best": {
                    "class_name": "warrior",
                    "performance": 32.00912972046718
                },
                "mean": 25.55199417929398,
                "generation": 16,
                "diversity": 64.72245861240592
            },
            {
                "best": {
                    "class_name": "warrior",
                    "performance": 34.19276157369005
                },
                "mean": 25.659169538056833,
                "generation": 17,
                "diversity": 75.06438546679696
            },
            {
                "best": {
                    "class_name": "warrior",
                    "performance": 38.62987833627373
                },
                "mean": 26.121255130300256,
                "generation": 18,
                "diversity": 79.39455600094233
            },
            {
                "best": {
                    "class_name": "warrior",
                    "performance": 38.173281999144926
                },
                "mean": 26.907692868004123,
                "generation": 19,
                "diversity": 82.15529093555067
            },
            {
                "best": {
                    "class_name": "warrior",
                    "performance": 37.06108714835428
                },
                "mean": 27.93660543747888,
                "generation": 20,
                "diversity": 85.06984203084276
            },
            {
                "best": {
                    "class_name": "warrior",
                    "performance": 37.06108714835428
                },
                "mean": 28.369920774427754,
                "generation": 21,
                "diversity": 94.31521849421681
            },
            {
                "best": {
                    "class_name": "warrior",
                    "performance": 36.33984951576489
                },
                "mean": 29.150867469740213,
                "generation": 22,
                "diversity": 88.52464273224943
            },
            {
                "best": {
                    "class_name": "warrior",
                    "performance": 39.98446704509228
                },
                "mean": 29.90234316330424,
                "generation": 23,
                "diversity": 85.69503845154979
            },
            {
                "best": {
                    "class_name": "warrior",
                    "performance": 37.39462067249663
                },
                "mean": 30.547713220763175,
                "generation": 24,
                "diversity": 85.49435013983522
            },
            {
                "best": {
                    "class_name": "warrior",
                    "performance": 39.19143758687711
                },
                "mean": 31.42121629740383,
                "generation": 25,
                "diversity": 78.09852326721867
            },
            {
                "best": {
                    "class_name": "warrior",
                    "performance": 39.22584948270085
                },
                "mean": 31.651134197763614,
                "generation": 26,
                "diversity": 76.17682012244619
            },
            {
                "best": {
                    "class_name": "warrior",
                    "performance": 39.22724570502116
                },
                "mean": 32.237787947415256,
                "generation": 27,
                "diversity": 71.45587713682244
            },
            {
                "best": {
                    "class_name": "warrior",
                    "performance": 39.854407408226386
                },
                "mean": 32.75055620882932,
                "generation": 28,
                "diversity": 67.06504937535642
            },
            {
                "best": {
                    "class_name": "warrior",
                    "performance": 40.848004538223634
                },
                "mean": 33.249660405510326,
                "generation": 29,
                "diversity": 62.1055459420944
            },
            {
                "best": {
                    "class_name": "warrior",
                    "performance": 40.848004538223634
                },
                "mean": 33.64818095722509,
                "generation": 30,
                "diversity": 57.38164589369421
            },
            {
                "best": {
                    "class_name": "warrior",
                    "performance": 40.89444314737795
                },
                "mean": 34.29769488362015,
                "generation": 31,
                "diversity": 49.393235636648484
            },
            {
                "best": {
                    "class_name": "warrior",
                    "performance": 40.848004538223634
                },
                "mean": 34.59913927028897,
                "generation": 32,
                "diversity": 50.6005719647841
            },
            {
                "best": {
                    "class_name": "warrior",
                    "performance": 40.75136764788762
                },
                "mean": 34.87630249566183,
                "generation": 33,
                "diversity": 49.07896532494468
            },
            {
                "best": {
                    "class_name": "warrior",
                    "performance": 40.32218756763728
                },
                "mean": 35.6381996348913,
                "generation": 34,
                "diversity": 37.940022912161915
            },
            {
                "best": {
                    "class_name": "warrior",
                    "performance": 40.166067844772996
                },
                "mean": 35.9207137046781,
                "generation": 35,
                "diversity": 35.933114007130605
            },
            {
                "best": {
                    "class_name": "warrior",
                    "performance": 40.166067844772996
                },
                "mean": 36.38999665960779,
                "generation": 36,
                "diversity": 39.324737435473
            },
            {
                "best": {
                    "class_name": "warrior",
                    "performance": 40.29196104837019
                },
                "mean": 35.95283976553715,
                "generation": 37,
                "diversity": 42.90585514337449
            },
            {
                "best": {
                    "class_name": "warrior",
                    "performance": 40.49626404556426
                },
                "mean": 36.243778592683434,
                "generation": 38,
                "diversity": 38.374341512387964
            },
            {
                "best": {
                    "class_name": "warrior",
                    "performance": 41.18593179388245
                },
                "mean": 36.34690745667968,
                "generation": 39,
                "diversity": 34.851393223699304
            },
            {
                "best": {
                    "class_name": "warrior",
                    "performance": 41.18593179388245
                },
                "mean": 36.52321777089783,
                "generation": 40,
                "diversity": 32.17725846800975
            },
            {
                "best": {
                    "class_name": "warrior",
                    "performance": 41.13071412893547
                },
                "mean": 36.752744330944786,
                "generation": 41,
                "diversity": 27.293559195667964
            },
            {
                "best": {
                    "class_name": "warrior",
                    "performance": 40.86301467203622
                },
                "mean": 36.64022582089772,
                "generation": 42,
                "diversity": 31.297826468760913
            },
            {
                "best": {
                    "class_name": "warrior",
                    "performance": 41.1599420696121
                },
                "mean": 37.08040961984852,
                "generation": 43,
                "diversity": 32.74646191644211
            },
            {
                "best": {
                    "class_name": "warrior",
                    "performance": 41.123075465482096
                },
                "mean": 37.41527140304282,
                "generation": 44,
                "diversity": 33.27265468560936
            },
            {
                "best": {
                    "class_name": "warrior",
                    "performance": 40.98430812509898
                },
                "mean": 37.32852779799129,
                "generation": 45,
                "diversity": 33.02015113642047
            },
            {
                "best": {
                    "class_name": "warrior",
                    "performance": 40.923810241767555
                },
                "mean": 37.43374245036935,
                "generation": 46,
                "diversity": 34.27686708157298
            },
            {
                "best": {
                    "class_name": "warrior",
                    "performance": 40.923810241767555
                },
                "mean": 37.92415006615597,
                "generation": 47,
                "diversity": 30.501505303359323
            },
            {
                "best": {
                    "class_name": "warrior",
                    "performance": 41.17654400474494
                },
                "mean": 37.82165938120784,
                "generation": 48,
                "diversity": 32.94095633060286
            },
            {
                "best": {
                    "class_name": "warrior",
                    "performance": 41.228903341785
                },
                "mean": 37.8056101384172,
                "generation": 49,
                "diversity": 28.795537139367596
            },
            {
                "best": {
                    "class_name": "warrior",
                    "performance": 41.228903341785
                },
                "mean": 37.887645323266,
                "generation": 50,
                "diversity": 27.74321568159503
            },
            {
                "best": {
                    "class_name": "warrior",
                    "performance": 41.1104680329006
                },
                "mean": 37.79363698807113,
                "generation": 51,
                "diversity": 29.995167456346763
            },
            {
                "best": {
                    "class_name": "warrior",
                    "performance": 41.166842352901185
                },
                "mean": 38.00641901283282,
                "generation": 52,
                "diversity": 25.837773789847798
            },
            {
                "best": {
                    "class_name": "warrior",
                    "performance": 41.166842352901185
                },
                "mean": 37.77238634814614,
                "generation": 53,
                "diversity": 26.85376517191502
            },
            {
                "best": {
                    "class_name": "warrior",
                    "performance": 41.13851410460206
                },
                "mean": 37.86920364073664,
                "generation": 54,
                "diversity": 28.390674141874978
            },
            {
                "best": {
                    "class_name": "warrior",
                    "performance": 41.11741089674386
                },
                "mean": 37.656315500432434,
                "generation": 55,
                "diversity": 33.16995410802763
            },
            {
                "best": {
                    "class_name": "warrior",
                    "performance": 41.2418727968989
                },
                "mean": 37.56953813427623,
                "generation": 56,
                "diversity": 30.666186875777466
            },
            {
                "best": {
                    "class_name": "warrior",
                    "performance": 41.11741089674386
                },
                "mean": 37.15451655509809,
                "generation": 57,
                "diversity": 32.65736111727781
            },
            {
                "best": {
                    "class_name": "warrior",
                    "performance": 41.20921075632533
                },
                "mean": 37.49728156161136,
                "generation": 58,
                "diversity": 35.267840721193615
            },
            {
                "best": {
                    "class_name": "warrior",
                    "performance": 41.12989128671265
                },
                "mean": 37.592850734828346,
                "generation": 59,
                "diversity": 33.01821940276351
            },
            {
                "best": {
                    "class_name": "warrior",
                    "performance": 41.034479284339234
                },
                "mean": 37.57198233964917,
                "generation": 60,
                "diversity": 30.285950856921545
            },
            {
                "best": {
                    "class_name": "warrior",
                    "performance": 41.07009310693069
                },
                "mean": 37.72467619749709,
                "generation": 61,
                "diversity": 31.029143743397388
            },
            {
                "best": {
                    "class_name": "warrior",
                    "performance": 40.88152077986291
                },
                "mean": 37.90861781674784,
                "generation": 62,
                "diversity": 31.22197827498498
            },
            {
                "best": {
                    "class_name": "warrior",
                    "performance": 41.22700343693332
                },
                "mean": 38.14120676647637,
                "generation": 63,
                "diversity": 29.564016015172353
            },
            {
                "best": {
                    "class_name": "warrior",
                    "performance": 41.13090881996657
                },
                "mean": 38.40858846529089,
                "generation": 64,
                "diversity": 30.573167823837466
            },
            {
                "best": {
                    "class_name": "warrior",
                    "performance": 41.150608005077125
                },
                "mean": 38.46651659280304,
                "generation": 65,
                "diversity": 33.43198198302163
            },
            {
                "best": {
                    "class_name": "warrior",
                    "performance": 41.179516690138364
                },
                "mean": 38.310477235244946,
                "generation": 66,
                "diversity": 34.40747634237878
            },
            {
                "best": {
                    "class_name": "warrior",
                    "performance": 41.20850144179774
                },
                "mean": 38.02987903994245,
                "generation": 67,
                "diversity": 37.44296827847396
            },
            {
                "best": {
                    "class_name": "warrior",
                    "performance": 41.22617906931796
                },
                "mean": 38.001140429627675,
                "generation": 68,
                "diversity": 35.67884478108325
            },
            {
                "best": {
                    "class_name": "warrior",
                    "performance": 41.20850144179774
                },
                "mean": 37.973177333135844,
                "generation": 69,
                "diversity": 35.788029560017605
            },
            {
                "best": {
                    "class_name": "warrior",
                    "performance": 41.23323455382069
                },
                "mean": 38.15832202377009,
                "generation": 70,
                "diversity": 32.06403251453481
            },
            {
                "best": {
                    "class_name": "warrior",
                    "performance": 41.23323455382069
                },
                "mean": 38.15023188134591,
                "generation": 71,
                "diversity": 33.58929540777041
            },
            {
                "best": {
                    "class_name": "warrior",
                    "performance": 41.242539343800566
                },
                "mean": 38.02182258703851,
                "generation": 72,
                "diversity": 32.53013761358034
            },
            {
                "best": {
                    "class_name": "warrior",
                    "performance": 41.242539343800566
                },
                "mean": 38.02854690836175,
                "generation": 73,
                "diversity": 36.72895709759718
            },
            {
                "best": {
                    "class_name": "warrior",
                    "performance": 41.242539343800566
                },
                "mean": 38.0318580079926,
                "generation": 74,
                "diversity": 35.66961827898709
            },
            {
                "best": {
                    "class_name": "warrior",
                    "performance": 41.24277643818049
                },
                "mean": 37.98801882842075,
                "generation": 75,
                "diversity": 32.888322229890974
            },
            {
                "best": {
                    "class_name": "warrior",
                    "performance": 41.22182510235932
                },
                "mean": 38.054141962862914,
                "generation": 76,
                "diversity": 32.14659583774172
            }
        ]
    },
    "config": {
        "population_size": 500,
        "population_to_keep": 250,
        "class_name": "warrior",
        "selection_config_a": {
            "selection_type": "elite",
            "population_to_keep": 125,
            "tournament_size": 50,
            "threshold": 0.75,
            "initial_temperature": 30,
            "temperature_decay": 0.6,
            "min_temperature": 5
        },
        "selection_config_b": {
            "selection_type": "roulette",
            "population_to_keep": 125,
            "tournament_size": 50,
            "threshold": 0.75,
            "initial_temperature": 30,
            "temperature_decay": 0.6,
            "min_temperature": 5
        },
        "selection_config_rate": 0.5,
        "crossover_config": {
            "method": "annular"
        },
        "mutation_config": {
            "mutation_type": "multi_gen",
            "mutation_rate": 0.2,
            "delta_mutation": 15
        },
        "replacement_config_a": {
            "type": "traditional",
            "quantity": 125,
            "gen_gap": 0.5
        },
        "replacement_config_b": {
            "type": "young_bias",
            "quantity": 125,
            "gen_gap": 0.5
        },
        "replacement_config_rate": 0.5,
        "end_condition_config": {
            "type": "content",
            "generations_to_check": 20,
            "generations": 500,
            "optimum_value": 61.5,
            "tolerance": 0.1,
            "structure_tolerance": 0.01,
            "structure_relevant_proportion": 0.98
        }
    }
}