{
    "results": {
        "best": {
            "solution": {
                "class_name": "warrior",
                "variables": {
                    "strength": 75.14673025332347,
                    "agility": 74.85326974667652,
                    "expertise": 0,
                    "resistance": 0.0,
                    "life": 0.0,
                    "height": 1.9200000000000002
                },
                "performance": 41.24435596891236
            },
            "generation": 42
        },
        "last_iterations": [
            {
                "best": {
                    "class_name": "warrior",
                    "performance": 26.924879167930087
                },
                "mean": 15.560094994823885,
                "generation": 1,
                "diversity": 238.25696162894727
            },
            {
                "best": {
                    "class_name": "warrior",
                    "performance": 29.99989881578537
                },
                "mean": 16.331195477682574,
                "generation": 2,
                "diversity": 211.98086963388747
            },
            {
                "best": {
                    "class_name": "warrior",
                    "performance": 31.196610441836846
                },
                "mean": 17.035975860206513,
                "generation": 3,
                "diversity": 181.47883842261274
            },
            {
                "best": {
                    "class_name": "warrior",
                    "performance": 27.108783176221554
                },
                "mean": 17.684420043666105,
                "generation": 4,
                "diversity": 153.14994631235143
            },
            {
                "best": {
                    "class_name": "warrior",
                    "performance": 27.108783176221554
                },
                "mean": 18.643571407863945,
                "generation": 5,
                "diversity": 144.6191056453665
            },
            {
                "best": {
                    "class_name": "warrior",
                    "performance": 29.743124848522985
                },
                "mean": 19.531478962329366,
                "generation": 6,
                "diversity": 137.17725042473188
            },
            {
                "best": {
                    "class_name": "warrior",
                    "performance": 31.02536036256372
                },
                "mean": 20.92048501760478,
                "generation": 7,
                "diversity": 118.0074599993722
            },
            {
                "best": {
                    "class_name": "warrior",
                    "performance": 37.937650003340856
                },
                "mean": 21.483883427999753,
                "generation": 8,
                "diversity": 116.7363181166351
            },
            {
                "best": {
                    "class_name": "warrior",
                    "performance": 35.2195223361685
                },
                "mean": 21.848480057967343,
                "generation": 9,
                "diversity": 102.3775755322021
            },
            {
                "best": {
                    "class_name": "warrior",
                    "performance": 35.743811487611886
                },
                "mean": 22.621270588738756,
                "generation": 10,
                "diversity": 103.60464880798749
            },
            {
                "best": {
                    "class_name": "warrior",
                    "performance": 35.743811487611886
                },
                "mean": 23.133406459210168,
                "generation": 11,
                "diversity": 110.17388593146869
            },
            {
                "best": {
                    "class_name": "warrior",
                    "performance": 34.98605318895491
                },
                "mean": 24.230955012364884,
                "generation": 12,
                "diversity": 109.31907489848466
            },
            {
                "best": {
                    "class_name": "warrior",
                    "performance": 37.535903845054506
                },
                "mean": 25.54052501424567,
                "generation": 13,
                "diversity": 101.05915205435402
            },
            {
                "best": {
                    "class_name": "warrior",
                    "performance": 39.031011980619205
                },
                "mean": 26.58926677648524,
                "generation": 14,
                "diversity": 98.80760692810992
            },
            {
                "best": {
                    "class_name": "warrior",
                    "performance": 38.90633806027742
                },
                "mean": 27.396469769031647,
                "generation": 15,
                "diversity": 91.64996971466469
            },
            {
                "best": {
                    "class_name": "warrior",
                    "performance": 37.63928729824429
                },
                "mean": 28.326640919340324,
                "generation": 16,
                "diversity": 81.5475427117505
            },
            {
                "best": {
                    "class_name": "warrior",
                    "performance": 39.24593808961231
                },
                "mean": 29.331144519621237,
                "generation": 17,
                "diversity": 75.09643165250498
            },
            {
                "best": {
                    "class_name": "warrior",
                    "performance": 40.75961625740299
                },
                "mean": 29.850783534618444,
                "generation": 18,
                "diversity": 85.57856497174265
            },
            {
                "best": {
                    "class_name": "warrior",
                    "performance": 40.75961625740299
                },
                "mean": 30.36711210233489,
                "generation": 19,
                "diversity": 75.83985126047693
            },
            {
                "best": {
                    "class_name": "warrior",
                    "performance": 40.49810239951239
                },
                "mean": 31.014390289149816,
                "generation": 20,
                "diversity": 76.71201715977358
            },
            {
                "best": {
                    "class_name": "warrior",
                    "performance": 40.49810239951239
                },
                "mean": 31.899578413356817,
                "generation": 21,
                "diversity": 67.98661367257061
            },
            {
                "best": {
                    "class_name": "warrior",
                    "performance": 40.249345517580075
                },
                "mean": 32.70059858503547,
                "generation": 22,
                "diversity": 65.7670919283496
            },
            {
                "best": {
                    "class_name": "warrior",
                    "performance": 40.858690823989036
                },
                "mean": 33.31171709815739,
                "generation": 23,
                "diversity": 65.06062700053324
            },
            {
                "best": {
                    "class_name": "warrior",
                    "performance": 40.858690823989036
                },
                "mean": 33.949655782471105,
                "generation": 24,
                "diversity": 57.390746115268314
            },
            {
                "best": {
                    "class_name": "warrior",
                    "performance": 40.67137055959204
                },
                "mean": 34.137256481401465,
                "generation": 25,
                "diversity": 55.92299061096364
            },
            {
                "best": {
                    "class_name": "warrior",
                    "performance": 40.641375817764015
                },
                "mean": 34.45012170814832,
                "generation": 26,
                "diversity": 52.89434367869607
            },
            {
                "best": {
                    "class_name": "warrior",
                    "performance": 40.651906006798974
                },
                "mean": 34.85558886952814,
                "generation": 27,
                "diversity": 46.50133617027325
            },
            {
                "best": {
                    "class_name": "warrior",
                    "performance": 41.067992510165816
                },
                "mean": 35.8464777769172,
                "generation": 28,
                "diversity": 42.8225336127666
            },
            {
                "best": {
                    "class_name": "warrior",
                    "performance": 41.23585129163954
                },
                "mean": 36.373171082215876,
                "generation": 29,
                "diversity": 42.099425280605736
            },
            {
                "best": {
                    "class_name": "warrior",
                    "performance": 40.89658918290541
                },
                "mean": 36.5305733785847,
                "generation": 30,
                "diversity": 39.69419621834651
            },
            {
                "best": {
                    "class_name": "warrior",
                    "performance": 40.92565818165091
                },
                "mean": 36.76424855196843,
                "generation": 31,
                "diversity": 39.238488122441254
            },
            {
                "best": {
                    "class_name": "warrior",
                    "performance": 40.99639326120634
                },
                "mean": 37.3137891325403,
                "generation": 32,
                "diversity": 37.08236169132057
            },
            {
                "best": {
                    "class_name": "warrior",
                    "performance": 41.04344142344944
                },
                "mean": 37.46319021204843,
                "generation": 33,
                "diversity": 32.63114252869692
            },
            {
                "best": {
                    "class_name": "warrior",
                    "performance": 41.04344142344944
                },
                "mean": 37.422474200179934,
                "generation": 34,
                "diversity": 36.360217016874756
            },
            {
                "best": {
                    "class_name": "warrior",
                    "performance": 41.11750951364804
                },
                "mean": 37.732040946854134,
                "generation": 35,
                "diversity": 34.17394133488789
            },
            {
                "best": {
                    "class_name": "warrior",
                    "performance": 41.11750951364804
                },
                "mean": 37.70357401005705,
                "generation": 36,
                "diversity": 32.877445063651
            },
            {
                "best": {
                    "class_name": "warrior",
                    "performance": 41.09545571270767
                },
                "mean": 37.826515916074,
                "generation": 37,
                "diversity": 31.53635129740594
            },
            {
                "best": {
                    "class_name": "warrior",
                    "performance": 41.20975187355104
                },
                "mean": 37.728855610091195,
                "generation": 38,
                "diversity": 34.01421565240573
            },
            {
                "best": {
                    "class_name": "warrior",
                    "performance": 41.20882909393567
                },
                "mean": 37.771949677302864,
                "generation": 39,
                "diversity": 34.04738564337814
            },
            {
                "best": {
                    "class_name": "warrior",
                    "performance": 41.230230604764316
                },
                "mean": 37.511817960089864,
                "generation": 40,
                "diversity": 36.19715343237455
            },
            {
                "best": {
                    "class_name": "warrior",
                    "performance": 41.138709710220844
                },
                "mean": 37.39240236775588,
                "generation": 41,
                "diversity": 34.67900127849792
            },
            {
                "best": {
                    "class_name": "warrior",
                    "performance": 41.24435596891236
                },
                "mean": 37.70608731835498,
                "generation": 42,
                "diversity": 31.292702773385276
            },
            {
                "best": {
                    "class_name": "warrior",
                    "performance": 41.24435596891236
                },
                "mean": 37.62380429548538,
                "generation": 43,
                "diversity": 32.71957290169106
            },
            {
                "best": {
                    "class_name": "warrior",
                    "performance": 41.19713339269732
                },
                "mean": 37.42570422087107,
                "generation": 44,
                "diversity": 35.32881562298067
            },
            {
                "best": {
                    "class_name": "warrior",
                    "performance": 41.238546788965884
                },
                "mean": 37.36254148929874,
                "generation": 45,
                "diversity": 34.650233446929015
            },
            {
                "best": {
                    "class_name": "warrior",
                    "performance": 41.13838921299024
                },
                "mean": 37.07214769357717,
                "generation": 46,
                "diversity": 35.80821259230438
            },
            {
                "best": {
                    "class_name": "warrior",
                    "performance": 41.13838921299024
                },
                "mean": 37.23006685267079,
                "generation": 47,
                "diversity": 35.342973498386364
            },
            {
                "best": {
                    "class_name": "warrior",
                    "performance": 41.080746017492636
                },
                "mean": 37.85027046931954,
                "generation": 48,
                "diversity": 32.72299196198373
            },
            {
                "best": {
                    "class_name": "warrior",
                    "performance": 41.136395933202415
                },
                "mean": 37.60914006727842,
                "generation": 49,
                "diversity": 29.0397562753214
            }
        ]
    },
    "config": {
        "population_size": 500,
        "population_to_keep": 250,
        "class_name": "warrior",
        "selection_config_a": {
            "selection_type": "elite",
            "population_to_keep": 125,
            "tournament_size": 50,
            "threshold": 0.75,
            "initial_temperature": 30,
            "temperature_decay": 0.6,
            "min_temperature": 5
        },
        "selection_config_b": {
            "selection_type": "roulette",
            "population_to_keep": 125,
            "tournament_size": 50,
            "threshold": 0.75,
            "initial_temperature": 30,
            "temperature_decay": 0.6,
            "min_temperature": 5
        },
        "selection_config_rate": 0.5,
        "crossover_config": {
            "method": "two_point"
        },
        "mutation_config": {
            "mutation_type": "multi_gen",
            "mutation_rate": 0.2,
            "delta_mutation": 15
        },
        "replacement_config_a": {
            "type": "traditional",
            "quantity": 125,
            "gen_gap": 0.5
        },
        "replacement_config_b": {
            "type": "young_bias",
            "quantity": 125,
            "gen_gap": 0.5
        },
        "replacement_config_rate": 0.5,
        "end_condition_config": {
            "type": "content",
            "generations_to_check": 20,
            "generations": 500,
            "optimum_value": 61.5,
            "tolerance": 0.1,
            "structure_tolerance": 0.01,
            "structure_relevant_proportion": 0.98
        }
    }
}