{
    "results": {
        "best": {
            "solution": {
                "class_name": "warrior",
                "variables": {
                    "strength": 74.34477778587463,
                    "agility": 74.94582892109118,
                    "expertise": 0.7093932930341913,
                    "resistance": 0.0,
                    "life": 0.0,
                    "height": 1.91
                },
                "performance": 41.24199771099394
            },
            "generation": 56
        },
        "last_iterations": [
            {
                "best": {
                    "class_name": "warrior",
                    "performance": 29.717921063234858
                },
                "mean": 15.751163053493551,
                "generation": 1,
                "diversity": 235.5604287662113
            },
            {
                "best": {
                    "class_name": "warrior",
                    "performance": 31.819134104324213
                },
                "mean": 16.83482950822737,
                "generation": 2,
                "diversity": 231.66346465073022
            },
            {
                "best": {
                    "class_name": "warrior",
                    "performance": 31.050312457123667
                },
                "mean": 17.58431543034319,
                "generation": 3,
                "diversity": 207.92256478109985
            },
            {
                "best": {
                    "class_name": "warrior",
                    "performance": 31.025629173855286
                },
                "mean": 18.628009985568838,
                "generation": 4,
                "diversity": 174.17792618779765
            },
            {
                "best": {
                    "class_name": "warrior",
                    "performance": 30.697790051465674
                },
                "mean": 18.880797581257454,
                "generation": 5,
                "diversity": 161.4056506685688
            },
            {
                "best": {
                    "class_name": "warrior",
                    "performance": 29.724644797607873
                },
                "mean": 19.33153124746731,
                "generation": 6,
                "diversity": 150.37002104162332
            },
            {
                "best": {
                    "class_name": "warrior",
                    "performance": 29.724644797607873
                },
                "mean": 19.91959499822218,
                "generation": 7,
                "diversity": 131.31904882470585
            },
            {
                "best": {
                    "class_name": "warrior",
                    "performance": 29.334375358666104
                },
                "mean": 20.090120913220314,
                "generation": 8,
                "diversity": 131.5793760831343
            },
            {
                "best": {
                    "class_name": "warrior",
                    "performance": 31.765076001330694
                },
                "mean": 21.023848613879164,
                "generation": 9,
                "diversity": 115.91702162718362
            },
            {
                "best": {
                    "class_name": "warrior",
                    "performance": 32.49142775897048
                },
                "mean": 22.035061335033724,
                "generation": 10,
                "diversity": 112.0430398832446
            },
            {
                "best": {
                    "class_name": "warrior",
                    "performance": 32.63484104415055
                },
                "mean": 22.917075829758936,
                "generation": 11,
                "diversity": 104.26012742709592
            },
            {
                "best": {
                    "class_name": "warrior",
                    "performance": 36.146291317968306
                },
                "mean": 23.586652644581555,
                "generation": 12,
                "diversity": 97.8047337383252
            },
            {
                "best": {
                    "class_name": "warrior",
                    "performance": 36.146291317968306
                },
                "mean": 24.513615197600508,
                "generation": 13,
                "diversity": 87.36275224923496
            },
            {
                "best": {
                    "class_name": "warrior",
                    "performance": 37.81271855372276
                },
                "mean": 25.333271084492136,
                "generation": 14,
                "diversity": 85.8398076192721
            },
            {
                "best": {
                    "class_name": "warrior",
                    "performance": 33.02957389084709
                },
                "mean": 25.85582250736629,
                "generation": 15,
                "diversity": 91.8619496122126
            },
            {
                "best": {
                    "class_name": "warrior",
                    "performance": 33.325441544053845
                },
                "mean": 27.09831161645201,
                "generation": 16,
                "diversity": 74.98724740991527
            },
            {
                "best": {
                    "class_name": "warrior",
                    "performance": 33.908958575717335
                },
                "mean": 28.232535569020555,
                "generation": 17,
                "diversity": 70.55527057628117
            },
            {
                "best": {
                    "class_name": "warrior",
                    "performance": 36.89997720872071
                },
                "mean": 28.53562191554593,
                "generation": 18,
                "diversity": 74.51053178977769
            },
            {
                "best": {
                    "class_name": "warrior",
                    "performance": 38.087370925557806
                },
                "mean": 29.43295893055587,
                "generation": 19,
                "diversity": 67.31021484293065
            },
            {
                "best": {
                    "class_name": "warrior",
                    "performance": 37.60744005505631
                },
                "mean": 30.46213082735446,
                "generation": 20,
                "diversity": 65.71012799415978
            },
            {
                "best": {
                    "class_name": "warrior",
                    "performance": 38.50136575018452
                },
                "mean": 30.84648297443815,
                "generation": 21,
                "diversity": 60.17993466518396
            },
            {
                "best": {
                    "class_name": "warrior",
                    "performance": 38.834795154625134
                },
                "mean": 31.456496861012763,
                "generation": 22,
                "diversity": 52.052060282342495
            },
            {
                "best": {
                    "class_name": "warrior",
                    "performance": 38.834795154625134
                },
                "mean": 31.932737199906754,
                "generation": 23,
                "diversity": 51.150478299359435
            },
            {
                "best": {
                    "class_name": "warrior",
                    "performance": 38.562465551558496
                },
                "mean": 32.295371600289684,
                "generation": 24,
                "diversity": 46.69418488999872
            },
            {
                "best": {
                    "class_name": "warrior",
                    "performance": 38.788338655419345
                },
                "mean": 31.936924837362707,
                "generation": 25,
                "diversity": 49.359082501161474
            },
            {
                "best": {
                    "class_name": "warrior",
                    "performance": 40.39065331234403
                },
                "mean": 32.47584002497505,
                "generation": 26,
                "diversity": 44.54151701295182
            },
            {
                "best": {
                    "class_name": "warrior",
                    "performance": 38.74715100369496
                },
                "mean": 33.11931789235843,
                "generation": 27,
                "diversity": 40.84761080047815
            },
            {
                "best": {
                    "class_name": "warrior",
                    "performance": 38.686410301508936
                },
                "mean": 33.505999102004786,
                "generation": 28,
                "diversity": 36.95375070579419
            },
            {
                "best": {
                    "class_name": "warrior",
                    "performance": 38.745495209232175
                },
                "mean": 33.82333005755495,
                "generation": 29,
                "diversity": 33.93196354730561
            },
            {
                "best": {
                    "class_name": "warrior",
                    "performance": 39.102210639094
                },
                "mean": 33.865840822479164,
                "generation": 30,
                "diversity": 29.139603607494383
            },
            {
                "best": {
                    "class_name": "warrior",
                    "performance": 39.70567391404361
                },
                "mean": 34.17007206640075,
                "generation": 31,
                "diversity": 28.119813765153804
            },
            {
                "best": {
                    "class_name": "warrior",
                    "performance": 39.478266865415925
                },
                "mean": 34.28307207069435,
                "generation": 32,
                "diversity": 29.625746800781922
            },
            {
                "best": {
                    "class_name": "warrior",
                    "performance": 40.07896043091486
                },
                "mean": 34.291991241937936,
                "generation": 33,
                "diversity": 27.809432952893484
            },
            {
                "best": {
                    "class_name": "warrior",
                    "performance": 40.07896043091486
                },
                "mean": 34.68535842741392,
                "generation": 34,
                "diversity": 28.603613842446112
            },
            {
                "best": {
                    "class_name": "warrior",
                    "performance": 39.47073899259547
                },
                "mean": 34.85555945651287,
                "generation": 35,
                "diversity": 27.316912231439733
            },
            {
                "best": {
                    "class_name": "warrior",
                    "performance": 39.79070336286732
                },
                "mean": 35.30316748145617,
                "generation": 36,
                "diversity": 24.082886544343552
            },
            {
                "best": {
                    "class_name": "warrior",
                    "performance": 40.018306641973034
                },
                "mean": 35.55957684653549,
                "generation": 37,
                "diversity": 22.197894126024355
            },
            {
                "best": {
                    "class_name": "warrior",
                    "performance": 40.57786721144618
                },
                "mean": 35.32605055323471,
                "generation": 38,
                "diversity": 24.374106339672807
            },
            {
                "best": {
                    "class_name": "warrior",
                    "performance": 40.57786721144618
                },
                "mean": 35.3659949497417,
                "generation": 39,
                "diversity": 22.768413509375595
            },
            {
                "best": {
                    "class_name": "warrior",
                    "performance": 40.57786721144618
                },
                "mean": 34.99260016559816,
                "generation": 40,
                "diversity": 25.02250829314499
            },
            {
                "best": {
                    "class_name": "warrior",
                    "performance": 40.403906683105895
                },
                "mean": 35.31066548677411,
                "generation": 41,
                "diversity": 24.266570546000725
            },
            {
                "best": {
                    "class_name": "warrior",
                    "performance": 40.64173520201681
                },
                "mean": 35.68981006302664,
                "generation": 42,
                "diversity": 23.614665352020896
            },
            {
                "best": {
                    "class_name": "warrior",
                    "performance": 40.62699239861755
                },
                "mean": 35.97050362223501,
                "generation": 43,
                "diversity": 23.115812169464707
            },
            {
                "best": {
                    "class_name": "warrior",
                    "performance": 40.747137595550065
                },
                "mean": 35.930209150206444,
                "generation": 44,
                "diversity": 20.014345444214324
            },
            {
                "best": {
                    "class_name": "warrior",
                    "performance": 40.62699239861754
                },
                "mean": 36.27704692029508,
                "generation": 45,
                "diversity": 19.74771491770773
            },
            {
                "best": {
                    "class_name": "warrior",
                    "performance": 40.58620648316371
                },
                "mean": 36.20582733172562,
                "generation": 46,
                "diversity": 21.178289625514097
            },
            {
                "best": {
                    "class_name": "warrior",
                    "performance": 40.38580570321238
                },
                "mean": 36.34106765185292,
                "generation": 47,
                "diversity": 22.540797819017403
            },
            {
                "best": {
                    "class_name": "warrior",
                    "performance": 40.66272710350066
                },
                "mean": 36.60452671224683,
                "generation": 48,
                "diversity": 20.668001329808934
            },
            {
                "best": {
                    "class_name": "warrior",
                    "performance": 40.66272710350066
                },
                "mean": 36.26013065163713,
                "generation": 49,
                "diversity": 24.466908635898772
            },
            {
                "best": {
                    "class_name": "warrior",
                    "performance": 40.794743523478175
                },
                "mean": 36.744614547151755,
                "generation": 50,
                "diversity": 25.389823531204442
            },
            {
                "best": {
                    "class_name": "warrior",
                    "performance": 40.794743523478175
                },
                "mean": 36.86639131191308,
                "generation": 51,
                "diversity": 23.913219830602515
            },
            {
                "best": {
                    "class_name": "warrior",
                    "performance": 41.06300314927412
                },
                "mean": 36.90831279594044,
                "generation": 52,
                "diversity": 26.6454134559812
            },
            {
                "best": {
                    "class_name": "warrior",
                    "performance": 41.06300314927412
                },
                "mean": 36.94291368843868,
                "generation": 53,
                "diversity": 29.25511693562289
            },
            {
                "best": {
                    "class_name": "warrior",
                    "performance": 40.66514062220177
                },
                "mean": 37.082962970502756,
                "generation": 54,
                "diversity": 28.180763656285297
            },
            {
                "best": {
                    "class_name": "warrior",
                    "performance": 41.144755075225554
                },
                "mean": 37.3107685410242,
                "generation": 55,
                "diversity": 29.642071225133765
            },
            {
                "best": {
                    "class_name": "warrior",
                    "performance": 41.24199771099394
                },
                "mean": 37.17456008400076,
                "generation": 56,
                "diversity": 27.178675046886912
            },
            {
                "best": {
                    "class_name": "warrior",
                    "performance": 40.64861820270904
                },
                "mean": 37.08230627311373,
                "generation": 57,
                "diversity": 23.26743149493936
            },
            {
                "best": {
                    "class_name": "warrior",
                    "performance": 40.85913037052733
                },
                "mean": 37.18837546014352,
                "generation": 58,
                "diversity": 24.55379623929993
            },
            {
                "best": {
                    "class_name": "warrior",
                    "performance": 40.72776566690033
                },
                "mean": 36.80041554015667,
                "generation": 59,
                "diversity": 24.30898175779409
            },
            {
                "best": {
                    "class_name": "warrior",
                    "performance": 40.81759895789149
                },
                "mean": 37.18950565645527,
                "generation": 60,
                "diversity": 23.648629212778854
            },
            {
                "best": {
                    "class_name": "warrior",
                    "performance": 40.81959644459479
                },
                "mean": 37.35652965640924,
                "generation": 61,
                "diversity": 24.58761239737098
            },
            {
                "best": {
                    "class_name": "warrior",
                    "performance": 41.060450798522524
                },
                "mean": 37.07326289864209,
                "generation": 62,
                "diversity": 26.479825966760888
            },
            {
                "best": {
                    "class_name": "warrior",
                    "performance": 40.74621084969881
                },
                "mean": 37.29661110212861,
                "generation": 63,
                "diversity": 23.120182170528178
            },
            {
                "best": {
                    "class_name": "warrior",
                    "performance": 40.74621084969881
                },
                "mean": 36.980131995050485,
                "generation": 64,
                "diversity": 22.27414716394293
            },
            {
                "best": {
                    "class_name": "warrior",
                    "performance": 40.5697686654012
                },
                "mean": 36.81454035843587,
                "generation": 65,
                "diversity": 22.08985375255396
            },
            {
                "best": {
                    "class_name": "warrior",
                    "performance": 40.91293741501342
                },
                "mean": 36.99593784463902,
                "generation": 66,
                "diversity": 21.34641250190978
            },
            {
                "best": {
                    "class_name": "warrior",
                    "performance": 40.976052400920366
                },
                "mean": 37.279963339987916,
                "generation": 67,
                "diversity": 19.989051698488463
            },
            {
                "best": {
                    "class_name": "warrior",
                    "performance": 40.976052400920366
                },
                "mean": 37.551355130617296,
                "generation": 68,
                "diversity": 20.299222574746
            },
            {
                "best": {
                    "class_name": "warrior",
                    "performance": 40.893259958038925
                },
                "mean": 37.519411436317434,
                "generation": 69,
                "diversity": 20.76181584231896
            },
            {
                "best": {
                    "class_name": "warrior",
                    "performance": 40.85624217431658
                },
                "mean": 37.256782911372,
                "generation": 70,
                "diversity": 20.455230116607694
            },
            {
                "best": {
                    "class_name": "warrior",
                    "performance": 40.67962202362596
                },
                "mean": 37.049325379440155,
                "generation": 71,
                "diversity": 20.57047421781459
            },
            {
                "best": {
                    "class_name": "warrior",
                    "performance": 40.623687898156774
                },
                "mean": 37.03588824097733,
                "generation": 72,
                "diversity": 21.470982819628876
            },
            {
                "best": {
                    "class_name": "warrior",
                    "performance": 40.74170055898451
                },
                "mean": 36.99433778627713,
                "generation": 73,
                "diversity": 19.52280860053518
            },
            {
                "best": {
                    "class_name": "warrior",
                    "performance": 40.685494599983436
                },
                "mean": 37.37479043768379,
                "generation": 74,
                "diversity": 20.01540084563876
            },
            {
                "best": {
                    "class_name": "warrior",
                    "performance": 41.002700480219396
                },
                "mean": 37.302223534615436,
                "generation": 75,
                "diversity": 19.842780429955994
            },
            {
                "best": {
                    "class_name": "warrior",
                    "performance": 41.0027004802194
                },
                "mean": 37.414961434297624,
                "generation": 76,
                "diversity": 20.79533937952998
            }
        ]
    },
    "config": {
        "population_size": 500,
        "population_to_keep": 250,
        "class_name": "warrior",
        "selection_config_a": {
            "selection_type": "elite",
            "population_to_keep": 125,
            "tournament_size": 50,
            "threshold": 0.75,
            "initial_temperature": 30,
            "temperature_decay": 0.6,
            "min_temperature": 5
        },
        "selection_config_b": {
            "selection_type": "roulette",
            "population_to_keep": 125,
            "tournament_size": 50,
            "threshold": 0.75,
            "initial_temperature": 30,
            "temperature_decay": 0.6,
            "min_temperature": 5
        },
        "selection_config_rate": 0.5,
        "crossover_config": {
            "method": "one_point"
        },
        "mutation_config": {
            "mutation_type": "multi_gen",
            "mutation_rate": 0.2,
            "delta_mutation": 15
        },
        "replacement_config_a": {
            "type": "traditional",
            "quantity": 125,
            "gen_gap": 0.5
        },
        "replacement_config_b": {
            "type": "young_bias",
            "quantity": 125,
            "gen_gap": 0.5
        },
        "replacement_config_rate": 0.5,
        "end_condition_config": {
            "type": "content",
            "generations_to_check": 20,
            "generations": 500,
            "optimum_value": 61.5,
            "tolerance": 0.1,
            "structure_tolerance": 0.01,
            "structure_relevant_proportion": 0.98
        }
    }
}