{
    "results": {
        "best": {
            "solution": {
                "class_name": "warrior",
                "variables": {
                    "strength": 74.4139033970515,
                    "agility": 75.58609660294852,
                    "expertise": 0.0,
                    "resistance": 0.0,
                    "life": 0,
                    "height": 1.9200000000000002
                },
                "performance": 41.2415998492332
            },
            "generation": 34
        },
        "last_iterations": [
            {
                "best": {
                    "class_name": "warrior",
                    "performance": 31.39437583009219
                },
                "mean": 16.26629845427151,
                "generation": 1,
                "diversity": 246.68026437976087
            },
            {
                "best": {
                    "class_name": "warrior",
                    "performance": 31.39437583009219
                },
                "mean": 17.222571738231956,
                "generation": 2,
                "diversity": 225.73200918446628
            },
            {
                "best": {
                    "class_name": "warrior",
                    "performance": 31.39437583009219
                },
                "mean": 18.4317903243923,
                "generation": 3,
                "diversity": 205.55205163649376
            },
            {
                "best": {
                    "class_name": "warrior",
                    "performance": 31.909556406040554
                },
                "mean": 19.030656704655225,
                "generation": 4,
                "diversity": 186.8113227723439
            },
            {
                "best": {
                    "class_name": "warrior",
                    "performance": 33.03539825679911
                },
                "mean": 19.29210975243736,
                "generation": 5,
                "diversity": 179.7373108305926
            },
            {
                "best": {
                    "class_name": "warrior",
                    "performance": 33.6511463767964
                },
                "mean": 20.012679339950346,
                "generation": 6,
                "diversity": 161.97268973866215
            },
            {
                "best": {
                    "class_name": "warrior",
                    "performance": 37.002118642166884
                },
                "mean": 20.942719223429055,
                "generation": 7,
                "diversity": 132.14483929277034
            },
            {
                "best": {
                    "class_name": "warrior",
                    "performance": 33.15611478657745
                },
                "mean": 21.479520676052527,
                "generation": 8,
                "diversity": 127.70993297764636
            },
            {
                "best": {
                    "class_name": "warrior",
                    "performance": 32.691204407122214
                },
                "mean": 22.37122447240819,
                "generation": 9,
                "diversity": 131.0363812794363
            },
            {
                "best": {
                    "class_name": "warrior",
                    "performance": 31.972154001367187
                },
                "mean": 22.829391021158386,
                "generation": 10,
                "diversity": 134.7856226473677
            },
            {
                "best": {
                    "class_name": "warrior",
                    "performance": 32.28803952051358
                },
                "mean": 23.81576898600168,
                "generation": 11,
                "diversity": 119.24740984673326
            },
            {
                "best": {
                    "class_name": "warrior",
                    "performance": 33.02760547716167
                },
                "mean": 24.706544993272697,
                "generation": 12,
                "diversity": 99.06837672114068
            },
            {
                "best": {
                    "class_name": "warrior",
                    "performance": 36.36188826626081
                },
                "mean": 25.37757448080957,
                "generation": 13,
                "diversity": 94.2299997079159
            },
            {
                "best": {
                    "class_name": "warrior",
                    "performance": 36.36188826626081
                },
                "mean": 26.358853076932718,
                "generation": 14,
                "diversity": 81.3849821381109
            },
            {
                "best": {
                    "class_name": "warrior",
                    "performance": 36.36467423963213
                },
                "mean": 27.295854692045026,
                "generation": 15,
                "diversity": 79.51928467613078
            },
            {
                "best": {
                    "class_name": "warrior",
                    "performance": 37.528814210999926
                },
                "mean": 27.528913047250253,
                "generation": 16,
                "diversity": 76.5243290291587
            },
            {
                "best": {
                    "class_name": "warrior",
                    "performance": 37.899467790659195
                },
                "mean": 27.915234810754882,
                "generation": 17,
                "diversity": 75.68599956624712
            },
            {
                "best": {
                    "class_name": "warrior",
                    "performance": 38.370643445362994
                },
                "mean": 28.520419225281216,
                "generation": 18,
                "diversity": 74.49263738648081
            },
            {
                "best": {
                    "class_name": "warrior",
                    "performance": 38.41619528608939
                },
                "mean": 29.198032912024118,
                "generation": 19,
                "diversity": 76.26193553522451
            },
            {
                "best": {
                    "class_name": "warrior",
                    "performance": 40.11017171461014
                },
                "mean": 30.22330093621847,
                "generation": 20,
                "diversity": 68.07791774414927
            },
            {
                "best": {
                    "class_name": "warrior",
                    "performance": 40.11017171461014
                },
                "mean": 30.67480513938039,
                "generation": 21,
                "diversity": 60.42275952054029
            },
            {
                "best": {
                    "class_name": "warrior",
                    "performance": 39.35641759528459
                },
                "mean": 30.992671548894872,
                "generation": 22,
                "diversity": 57.82047578976392
            },
            {
                "best": {
                    "class_name": "warrior",
                    "performance": 39.2021463709336
                },
                "mean": 31.837234722585993,
                "generation": 23,
                "diversity": 54.4739743798281
            },
            {
                "best": {
                    "class_name": "warrior",
                    "performance": 40.612655882567566
                },
                "mean": 32.02056318733875,
                "generation": 24,
                "diversity": 57.26641617515185
            },
            {
                "best": {
                    "class_name": "warrior",
                    "performance": 40.06679506283929
                },
                "mean": 32.84037278005149,
                "generation": 25,
                "diversity": 51.603395772794066
            },
            {
                "best": {
                    "class_name": "warrior",
                    "performance": 40.06679506283929
                },
                "mean": 33.43405741664876,
                "generation": 26,
                "diversity": 42.376146965419665
            },
            {
                "best": {
                    "class_name": "warrior",
                    "performance": 40.203667210294945
                },
                "mean": 33.65538934515938,
                "generation": 27,
                "diversity": 41.95670626509211
            },
            {
                "best": {
                    "class_name": "warrior",
                    "performance": 40.265251151685426
                },
                "mean": 34.138046797024906,
                "generation": 28,
                "diversity": 35.96961263694063
            },
            {
                "best": {
                    "class_name": "warrior",
                    "performance": 40.20831024307332
                },
                "mean": 34.48857592523282,
                "generation": 29,
                "diversity": 34.94350170356915
            },
            {
                "best": {
                    "class_name": "warrior",
                    "performance": 40.09759906387048
                },
                "mean": 35.00732157867945,
                "generation": 30,
                "diversity": 32.06709555301694
            },
            {
                "best": {
                    "class_name": "warrior",
                    "performance": 40.36068452863852
                },
                "mean": 35.297882448082994,
                "generation": 31,
                "diversity": 32.40486676069461
            },
            {
                "best": {
                    "class_name": "warrior",
                    "performance": 40.37586405583264
                },
                "mean": 35.551521948265105,
                "generation": 32,
                "diversity": 34.92603111885898
            },
            {
                "best": {
                    "class_name": "warrior",
                    "performance": 40.86260865655688
                },
                "mean": 35.81346555859693,
                "generation": 33,
                "diversity": 33.38329583703985
            },
            {
                "best": {
                    "class_name": "warrior",
                    "performance": 41.2415998492332
                },
                "mean": 36.09995690556216,
                "generation": 34,
                "diversity": 33.55691413881831
            },
            {
                "best": {
                    "class_name": "warrior",
                    "performance": 40.856372807929766
                },
                "mean": 36.36640848424402,
                "generation": 35,
                "diversity": 31.752636974839707
            },
            {
                "best": {
                    "class_name": "warrior",
                    "performance": 40.65681001082897
                },
                "mean": 36.28854532331913,
                "generation": 36,
                "diversity": 35.52769222689257
            },
            {
                "best": {
                    "class_name": "warrior",
                    "performance": 40.99370084471198
                },
                "mean": 36.33626090709311,
                "generation": 37,
                "diversity": 33.87290741177151
            },
            {
                "best": {
                    "class_name": "warrior",
                    "performance": 40.47615290058718
                },
                "mean": 35.954191770683906,
                "generation": 38,
                "diversity": 34.18933392228782
            },
            {
                "best": {
                    "class_name": "warrior",
                    "performance": 40.785948340213906
                },
                "mean": 36.31887659899886,
                "generation": 39,
                "diversity": 32.62415797487028
            },
            {
                "best": {
                    "class_name": "warrior",
                    "performance": 40.66333774068154
                },
                "mean": 36.70309915990912,
                "generation": 40,
                "diversity": 28.6259163718443
            },
            {
                "best": {
                    "class_name": "warrior",
                    "performance": 40.65014042814488
                },
                "mean": 37.23425319541365,
                "generation": 41,
                "diversity": 24.15970974161101
            },
            {
                "best": {
                    "class_name": "warrior",
                    "performance": 40.83688095281233
                },
                "mean": 37.177439307989204,
                "generation": 42,
                "diversity": 22.6731662200222
            },
            {
                "best": {
                    "class_name": "warrior",
                    "performance": 40.65697436441999
                },
                "mean": 37.16265391800749,
                "generation": 43,
                "diversity": 21.855637390973854
            },
            {
                "best": {
                    "class_name": "warrior",
                    "performance": 40.65697436441999
                },
                "mean": 36.982110599078865,
                "generation": 44,
                "diversity": 20.426805529723755
            },
            {
                "best": {
                    "class_name": "warrior",
                    "performance": 40.792755761053876
                },
                "mean": 36.64340923935311,
                "generation": 45,
                "diversity": 19.35790864205927
            },
            {
                "best": {
                    "class_name": "warrior",
                    "performance": 41.143751436541145
                },
                "mean": 36.966889330673055,
                "generation": 46,
                "diversity": 21.50146447452737
            },
            {
                "best": {
                    "class_name": "warrior",
                    "performance": 41.143751436541145
                },
                "mean": 37.14309612590051,
                "generation": 47,
                "diversity": 23.107050353318943
            },
            {
                "best": {
                    "class_name": "warrior",
                    "performance": 40.983143546191776
                },
                "mean": 37.12039225872062,
                "generation": 48,
                "diversity": 23.76423628860741
            },
            {
                "best": {
                    "class_name": "warrior",
                    "performance": 41.18102857631805
                },
                "mean": 37.03953139335745,
                "generation": 49,
                "diversity": 24.00201477049858
            },
            {
                "best": {
                    "class_name": "warrior",
                    "performance": 41.18102857631805
                },
                "mean": 37.1502162015795,
                "generation": 50,
                "diversity": 22.36749898851934
            },
            {
                "best": {
                    "class_name": "warrior",
                    "performance": 41.160508959699364
                },
                "mean": 37.647622210454806,
                "generation": 51,
                "diversity": 20.55889160678137
            },
            {
                "best": {
                    "class_name": "warrior",
                    "performance": 41.160508959699364
                },
                "mean": 37.52574030789122,
                "generation": 52,
                "diversity": 22.05289475962086
            },
            {
                "best": {
                    "class_name": "warrior",
                    "performance": 41.160508959699364
                },
                "mean": 37.82054337961895,
                "generation": 53,
                "diversity": 21.57683144619242
            },
            {
                "best": {
                    "class_name": "warrior",
                    "performance": 41.23698164642218
                },
                "mean": 37.621567065260656,
                "generation": 54,
                "diversity": 22.3894334673623
            }
        ]
    },
    "config": {
        "population_size": 500,
        "population_to_keep": 250,
        "class_name": "warrior",
        "selection_config_a": {
            "selection_type": "elite",
            "population_to_keep": 125,
            "tournament_size": 50,
            "threshold": 0.75,
            "initial_temperature": 30,
            "temperature_decay": 0.6,
            "min_temperature": 5
        },
        "selection_config_b": {
            "selection_type": "roulette",
            "population_to_keep": 125,
            "tournament_size": 50,
            "threshold": 0.75,
            "initial_temperature": 30,
            "temperature_decay": 0.6,
            "min_temperature": 5
        },
        "selection_config_rate": 0.5,
        "crossover_config": {
            "method": "two_point"
        },
        "mutation_config": {
            "mutation_type": "multi_gen",
            "mutation_rate": 0.2,
            "delta_mutation": 15
        },
        "replacement_config_a": {
            "type": "traditional",
            "quantity": 125,
            "gen_gap": 0.5
        },
        "replacement_config_b": {
            "type": "young_bias",
            "quantity": 125,
            "gen_gap": 0.5
        },
        "replacement_config_rate": 0.5,
        "end_condition_config": {
            "type": "content",
            "generations_to_check": 20,
            "generations": 500,
            "optimum_value": 61.5,
            "tolerance": 0.1,
            "structure_tolerance": 0.01,
            "structure_relevant_proportion": 0.98
        }
    }
}