{
    "results": {
        "best": {
            "solution": {
                "class_name": "warrior",
                "variables": {
                    "strength": 75.25253377019637,
                    "agility": 74.74746622980365,
                    "expertise": 0.0,
                    "resistance": 0,
                    "life": 0.0,
                    "height": 1.92
                },
                "performance": 41.243994364780505
            },
            "generation": 28
        },
        "last_iterations": [
            {
                "best": {
                    "class_name": "warrior",
                    "performance": 30.358079940230944
                },
                "mean": 16.119704523587814,
                "generation": 1,
                "diversity": 231.715151871496
            },
            {
                "best": {
                    "class_name": "warrior",
                    "performance": 35.61826003836014
                },
                "mean": 17.030152841101796,
                "generation": 2,
                "diversity": 218.4806979990523
            },
            {
                "best": {
                    "class_name": "warrior",
                    "performance": 31.011086024046516
                },
                "mean": 17.78470874002912,
                "generation": 3,
                "diversity": 181.91689368947326
            },
            {
                "best": {
                    "class_name": "warrior",
                    "performance": 32.86853949148706
                },
                "mean": 18.52960204059875,
                "generation": 4,
                "diversity": 171.20559527001583
            },
            {
                "best": {
                    "class_name": "warrior",
                    "performance": 31.076496448706894
                },
                "mean": 20.01976277122963,
                "generation": 5,
                "diversity": 142.1081312437008
            },
            {
                "best": {
                    "class_name": "warrior",
                    "performance": 31.57165979816584
                },
                "mean": 21.111755737944208,
                "generation": 6,
                "diversity": 116.5931651138713
            },
            {
                "best": {
                    "class_name": "warrior",
                    "performance": 40.242487985487024
                },
                "mean": 21.4403307769753,
                "generation": 7,
                "diversity": 113.39083918050746
            },
            {
                "best": {
                    "class_name": "warrior",
                    "performance": 36.25450217090157
                },
                "mean": 22.505705966690392,
                "generation": 8,
                "diversity": 101.36335062461495
            },
            {
                "best": {
                    "class_name": "warrior",
                    "performance": 37.094281153719045
                },
                "mean": 23.38947005761487,
                "generation": 9,
                "diversity": 92.81347507650524
            },
            {
                "best": {
                    "class_name": "warrior",
                    "performance": 37.094281153719045
                },
                "mean": 23.844555042621405,
                "generation": 10,
                "diversity": 94.54699217533947
            },
            {
                "best": {
                    "class_name": "warrior",
                    "performance": 36.6654159277446
                },
                "mean": 24.337460551109462,
                "generation": 11,
                "diversity": 101.48053632172252
            },
            {
                "best": {
                    "class_name": "warrior",
                    "performance": 35.63602408782588
                },
                "mean": 25.88690074561733,
                "generation": 12,
                "diversity": 103.44263103495202
            },
            {
                "best": {
                    "class_name": "warrior",
                    "performance": 38.63230931176691
                },
                "mean": 26.452955380730213,
                "generation": 13,
                "diversity": 94.54228227500666
            },
            {
                "best": {
                    "class_name": "warrior",
                    "performance": 35.638005998362935
                },
                "mean": 27.496361972321502,
                "generation": 14,
                "diversity": 90.75288046859605
            },
            {
                "best": {
                    "class_name": "warrior",
                    "performance": 37.16159079824746
                },
                "mean": 28.706149589498278,
                "generation": 15,
                "diversity": 84.21524873464224
            },
            {
                "best": {
                    "class_name": "warrior",
                    "performance": 38.50008703226093
                },
                "mean": 30.095497575433033,
                "generation": 16,
                "diversity": 75.57593996297744
            },
            {
                "best": {
                    "class_name": "warrior",
                    "performance": 38.87263204102345
                },
                "mean": 30.841016835056696,
                "generation": 17,
                "diversity": 67.28190352209889
            },
            {
                "best": {
                    "class_name": "warrior",
                    "performance": 39.75323028084226
                },
                "mean": 31.680342667407647,
                "generation": 18,
                "diversity": 67.11565385527079
            },
            {
                "best": {
                    "class_name": "warrior",
                    "performance": 39.636501120576426
                },
                "mean": 31.92359477824258,
                "generation": 19,
                "diversity": 72.41548341984007
            },
            {
                "best": {
                    "class_name": "warrior",
                    "performance": 40.85040631892417
                },
                "mean": 31.839017044436538,
                "generation": 20,
                "diversity": 71.23774501716973
            },
            {
                "best": {
                    "class_name": "warrior",
                    "performance": 40.29600752448917
                },
                "mean": 32.23532539401982,
                "generation": 21,
                "diversity": 79.75290065271288
            },
            {
                "best": {
                    "class_name": "warrior",
                    "performance": 40.22890320416477
                },
                "mean": 32.630972387877605,
                "generation": 22,
                "diversity": 75.93430089086874
            },
            {
                "best": {
                    "class_name": "warrior",
                    "performance": 40.91259974436918
                },
                "mean": 33.157351514829976,
                "generation": 23,
                "diversity": 80.62447538819094
            },
            {
                "best": {
                    "class_name": "warrior",
                    "performance": 40.97046645004476
                },
                "mean": 33.5978162763203,
                "generation": 24,
                "diversity": 77.13539964399372
            },
            {
                "best": {
                    "class_name": "warrior",
                    "performance": 40.94830076857699
                },
                "mean": 34.24917571692693,
                "generation": 25,
                "diversity": 72.93312310144255
            },
            {
                "best": {
                    "class_name": "warrior",
                    "performance": 41.03960297936067
                },
                "mean": 34.3957334806659,
                "generation": 26,
                "diversity": 67.37346807431321
            },
            {
                "best": {
                    "class_name": "warrior",
                    "performance": 41.03960297936067
                },
                "mean": 34.20489795279369,
                "generation": 27,
                "diversity": 69.10565753790733
            },
            {
                "best": {
                    "class_name": "warrior",
                    "performance": 41.243994364780505
                },
                "mean": 34.98766835867924,
                "generation": 28,
                "diversity": 71.64654829286454
            },
            {
                "best": {
                    "class_name": "warrior",
                    "performance": 41.08341884207777
                },
                "mean": 35.27963014345344,
                "generation": 29,
                "diversity": 68.81044970853127
            },
            {
                "best": {
                    "class_name": "warrior",
                    "performance": 41.15321760942389
                },
                "mean": 35.324047204357235,
                "generation": 30,
                "diversity": 67.28946912708378
            },
            {
                "best": {
                    "class_name": "warrior",
                    "performance": 40.694802265625846
                },
                "mean": 35.82123277972361,
                "generation": 31,
                "diversity": 66.5293320260243
            },
            {
                "best": {
                    "class_name": "warrior",
                    "performance": 40.98181307126435
                },
                "mean": 35.815373690551496,
                "generation": 32,
                "diversity": 60.68349298965777
            },
            {
                "best": {
                    "class_name": "warrior",
                    "performance": 40.71593559387334
                },
                "mean": 35.89681161481953,
                "generation": 33,
                "diversity": 53.271101319090924
            },
            {
                "best": {
                    "class_name": "warrior",
                    "performance": 41.140120610199865
                },
                "mean": 36.19621596471849,
                "generation": 34,
                "diversity": 52.338462066010685
            },
            {
                "best": {
                    "class_name": "warrior",
                    "performance": 41.142765999684634
                },
                "mean": 36.50738205298403,
                "generation": 35,
                "diversity": 50.439912924111574
            },
            {
                "best": {
                    "class_name": "warrior",
                    "performance": 41.220816344062236
                },
                "mean": 36.71159411611094,
                "generation": 36,
                "diversity": 47.80969263291558
            },
            {
                "best": {
                    "class_name": "warrior",
                    "performance": 41.20615703886237
                },
                "mean": 37.04353246948219,
                "generation": 37,
                "diversity": 46.529569133385394
            },
            {
                "best": {
                    "class_name": "warrior",
                    "performance": 41.20615703886237
                },
                "mean": 36.840291163705714,
                "generation": 38,
                "diversity": 44.92297964083601
            },
            {
                "best": {
                    "class_name": "warrior",
                    "performance": 41.20615703886237
                },
                "mean": 36.89665726174963,
                "generation": 39,
                "diversity": 51.46104923717629
            },
            {
                "best": {
                    "class_name": "warrior",
                    "performance": 41.24190182790419
                },
                "mean": 37.20577321792404,
                "generation": 40,
                "diversity": 48.763201805373086
            },
            {
                "best": {
                    "class_name": "warrior",
                    "performance": 41.24287474532081
                },
                "mean": 37.35789281466146,
                "generation": 41,
                "diversity": 54.84056866002124
            },
            {
                "best": {
                    "class_name": "warrior",
                    "performance": 41.20262989987837
                },
                "mean": 37.67714688200564,
                "generation": 42,
                "diversity": 53.72110646652152
            },
            {
                "best": {
                    "class_name": "warrior",
                    "performance": 41.14503561418146
                },
                "mean": 37.93147005818205,
                "generation": 43,
                "diversity": 52.064390780799364
            },
            {
                "best": {
                    "class_name": "warrior",
                    "performance": 41.200388591226435
                },
                "mean": 37.706675472952796,
                "generation": 44,
                "diversity": 48.99857044468086
            },
            {
                "best": {
                    "class_name": "warrior",
                    "performance": 41.198922138481095
                },
                "mean": 38.0380002016481,
                "generation": 45,
                "diversity": 44.37465218220847
            },
            {
                "best": {
                    "class_name": "warrior",
                    "performance": 41.23689405716012
                },
                "mean": 37.99288441446588,
                "generation": 46,
                "diversity": 43.118859070301674
            },
            {
                "best": {
                    "class_name": "warrior",
                    "performance": 41.2411390908891
                },
                "mean": 38.23785030694232,
                "generation": 47,
                "diversity": 41.065931897918034
            },
            {
                "best": {
                    "class_name": "warrior",
                    "performance": 41.20110124347921
                },
                "mean": 38.276884801614045,
                "generation": 48,
                "diversity": 39.496114164751155
            }
        ]
    },
    "config": {
        "population_size": 500,
        "population_to_keep": 250,
        "class_name": "warrior",
        "selection_config_a": {
            "selection_type": "elite",
            "population_to_keep": 125,
            "tournament_size": 50,
            "threshold": 0.75,
            "initial_temperature": 30,
            "temperature_decay": 0.6,
            "min_temperature": 5
        },
        "selection_config_b": {
            "selection_type": "roulette",
            "population_to_keep": 125,
            "tournament_size": 50,
            "threshold": 0.75,
            "initial_temperature": 30,
            "temperature_decay": 0.6,
            "min_temperature": 5
        },
        "selection_config_rate": 0.5,
        "crossover_config": {
            "method": "two_point"
        },
        "mutation_config": {
            "mutation_type": "multi_gen",
            "mutation_rate": 0.2,
            "delta_mutation": 15
        },
        "replacement_config_a": {
            "type": "traditional",
            "quantity": 125,
            "gen_gap": 0.5
        },
        "replacement_config_b": {
            "type": "young_bias",
            "quantity": 125,
            "gen_gap": 0.5
        },
        "replacement_config_rate": 0.5,
        "end_condition_config": {
            "type": "content",
            "generations_to_check": 20,
            "generations": 500,
            "optimum_value": 61.5,
            "tolerance": 0.1,
            "structure_tolerance": 0.01,
            "structure_relevant_proportion": 0.98
        }
    }
}