{
    "results": {
        "best": {
            "solution": {
                "class_name": "warrior",
                "variables": {
                    "strength": 75.05901182275615,
                    "agility": 74.94098817724385,
                    "expertise": 0.0,
                    "resistance": 0.0,
                    "life": 0.0,
                    "height": 1.92
                },
                "performance": 41.24451045442615
            },
            "generation": 43
        },
        "last_iterations": [
            {
                "best": {
                    "class_name": "warrior",
                    "performance": 30.87606148509837
                },
                "mean": 16.816832317875654,
                "generation": 1,
                "diversity": 222.7273854239855
            },
            {
                "best": {
                    "class_name": "warrior",
                    "performance": 28.082088758996967
                },
                "mean": 17.087875605193243,
                "generation": 2,
                "diversity": 196.68871620146749
            },
            {
                "best": {
                    "class_name": "warrior",
                    "performance": 29.074928747139076
                },
                "mean": 17.695681695025367,
                "generation": 3,
                "diversity": 181.56357033429757
            },
            {
                "best": {
                    "class_name": "warrior",
                    "performance": 30.05088488614171
                },
                "mean": 18.684437548910616,
                "generation": 4,
                "diversity": 167.1377562802314
            },
            {
                "best": {
                    "class_name": "warrior",
                    "performance": 28.120280518627403
                },
                "mean": 19.14439142129979,
                "generation": 5,
                "diversity": 160.42265945567874
            },
            {
                "best": {
                    "class_name": "warrior",
                    "performance": 28.996459151854072
                },
                "mean": 19.659323423664176,
                "generation": 6,
                "diversity": 162.4987447593125
            },
            {
                "best": {
                    "class_name": "warrior",
                    "performance": 35.773457360965104
                },
                "mean": 20.540141700034123,
                "generation": 7,
                "diversity": 150.40126939905846
            },
            {
                "best": {
                    "class_name": "warrior",
                    "performance": 35.773457360965104
                },
                "mean": 21.142753220919396,
                "generation": 8,
                "diversity": 133.8929053773859
            },
            {
                "best": {
                    "class_name": "warrior",
                    "performance": 35.773457360965104
                },
                "mean": 22.595856892459537,
                "generation": 9,
                "diversity": 112.89197412053527
            },
            {
                "best": {
                    "class_name": "warrior",
                    "performance": 34.147524608522794
                },
                "mean": 22.956703028097415,
                "generation": 10,
                "diversity": 127.52941726531202
            },
            {
                "best": {
                    "class_name": "warrior",
                    "performance": 34.81521884487169
                },
                "mean": 23.604099233962614,
                "generation": 11,
                "diversity": 112.98705373776416
            },
            {
                "best": {
                    "class_name": "warrior",
                    "performance": 36.845753076151325
                },
                "mean": 24.54876997080366,
                "generation": 12,
                "diversity": 103.74712597111545
            },
            {
                "best": {
                    "class_name": "warrior",
                    "performance": 40.110150186679334
                },
                "mean": 25.52004898824291,
                "generation": 13,
                "diversity": 92.68417032798821
            },
            {
                "best": {
                    "class_name": "warrior",
                    "performance": 40.050906799961695
                },
                "mean": 27.246908948257595,
                "generation": 14,
                "diversity": 86.49018862695699
            },
            {
                "best": {
                    "class_name": "warrior",
                    "performance": 40.911506557068414
                },
                "mean": 27.566606485408553,
                "generation": 15,
                "diversity": 89.96436046920388
            },
            {
                "best": {
                    "class_name": "warrior",
                    "performance": 40.911506557068414
                },
                "mean": 28.23611870947692,
                "generation": 16,
                "diversity": 87.057926379565
            },
            {
                "best": {
                    "class_name": "warrior",
                    "performance": 40.406616078992975
                },
                "mean": 29.14359165361553,
                "generation": 17,
                "diversity": 73.21013736668225
            },
            {
                "best": {
                    "class_name": "warrior",
                    "performance": 40.406616078992975
                },
                "mean": 29.817403429760105,
                "generation": 18,
                "diversity": 66.70238024005353
            },
            {
                "best": {
                    "class_name": "warrior",
                    "performance": 38.594419709345196
                },
                "mean": 30.59673914261562,
                "generation": 19,
                "diversity": 58.139185108997076
            },
            {
                "best": {
                    "class_name": "warrior",
                    "performance": 39.25624452777095
                },
                "mean": 31.160923334038046,
                "generation": 20,
                "diversity": 58.90989729675527
            },
            {
                "best": {
                    "class_name": "warrior",
                    "performance": 40.887556238794176
                },
                "mean": 31.99602204620034,
                "generation": 21,
                "diversity": 48.234854387623294
            },
            {
                "best": {
                    "class_name": "warrior",
                    "performance": 40.887556238794176
                },
                "mean": 32.55699874682453,
                "generation": 22,
                "diversity": 44.512853633924976
            },
            {
                "best": {
                    "class_name": "warrior",
                    "performance": 40.887556238794176
                },
                "mean": 33.160444403615095,
                "generation": 23,
                "diversity": 44.8990696657794
            },
            {
                "best": {
                    "class_name": "warrior",
                    "performance": 40.04129852597704
                },
                "mean": 33.72086344751959,
                "generation": 24,
                "diversity": 44.993180914135955
            },
            {
                "best": {
                    "class_name": "warrior",
                    "performance": 40.78297350687823
                },
                "mean": 34.30206180939603,
                "generation": 25,
                "diversity": 44.411444503489825
            },
            {
                "best": {
                    "class_name": "warrior",
                    "performance": 40.67590547915507
                },
                "mean": 34.669615728549296,
                "generation": 26,
                "diversity": 44.98250616854349
            },
            {
                "best": {
                    "class_name": "warrior",
                    "performance": 40.95431590825175
                },
                "mean": 35.010038232957754,
                "generation": 27,
                "diversity": 44.57787083719176
            },
            {
                "best": {
                    "class_name": "warrior",
                    "performance": 40.58924687192009
                },
                "mean": 35.22633639620849,
                "generation": 28,
                "diversity": 45.63609929531241
            },
            {
                "best": {
                    "class_name": "warrior",
                    "performance": 40.85734298761516
                },
                "mean": 35.80887248558076,
                "generation": 29,
                "diversity": 38.417091436081
            },
            {
                "best": {
                    "class_name": "warrior",
                    "performance": 40.85734298761516
                },
                "mean": 35.90194307342166,
                "generation": 30,
                "diversity": 39.065669117683406
            },
            {
                "best": {
                    "class_name": "warrior",
                    "performance": 40.63970350781535
                },
                "mean": 36.22642512354014,
                "generation": 31,
                "diversity": 35.34189904774269
            },
            {
                "best": {
                    "class_name": "warrior",
                    "performance": 40.63970350781535
                },
                "mean": 36.411188967693036,
                "generation": 32,
                "diversity": 37.984852059214425
            },
            {
                "best": {
                    "class_name": "warrior",
                    "performance": 40.53951534920371
                },
                "mean": 36.504102046530356,
                "generation": 33,
                "diversity": 36.9490403535464
            },
            {
                "best": {
                    "class_name": "warrior",
                    "performance": 41.024904270207486
                },
                "mean": 36.430526687674785,
                "generation": 34,
                "diversity": 37.49192851025644
            },
            {
                "best": {
                    "class_name": "warrior",
                    "performance": 41.13761763849926
                },
                "mean": 36.8532756013908,
                "generation": 35,
                "diversity": 42.675339334811646
            },
            {
                "best": {
                    "class_name": "warrior",
                    "performance": 40.98374428678508
                },
                "mean": 36.957626677723994,
                "generation": 36,
                "diversity": 42.203945562438555
            },
            {
                "best": {
                    "class_name": "warrior",
                    "performance": 40.70182320797232
                },
                "mean": 37.26893367959386,
                "generation": 37,
                "diversity": 36.98226234679042
            },
            {
                "best": {
                    "class_name": "warrior",
                    "performance": 40.632053529442004
                },
                "mean": 37.36404089926831,
                "generation": 38,
                "diversity": 31.247764854713356
            },
            {
                "best": {
                    "class_name": "warrior",
                    "performance": 40.943351403111336
                },
                "mean": 37.53634192543153,
                "generation": 39,
                "diversity": 33.31001195108949
            },
            {
                "best": {
                    "class_name": "warrior",
                    "performance": 41.129497168682555
                },
                "mean": 37.43791582724647,
                "generation": 40,
                "diversity": 30.742711156068676
            },
            {
                "best": {
                    "class_name": "warrior",
                    "performance": 41.243965630149624
                },
                "mean": 37.53143822244918,
                "generation": 41,
                "diversity": 32.72529150368827
            },
            {
                "best": {
                    "class_name": "warrior",
                    "performance": 41.243965630149624
                },
                "mean": 37.73432618662157,
                "generation": 42,
                "diversity": 29.91454181524418
            },
            {
                "best": {
                    "class_name": "warrior",
                    "performance": 41.24451045442615
                },
                "mean": 37.53576882658213,
                "generation": 43,
                "diversity": 30.412951308061086
            },
            {
                "best": {
                    "class_name": "warrior",
                    "performance": 41.045584299419204
                },
                "mean": 37.85768934278135,
                "generation": 44,
                "diversity": 28.21755745828437
            },
            {
                "best": {
                    "class_name": "warrior",
                    "performance": 41.243958229010524
                },
                "mean": 37.68098992137511,
                "generation": 45,
                "diversity": 30.53200798762489
            },
            {
                "best": {
                    "class_name": "warrior",
                    "performance": 41.23911131405313
                },
                "mean": 37.92242675526336,
                "generation": 46,
                "diversity": 31.927368151694953
            },
            {
                "best": {
                    "class_name": "warrior",
                    "performance": 41.243966594773795
                },
                "mean": 37.95400634104968,
                "generation": 47,
                "diversity": 31.67987147148538
            },
            {
                "best": {
                    "class_name": "warrior",
                    "performance": 41.24439911435772
                },
                "mean": 38.09760460896305,
                "generation": 48,
                "diversity": 29.809838392727585
            },
            {
                "best": {
                    "class_name": "warrior",
                    "performance": 41.244374789115135
                },
                "mean": 38.38734461807367,
                "generation": 49,
                "diversity": 32.20198207824711
            },
            {
                "best": {
                    "class_name": "warrior",
                    "performance": 41.244374789115135
                },
                "mean": 38.315633292257615,
                "generation": 50,
                "diversity": 30.675167159005127
            },
            {
                "best": {
                    "class_name": "warrior",
                    "performance": 41.244374789115135
                },
                "mean": 38.4872382706429,
                "generation": 51,
                "diversity": 32.520496075805035
            },
            {
                "best": {
                    "class_name": "warrior",
                    "performance": 41.243966594773795
                },
                "mean": 38.60100633581533,
                "generation": 52,
                "diversity": 33.13659143995337
            },
            {
                "best": {
                    "class_name": "warrior",
                    "performance": 41.21166676201945
                },
                "mean": 38.4722945498048,
                "generation": 53,
                "diversity": 30.104641268868505
            },
            {
                "best": {
                    "class_name": "warrior",
                    "performance": 41.23958447302361
                },
                "mean": 38.526032915359174,
                "generation": 54,
                "diversity": 27.58102430432865
            },
            {
                "best": {
                    "class_name": "warrior",
                    "performance": 41.22138074690658
                },
                "mean": 38.40326635367847,
                "generation": 55,
                "diversity": 28.60324241404882
            },
            {
                "best": {
                    "class_name": "warrior",
                    "performance": 41.24352222249282
                },
                "mean": 38.55981730443811,
                "generation": 56,
                "diversity": 27.498543162239475
            },
            {
                "best": {
                    "class_name": "warrior",
                    "performance": 41.24352222249282
                },
                "mean": 38.64823406886104,
                "generation": 57,
                "diversity": 26.02637642066246
            },
            {
                "best": {
                    "class_name": "warrior",
                    "performance": 41.24389843592397
                },
                "mean": 38.429996940397736,
                "generation": 58,
                "diversity": 25.439972262747514
            },
            {
                "best": {
                    "class_name": "warrior",
                    "performance": 41.242533567496714
                },
                "mean": 38.84683229083408,
                "generation": 59,
                "diversity": 23.28456117716553
            },
            {
                "best": {
                    "class_name": "warrior",
                    "performance": 41.22608240831042
                },
                "mean": 38.45916546359875,
                "generation": 60,
                "diversity": 24.85680668102891
            },
            {
                "best": {
                    "class_name": "warrior",
                    "performance": 41.24049921011845
                },
                "mean": 38.46070188116328,
                "generation": 61,
                "diversity": 25.367933476060312
            }
        ]
    },
    "config": {
        "population_size": 500,
        "population_to_keep": 250,
        "class_name": "warrior",
        "selection_config_a": {
            "selection_type": "elite",
            "population_to_keep": 125,
            "tournament_size": 50,
            "threshold": 0.75,
            "initial_temperature": 30,
            "temperature_decay": 0.6,
            "min_temperature": 5
        },
        "selection_config_b": {
            "selection_type": "roulette",
            "population_to_keep": 125,
            "tournament_size": 50,
            "threshold": 0.75,
            "initial_temperature": 30,
            "temperature_decay": 0.6,
            "min_temperature": 5
        },
        "selection_config_rate": 0.5,
        "crossover_config": {
            "method": "two_point"
        },
        "mutation_config": {
            "mutation_type": "multi_gen",
            "mutation_rate": 0.2,
            "delta_mutation": 15
        },
        "replacement_config_a": {
            "type": "traditional",
            "quantity": 125,
            "gen_gap": 0.5
        },
        "replacement_config_b": {
            "type": "young_bias",
            "quantity": 125,
            "gen_gap": 0.5
        },
        "replacement_config_rate": 0.5,
        "end_condition_config": {
            "type": "content",
            "generations_to_check": 20,
            "generations": 500,
            "optimum_value": 61.5,
            "tolerance": 0.1,
            "structure_tolerance": 0.01,
            "structure_relevant_proportion": 0.98
        }
    }
}