{
    "results": {
        "best": {
            "solution": {
                "class_name": "warrior",
                "variables": {
                    "strength": 74.72113961878345,
                    "agility": 74.28548289777284,
                    "expertise": 0.9933774834437086,
                    "resistance": 0.0,
                    "life": 0.0,
                    "height": 1.9200000000000002
                },
                "performance": 41.24499541107403
            },
            "generation": 85
        },
        "last_iterations": [
            {
                "best": {
                    "class_name": "warrior",
                    "performance": 34.63244279233311
                },
                "mean": 15.608767310656502,
                "generation": 1,
                "diversity": 250.32551911048768
            },
            {
                "best": {
                    "class_name": "warrior",
                    "performance": 34.63244279233311
                },
                "mean": 15.82596551139551,
                "generation": 2,
                "diversity": 226.77625985841624
            },
            {
                "best": {
                    "class_name": "warrior",
                    "performance": 34.63244279233311
                },
                "mean": 16.502877467166147,
                "generation": 3,
                "diversity": 218.26237477932023
            },
            {
                "best": {
                    "class_name": "warrior",
                    "performance": 33.84438367148168
                },
                "mean": 17.740422590147542,
                "generation": 4,
                "diversity": 182.72153977377968
            },
            {
                "best": {
                    "class_name": "warrior",
                    "performance": 30.19418414529385
                },
                "mean": 18.52258048842822,
                "generation": 5,
                "diversity": 180.43182891501513
            },
            {
                "best": {
                    "class_name": "warrior",
                    "performance": 27.889178638237393
                },
                "mean": 19.64762941723429,
                "generation": 6,
                "diversity": 146.93069778566843
            },
            {
                "best": {
                    "class_name": "warrior",
                    "performance": 29.206039513471282
                },
                "mean": 20.263289749752097,
                "generation": 7,
                "diversity": 124.8997547560618
            },
            {
                "best": {
                    "class_name": "warrior",
                    "performance": 29.509304085263793
                },
                "mean": 20.875472095997438,
                "generation": 8,
                "diversity": 114.04361453942944
            },
            {
                "best": {
                    "class_name": "warrior",
                    "performance": 28.13032222970609
                },
                "mean": 21.287632024238494,
                "generation": 9,
                "diversity": 105.87121147944556
            },
            {
                "best": {
                    "class_name": "warrior",
                    "performance": 29.04569501576351
                },
                "mean": 21.742272996911005,
                "generation": 10,
                "diversity": 97.63759309375514
            },
            {
                "best": {
                    "class_name": "warrior",
                    "performance": 29.52300312203809
                },
                "mean": 22.429975614930882,
                "generation": 11,
                "diversity": 86.99565689391244
            },
            {
                "best": {
                    "class_name": "warrior",
                    "performance": 30.11126105264205
                },
                "mean": 23.216185591100743,
                "generation": 12,
                "diversity": 84.48704113359057
            },
            {
                "best": {
                    "class_name": "warrior",
                    "performance": 32.32061031001017
                },
                "mean": 24.04364459378408,
                "generation": 13,
                "diversity": 75.31939189107845
            },
            {
                "best": {
                    "class_name": "warrior",
                    "performance": 30.65612362897722
                },
                "mean": 24.83970362093272,
                "generation": 14,
                "diversity": 63.78482732292937
            },
            {
                "best": {
                    "class_name": "warrior",
                    "performance": 33.15898168313583
                },
                "mean": 25.519387791006103,
                "generation": 15,
                "diversity": 56.76260133536434
            },
            {
                "best": {
                    "class_name": "warrior",
                    "performance": 32.95170026652945
                },
                "mean": 26.05523750276477,
                "generation": 16,
                "diversity": 49.62961531722893
            },
            {
                "best": {
                    "class_name": "warrior",
                    "performance": 33.45543347098684
                },
                "mean": 26.458994234763615,
                "generation": 17,
                "diversity": 46.68902851835042
            },
            {
                "best": {
                    "class_name": "warrior",
                    "performance": 33.572640025372806
                },
                "mean": 26.979961613325393,
                "generation": 18,
                "diversity": 45.74555227599556
            },
            {
                "best": {
                    "class_name": "warrior",
                    "performance": 34.87783421094958
                },
                "mean": 28.028861865598525,
                "generation": 19,
                "diversity": 42.76361690149801
            },
            {
                "best": {
                    "class_name": "warrior",
                    "performance": 35.80486353853057
                },
                "mean": 28.499367965561717,
                "generation": 20,
                "diversity": 44.74299743253972
            },
            {
                "best": {
                    "class_name": "warrior",
                    "performance": 37.03592691697389
                },
                "mean": 28.694281615055154,
                "generation": 21,
                "diversity": 42.23859784047542
            },
            {
                "best": {
                    "class_name": "warrior",
                    "performance": 36.481076268892146
                },
                "mean": 28.977137126935006,
                "generation": 22,
                "diversity": 36.70096884019304
            },
            {
                "best": {
                    "class_name": "warrior",
                    "performance": 36.50604442835808
                },
                "mean": 29.20398305297019,
                "generation": 23,
                "diversity": 39.328678088184965
            },
            {
                "best": {
                    "class_name": "warrior",
                    "performance": 37.76141481450587
                },
                "mean": 29.81976389628226,
                "generation": 24,
                "diversity": 37.378399396268264
            },
            {
                "best": {
                    "class_name": "warrior",
                    "performance": 36.60699122133439
                },
                "mean": 30.248422950216636,
                "generation": 25,
                "diversity": 38.317140029142635
            },
            {
                "best": {
                    "class_name": "warrior",
                    "performance": 38.35759152365136
                },
                "mean": 30.48371796918752,
                "generation": 26,
                "diversity": 40.37136373491488
            },
            {
                "best": {
                    "class_name": "warrior",
                    "performance": 38.798244385820084
                },
                "mean": 30.575412416585504,
                "generation": 27,
                "diversity": 37.460109133792734
            },
            {
                "best": {
                    "class_name": "warrior",
                    "performance": 36.90475709457365
                },
                "mean": 30.348415326268682,
                "generation": 28,
                "diversity": 36.81510366456618
            },
            {
                "best": {
                    "class_name": "warrior",
                    "performance": 36.83184511922315
                },
                "mean": 30.94539573157863,
                "generation": 29,
                "diversity": 37.72401842790496
            },
            {
                "best": {
                    "class_name": "warrior",
                    "performance": 38.27148634472226
                },
                "mean": 31.071089291274262,
                "generation": 30,
                "diversity": 40.36726889185214
            },
            {
                "best": {
                    "class_name": "warrior",
                    "performance": 39.51731185987512
                },
                "mean": 31.95619605791223,
                "generation": 31,
                "diversity": 35.46754794775367
            },
            {
                "best": {
                    "class_name": "warrior",
                    "performance": 39.007818841851574
                },
                "mean": 32.56942352421549,
                "generation": 32,
                "diversity": 32.82400813016478
            },
            {
                "best": {
                    "class_name": "warrior",
                    "performance": 40.11733495649966
                },
                "mean": 32.586108885470374,
                "generation": 33,
                "diversity": 30.646842904443584
            },
            {
                "best": {
                    "class_name": "warrior",
                    "performance": 40.10267845207547
                },
                "mean": 33.06921295570278,
                "generation": 34,
                "diversity": 31.917442164823058
            },
            {
                "best": {
                    "class_name": "warrior",
                    "performance": 40.10267845207547
                },
                "mean": 33.35316184652534,
                "generation": 35,
                "diversity": 30.259051528976414
            },
            {
                "best": {
                    "class_name": "warrior",
                    "performance": 40.10267845207547
                },
                "mean": 33.59227005441369,
                "generation": 36,
                "diversity": 29.134993766152636
            },
            {
                "best": {
                    "class_name": "warrior",
                    "performance": 39.6895781701214
                },
                "mean": 33.818393324771506,
                "generation": 37,
                "diversity": 28.479800532160922
            },
            {
                "best": {
                    "class_name": "warrior",
                    "performance": 39.6895781701214
                },
                "mean": 33.74095411815944,
                "generation": 38,
                "diversity": 29.719808587753974
            },
            {
                "best": {
                    "class_name": "warrior",
                    "performance": 38.83784382927799
                },
                "mean": 33.83096831446707,
                "generation": 39,
                "diversity": 29.899389469819017
            },
            {
                "best": {
                    "class_name": "warrior",
                    "performance": 39.72246729774074
                },
                "mean": 34.12629321765818,
                "generation": 40,
                "diversity": 30.565993009990063
            },
            {
                "best": {
                    "class_name": "warrior",
                    "performance": 39.31752438564518
                },
                "mean": 34.36829481003599,
                "generation": 41,
                "diversity": 29.277392247598087
            },
            {
                "best": {
                    "class_name": "warrior",
                    "performance": 39.31709847416842
                },
                "mean": 34.000574351203205,
                "generation": 42,
                "diversity": 24.900918361742757
            },
            {
                "best": {
                    "class_name": "warrior",
                    "performance": 38.99027738405597
                },
                "mean": 34.17866081797646,
                "generation": 43,
                "diversity": 22.27084281531134
            },
            {
                "best": {
                    "class_name": "warrior",
                    "performance": 39.712705744289785
                },
                "mean": 34.19613446873289,
                "generation": 44,
                "diversity": 20.36221234875998
            },
            {
                "best": {
                    "class_name": "warrior",
                    "performance": 39.712705744289785
                },
                "mean": 34.39997012567264,
                "generation": 45,
                "diversity": 21.457788098738302
            },
            {
                "best": {
                    "class_name": "warrior",
                    "performance": 39.712705744289785
                },
                "mean": 35.00958020904595,
                "generation": 46,
                "diversity": 20.304323894232514
            },
            {
                "best": {
                    "class_name": "warrior",
                    "performance": 39.79075382487875
                },
                "mean": 35.13150327610803,
                "generation": 47,
                "diversity": 21.038483313577604
            },
            {
                "best": {
                    "class_name": "warrior",
                    "performance": 39.79075382487875
                },
                "mean": 35.33606429896299,
                "generation": 48,
                "diversity": 22.33525258751655
            },
            {
                "best": {
                    "class_name": "warrior",
                    "performance": 39.955455312804276
                },
                "mean": 35.21855277477103,
                "generation": 49,
                "diversity": 24.51572613757833
            },
            {
                "best": {
                    "class_name": "warrior",
                    "performance": 40.36099037145636
                },
                "mean": 35.37327014068106,
                "generation": 50,
                "diversity": 28.313192549559165
            },
            {
                "best": {
                    "class_name": "warrior",
                    "performance": 40.11604344268767
                },
                "mean": 35.454837488151064,
                "generation": 51,
                "diversity": 27.534853252370425
            },
            {
                "best": {
                    "class_name": "warrior",
                    "performance": 40.29112158070153
                },
                "mean": 35.175030871003834,
                "generation": 52,
                "diversity": 33.6805018105746
            },
            {
                "best": {
                    "class_name": "warrior",
                    "performance": 40.63178964583682
                },
                "mean": 35.31899314647101,
                "generation": 53,
                "diversity": 30.969666498381994
            },
            {
                "best": {
                    "class_name": "warrior",
                    "performance": 40.25076963587111
                },
                "mean": 35.54353289959027,
                "generation": 54,
                "diversity": 28.857181513082505
            },
            {
                "best": {
                    "class_name": "warrior",
                    "performance": 39.641604883663554
                },
                "mean": 35.76712025419208,
                "generation": 55,
                "diversity": 28.219727513352804
            },
            {
                "best": {
                    "class_name": "warrior",
                    "performance": 39.68990834248815
                },
                "mean": 35.86139162983481,
                "generation": 56,
                "diversity": 28.514819530007927
            },
            {
                "best": {
                    "class_name": "warrior",
                    "performance": 40.30556286100123
                },
                "mean": 36.02839273349367,
                "generation": 57,
                "diversity": 29.928743396447558
            },
            {
                "best": {
                    "class_name": "warrior",
                    "performance": 40.30556286100123
                },
                "mean": 35.82939191141719,
                "generation": 58,
                "diversity": 31.503353775829027
            },
            {
                "best": {
                    "class_name": "warrior",
                    "performance": 39.83411108584173
                },
                "mean": 35.728259972525336,
                "generation": 59,
                "diversity": 32.33707479576518
            },
            {
                "best": {
                    "class_name": "warrior",
                    "performance": 39.73007861731344
                },
                "mean": 35.88113930084114,
                "generation": 60,
                "diversity": 33.40575250093458
            },
            {
                "best": {
                    "class_name": "warrior",
                    "performance": 40.87383078810469
                },
                "mean": 36.399477652562716,
                "generation": 61,
                "diversity": 36.20614109623234
            },
            {
                "best": {
                    "class_name": "warrior",
                    "performance": 40.414723095706805
                },
                "mean": 36.248720017077204,
                "generation": 62,
                "diversity": 31.707095294114406
            },
            {
                "best": {
                    "class_name": "warrior",
                    "performance": 40.66941167477486
                },
                "mean": 36.49804903614177,
                "generation": 63,
                "diversity": 34.85236047529572
            },
            {
                "best": {
                    "class_name": "warrior",
                    "performance": 40.69997120453661
                },
                "mean": 36.95223838228993,
                "generation": 64,
                "diversity": 35.716324147775126
            },
            {
                "best": {
                    "class_name": "warrior",
                    "performance": 40.66941167477486
                },
                "mean": 37.067756304427235,
                "generation": 65,
                "diversity": 34.77295547335906
            },
            {
                "best": {
                    "class_name": "warrior",
                    "performance": 40.66941167477486
                },
                "mean": 37.507331701357444,
                "generation": 66,
                "diversity": 36.06573149630596
            },
            {
                "best": {
                    "class_name": "warrior",
                    "performance": 40.604712518113715
                },
                "mean": 37.55044823249278,
                "generation": 67,
                "diversity": 41.640700281188565
            },
            {
                "best": {
                    "class_name": "warrior",
                    "performance": 40.75324148323094
                },
                "mean": 37.642699436761966,
                "generation": 68,
                "diversity": 45.44627269286491
            },
            {
                "best": {
                    "class_name": "warrior",
                    "performance": 40.90318802435343
                },
                "mean": 37.67357774900176,
                "generation": 69,
                "diversity": 47.872594950003354
            },
            {
                "best": {
                    "class_name": "warrior",
                    "performance": 41.148866776627834
                },
                "mean": 37.950328931912836,
                "generation": 70,
                "diversity": 49.28619205883442
            },
            {
                "best": {
                    "class_name": "warrior",
                    "performance": 41.15169075431013
                },
                "mean": 37.84540584930745,
                "generation": 71,
                "diversity": 47.11964493953275
            },
            {
                "best": {
                    "class_name": "warrior",
                    "performance": 41.15169075431013
                },
                "mean": 38.102101566446684,
                "generation": 72,
                "diversity": 47.50517327989315
            },
            {
                "best": {
                    "class_name": "warrior",
                    "performance": 41.2275740508616
                },
                "mean": 38.0040194027026,
                "generation": 73,
                "diversity": 44.42903839122752
            },
            {
                "best": {
                    "class_name": "warrior",
                    "performance": 41.22649481667057
                },
                "mean": 38.409178085919365,
                "generation": 74,
                "diversity": 41.52642297385397
            },
            {
                "best": {
                    "class_name": "warrior",
                    "performance": 41.23046698274109
                },
                "mean": 38.256771458551256,
                "generation": 75,
                "diversity": 39.229843549157565
            },
            {
                "best": {
                    "class_name": "warrior",
                    "performance": 41.24278378865941
                },
                "mean": 38.15079738344555,
                "generation": 76,
                "diversity": 38.23696821394767
            },
            {
                "best": {
                    "class_name": "warrior",
                    "performance": 41.23046698274109
                },
                "mean": 38.303566866634675,
                "generation": 77,
                "diversity": 38.13393631502444
            },
            {
                "best": {
                    "class_name": "warrior",
                    "performance": 41.22196306217986
                },
                "mean": 38.57685444442663,
                "generation": 78,
                "diversity": 35.15410560699879
            },
            {
                "best": {
                    "class_name": "warrior",
                    "performance": 41.24364386076169
                },
                "mean": 38.536985692689925,
                "generation": 79,
                "diversity": 34.68408893100989
            },
            {
                "best": {
                    "class_name": "warrior",
                    "performance": 41.24364386076169
                },
                "mean": 38.640416272234134,
                "generation": 80,
                "diversity": 32.29733846753309
            },
            {
                "best": {
                    "class_name": "warrior",
                    "performance": 41.23092946827458
                },
                "mean": 38.530870820607426,
                "generation": 81,
                "diversity": 29.71695007924677
            },
            {
                "best": {
                    "class_name": "warrior",
                    "performance": 41.23092946827458
                },
                "mean": 38.576242978605755,
                "generation": 82,
                "diversity": 29.714263484537284
            },
            {
                "best": {
                    "class_name": "warrior",
                    "performance": 41.2427878091545
                },
                "mean": 38.56113366183744,
                "generation": 83,
                "diversity": 29.87401562783097
            },
            {
                "best": {
                    "class_name": "warrior",
                    "performance": 41.2427878091545
                },
                "mean": 38.50071037740495,
                "generation": 84,
                "diversity": 30.663190450216984
            },
            {
                "best": {
                    "class_name": "warrior",
                    "performance": 41.24499541107403
                },
                "mean": 38.83815756526662,
                "generation": 85,
                "diversity": 32.4883788813437
            },
            {
                "best": {
                    "class_name": "warrior",
                    "performance": 41.24499541107403
                },
                "mean": 38.738622162390705,
                "generation": 86,
                "diversity": 31.29424365930819
            },
            {
                "best": {
                    "class_name": "warrior",
                    "performance": 41.24082693943702
                },
                "mean": 39.00381059758467,
                "generation": 87,
                "diversity": 26.58793125256938
            },
            {
                "best": {
                    "class_name": "warrior",
                    "performance": 41.24376838608167
                },
                "mean": 39.01682797654461,
                "generation": 88,
                "diversity": 27.320395594684214
            },
            {
                "best": {
                    "class_name": "warrior",
                    "performance": 41.24230038931159
                },
                "mean": 38.59141748516685,
                "generation": 89,
                "diversity": 27.295257422024406
            },
            {
                "best": {
                    "class_name": "warrior",
                    "performance": 41.24398577879916
                },
                "mean": 38.69136334330056,
                "generation": 90,
                "diversity": 28.630180064305932
            },
            {
                "best": {
                    "class_name": "warrior",
                    "performance": 41.24417556028975
                },
                "mean": 38.83493424815246,
                "generation": 91,
                "diversity": 25.58809985813977
            },
            {
                "best": {
                    "class_name": "warrior",
                    "performance": 41.24451738678252
                },
                "mean": 38.89295050802101,
                "generation": 92,
                "diversity": 24.990024193476525
            },
            {
                "best": {
                    "class_name": "warrior",
                    "performance": 41.23801030863077
                },
                "mean": 38.64393022765506,
                "generation": 93,
                "diversity": 26.340795340050274
            },
            {
                "best": {
                    "class_name": "warrior",
                    "performance": 41.24393278492071
                },
                "mean": 38.888174178623544,
                "generation": 94,
                "diversity": 24.06326441389834
            },
            {
                "best": {
                    "class_name": "warrior",
                    "performance": 41.24393278492071
                },
                "mean": 39.03970748886767,
                "generation": 95,
                "diversity": 22.674993908829705
            },
            {
                "best": {
                    "class_name": "warrior",
                    "performance": 41.24192761412491
                },
                "mean": 38.94593735153135,
                "generation": 96,
                "diversity": 23.344710670610123
            }
        ]
    },
    "config": {
        "population_size": 500,
        "population_to_keep": 250,
        "class_name": "warrior",
        "selection_config_a": {
            "selection_type": "elite",
            "population_to_keep": 125,
            "tournament_size": 50,
            "threshold": 0.75,
            "initial_temperature": 30,
            "temperature_decay": 0.6,
            "min_temperature": 5
        },
        "selection_config_b": {
            "selection_type": "roulette",
            "population_to_keep": 125,
            "tournament_size": 50,
            "threshold": 0.75,
            "initial_temperature": 30,
            "temperature_decay": 0.6,
            "min_temperature": 5
        },
        "selection_config_rate": 0.5,
        "crossover_config": {
            "method": "one_point"
        },
        "mutation_config": {
            "mutation_type": "multi_gen",
            "mutation_rate": 0.2,
            "delta_mutation": 15
        },
        "replacement_config_a": {
            "type": "traditional",
            "quantity": 125,
            "gen_gap": 0.5
        },
        "replacement_config_b": {
            "type": "young_bias",
            "quantity": 125,
            "gen_gap": 0.5
        },
        "replacement_config_rate": 0.5,
        "end_condition_config": {
            "type": "content",
            "generations_to_check": 20,
            "generations": 500,
            "optimum_value": 61.5,
            "tolerance": 0.1,
            "structure_tolerance": 0.01,
            "structure_relevant_proportion": 0.98
        }
    }
}