{
    "results": {
        "best": {
            "solution": {
                "class_name": "warrior",
                "variables": {
                    "strength": 75.4380768371302,
                    "agility": 74.5619231628698,
                    "expertise": 0.0,
                    "resistance": 0.0,
                    "life": 0.0,
                    "height": 1.9200000000000002
                },
                "performance": 41.24289751000824
            },
            "generation": 64
        },
        "last_iterations": [
            {
                "best": {
                    "class_name": "warrior",
                    "performance": 28.67142686620487
                },
                "mean": 15.572636844757909,
                "generation": 1,
                "diversity": 249.11651185763426
            },
            {
                "best": {
                    "class_name": "warrior",
                    "performance": 27.838511101260064
                },
                "mean": 16.996144445191597,
                "generation": 2,
                "diversity": 247.23849567986824
            },
            {
                "best": {
                    "class_name": "warrior",
                    "performance": 30.91820012550171
                },
                "mean": 17.328311311735128,
                "generation": 3,
                "diversity": 242.480934049011
            },
            {
                "best": {
                    "class_name": "warrior",
                    "performance": 30.91820012550171
                },
                "mean": 17.946122285928052,
                "generation": 4,
                "diversity": 237.75623643174876
            },
            {
                "best": {
                    "class_name": "warrior",
                    "performance": 28.587913484540326
                },
                "mean": 17.98307947028105,
                "generation": 5,
                "diversity": 232.66781688892306
            },
            {
                "best": {
                    "class_name": "warrior",
                    "performance": 28.763536974986625
                },
                "mean": 18.523119885211162,
                "generation": 6,
                "diversity": 200.1818405455848
            },
            {
                "best": {
                    "class_name": "warrior",
                    "performance": 29.40601056687939
                },
                "mean": 19.275260341824715,
                "generation": 7,
                "diversity": 185.12064446261937
            },
            {
                "best": {
                    "class_name": "warrior",
                    "performance": 29.40601056687939
                },
                "mean": 20.309466968925832,
                "generation": 8,
                "diversity": 152.63086348877803
            },
            {
                "best": {
                    "class_name": "warrior",
                    "performance": 31.16146640638364
                },
                "mean": 20.585262790250344,
                "generation": 9,
                "diversity": 144.23243442290527
            },
            {
                "best": {
                    "class_name": "warrior",
                    "performance": 29.418729584437433
                },
                "mean": 21.177917839310155,
                "generation": 10,
                "diversity": 143.56140089237041
            },
            {
                "best": {
                    "class_name": "warrior",
                    "performance": 30.19258754219019
                },
                "mean": 21.91353238905918,
                "generation": 11,
                "diversity": 129.4903863309938
            },
            {
                "best": {
                    "class_name": "warrior",
                    "performance": 30.437017491521267
                },
                "mean": 22.3024987382458,
                "generation": 12,
                "diversity": 128.22964732280803
            },
            {
                "best": {
                    "class_name": "warrior",
                    "performance": 30.188126428003933
                },
                "mean": 22.47182260789773,
                "generation": 13,
                "diversity": 128.08996320414022
            },
            {
                "best": {
                    "class_name": "warrior",
                    "performance": 31.905959927721078
                },
                "mean": 23.01134051141354,
                "generation": 14,
                "diversity": 124.17864284263453
            },
            {
                "best": {
                    "class_name": "warrior",
                    "performance": 31.905959927721078
                },
                "mean": 23.69134505877315,
                "generation": 15,
                "diversity": 126.63218988303078
            },
            {
                "best": {
                    "class_name": "warrior",
                    "performance": 33.66615977106798
                },
                "mean": 24.133805438460257,
                "generation": 16,
                "diversity": 123.93733891842123
            },
            {
                "best": {
                    "class_name": "warrior",
                    "performance": 34.78854420982239
                },
                "mean": 24.54047929361201,
                "generation": 17,
                "diversity": 110.18498630541329
            },
            {
                "best": {
                    "class_name": "warrior",
                    "performance": 34.798157586738256
                },
                "mean": 25.002177979381276,
                "generation": 18,
                "diversity": 114.93330032156392
            },
            {
                "best": {
                    "class_name": "warrior",
                    "performance": 34.75579650160408
                },
                "mean": 25.575668363983237,
                "generation": 19,
                "diversity": 90.69417670857752
            },
            {
                "best": {
                    "class_name": "warrior",
                    "performance": 34.492571251017274
                },
                "mean": 25.741675516037752,
                "generation": 20,
                "diversity": 103.77616207347984
            },
            {
                "best": {
                    "class_name": "warrior",
                    "performance": 35.95421019975416
                },
                "mean": 26.55284603007279,
                "generation": 21,
                "diversity": 83.50496407233867
            },
            {
                "best": {
                    "class_name": "warrior",
                    "performance": 36.94260841527932
                },
                "mean": 27.249585045555136,
                "generation": 22,
                "diversity": 86.21702810667246
            },
            {
                "best": {
                    "class_name": "warrior",
                    "performance": 36.94260841527932
                },
                "mean": 27.7178359145594,
                "generation": 23,
                "diversity": 97.38208000223175
            },
            {
                "best": {
                    "class_name": "warrior",
                    "performance": 37.20002322120776
                },
                "mean": 28.335891260387246,
                "generation": 24,
                "diversity": 96.33734721511037
            },
            {
                "best": {
                    "class_name": "warrior",
                    "performance": 37.749114064113016
                },
                "mean": 28.510951086428925,
                "generation": 25,
                "diversity": 90.02548391528525
            },
            {
                "best": {
                    "class_name": "warrior",
                    "performance": 37.40969948950173
                },
                "mean": 29.175141026403967,
                "generation": 26,
                "diversity": 75.70278869750871
            },
            {
                "best": {
                    "class_name": "warrior",
                    "performance": 37.36344804671381
                },
                "mean": 29.5737197520969,
                "generation": 27,
                "diversity": 71.45535382514836
            },
            {
                "best": {
                    "class_name": "warrior",
                    "performance": 37.295969563777554
                },
                "mean": 30.13511972411142,
                "generation": 28,
                "diversity": 68.14678921514681
            },
            {
                "best": {
                    "class_name": "warrior",
                    "performance": 37.80577234123099
                },
                "mean": 30.500511546770724,
                "generation": 29,
                "diversity": 68.66083314557201
            },
            {
                "best": {
                    "class_name": "warrior",
                    "performance": 38.401615246838
                },
                "mean": 31.211874673289127,
                "generation": 30,
                "diversity": 61.91899609028002
            },
            {
                "best": {
                    "class_name": "warrior",
                    "performance": 39.2655602601777
                },
                "mean": 31.315058554710326,
                "generation": 31,
                "diversity": 66.17592993112511
            },
            {
                "best": {
                    "class_name": "warrior",
                    "performance": 39.38568594067267
                },
                "mean": 31.756926532479724,
                "generation": 32,
                "diversity": 64.10361885969222
            },
            {
                "best": {
                    "class_name": "warrior",
                    "performance": 39.525826205124076
                },
                "mean": 32.547509441525605,
                "generation": 33,
                "diversity": 65.0782557768522
            },
            {
                "best": {
                    "class_name": "warrior",
                    "performance": 39.525826205124076
                },
                "mean": 33.31654697062554,
                "generation": 34,
                "diversity": 60.48664825748725
            },
            {
                "best": {
                    "class_name": "warrior",
                    "performance": 39.525826205124076
                },
                "mean": 33.6476313462491,
                "generation": 35,
                "diversity": 60.5016381851643
            },
            {
                "best": {
                    "class_name": "warrior",
                    "performance": 39.84613053300751
                },
                "mean": 34.10514666388571,
                "generation": 36,
                "diversity": 63.68078385338472
            },
            {
                "best": {
                    "class_name": "warrior",
                    "performance": 40.00046396970463
                },
                "mean": 34.287316453722305,
                "generation": 37,
                "diversity": 63.158887884405424
            },
            {
                "best": {
                    "class_name": "warrior",
                    "performance": 39.974380408111124
                },
                "mean": 34.58916297649256,
                "generation": 38,
                "diversity": 57.96178677217541
            },
            {
                "best": {
                    "class_name": "warrior",
                    "performance": 39.88399205921932
                },
                "mean": 35.015261211316044,
                "generation": 39,
                "diversity": 57.421755856891195
            },
            {
                "best": {
                    "class_name": "warrior",
                    "performance": 40.36293615594179
                },
                "mean": 35.52239780609838,
                "generation": 40,
                "diversity": 57.514071549503086
            },
            {
                "best": {
                    "class_name": "warrior",
                    "performance": 40.36293615594179
                },
                "mean": 35.37917454976104,
                "generation": 41,
                "diversity": 69.99674141645941
            },
            {
                "best": {
                    "class_name": "warrior",
                    "performance": 40.266242573902154
                },
                "mean": 35.80814567958575,
                "generation": 42,
                "diversity": 65.75184916373117
            },
            {
                "best": {
                    "class_name": "warrior",
                    "performance": 40.48567941232195
                },
                "mean": 36.33608134937084,
                "generation": 43,
                "diversity": 54.134000879224516
            },
            {
                "best": {
                    "class_name": "warrior",
                    "performance": 40.86173105041347
                },
                "mean": 36.37744764860282,
                "generation": 44,
                "diversity": 57.31034358548985
            },
            {
                "best": {
                    "class_name": "warrior",
                    "performance": 41.015411057093615
                },
                "mean": 36.43975673268455,
                "generation": 45,
                "diversity": 50.98901255446578
            },
            {
                "best": {
                    "class_name": "warrior",
                    "performance": 41.12432769090511
                },
                "mean": 36.55734833029578,
                "generation": 46,
                "diversity": 49.37500092690184
            },
            {
                "best": {
                    "class_name": "warrior",
                    "performance": 41.085994811034226
                },
                "mean": 36.56311580238727,
                "generation": 47,
                "diversity": 49.24533875041201
            },
            {
                "best": {
                    "class_name": "warrior",
                    "performance": 41.23710827277716
                },
                "mean": 36.886000058051664,
                "generation": 48,
                "diversity": 47.38362671445686
            },
            {
                "best": {
                    "class_name": "warrior",
                    "performance": 41.23810267861061
                },
                "mean": 36.92557708337977,
                "generation": 49,
                "diversity": 47.86928739727196
            },
            {
                "best": {
                    "class_name": "warrior",
                    "performance": 41.23810267861061
                },
                "mean": 36.99350390558426,
                "generation": 50,
                "diversity": 45.3334337633304
            },
            {
                "best": {
                    "class_name": "warrior",
                    "performance": 41.23810267861061
                },
                "mean": 36.61945070299567,
                "generation": 51,
                "diversity": 41.89599254563118
            },
            {
                "best": {
                    "class_name": "warrior",
                    "performance": 40.70564171958452
                },
                "mean": 36.89575282851372,
                "generation": 52,
                "diversity": 43.00327488906624
            },
            {
                "best": {
                    "class_name": "warrior",
                    "performance": 41.087904578734836
                },
                "mean": 37.22799886654805,
                "generation": 53,
                "diversity": 41.90698191100498
            },
            {
                "best": {
                    "class_name": "warrior",
                    "performance": 41.144012240410454
                },
                "mean": 37.00927795631171,
                "generation": 54,
                "diversity": 46.16607756202134
            },
            {
                "best": {
                    "class_name": "warrior",
                    "performance": 41.07217583121005
                },
                "mean": 37.051577197963326,
                "generation": 55,
                "diversity": 40.29481914155553
            },
            {
                "best": {
                    "class_name": "warrior",
                    "performance": 40.94208192804519
                },
                "mean": 37.02486077700131,
                "generation": 56,
                "diversity": 40.212973639347375
            },
            {
                "best": {
                    "class_name": "warrior",
                    "performance": 41.15024665487641
                },
                "mean": 37.35012333581314,
                "generation": 57,
                "diversity": 40.73420446158204
            },
            {
                "best": {
                    "class_name": "warrior",
                    "performance": 40.87221897291164
                },
                "mean": 37.2759931893022,
                "generation": 58,
                "diversity": 37.75600762338453
            },
            {
                "best": {
                    "class_name": "warrior",
                    "performance": 41.13205286812664
                },
                "mean": 37.60963172690682,
                "generation": 59,
                "diversity": 35.505915691922205
            },
            {
                "best": {
                    "class_name": "warrior",
                    "performance": 41.20517789481691
                },
                "mean": 37.33296072445088,
                "generation": 60,
                "diversity": 42.83733241088538
            },
            {
                "best": {
                    "class_name": "warrior",
                    "performance": 41.14582175001023
                },
                "mean": 37.741019406117424,
                "generation": 61,
                "diversity": 45.571392764765676
            },
            {
                "best": {
                    "class_name": "warrior",
                    "performance": 41.240681579197705
                },
                "mean": 37.55730713910572,
                "generation": 62,
                "diversity": 42.46704089990883
            },
            {
                "best": {
                    "class_name": "warrior",
                    "performance": 41.240681579197705
                },
                "mean": 38.06671361256194,
                "generation": 63,
                "diversity": 44.71446061837756
            },
            {
                "best": {
                    "class_name": "warrior",
                    "performance": 41.24289751000824
                },
                "mean": 38.2925161262395,
                "generation": 64,
                "diversity": 40.01299357791775
            },
            {
                "best": {
                    "class_name": "warrior",
                    "performance": 41.24289751000824
                },
                "mean": 38.3100939476454,
                "generation": 65,
                "diversity": 36.56190848429863
            },
            {
                "best": {
                    "class_name": "warrior",
                    "performance": 41.24216408826525
                },
                "mean": 38.270917743287775,
                "generation": 66,
                "diversity": 33.44011485388688
            },
            {
                "best": {
                    "class_name": "warrior",
                    "performance": 41.240681579197705
                },
                "mean": 38.14016586486563,
                "generation": 67,
                "diversity": 34.482075111968726
            },
            {
                "best": {
                    "class_name": "warrior",
                    "performance": 41.19884623091132
                },
                "mean": 38.23309615595592,
                "generation": 68,
                "diversity": 32.84106474115644
            }
        ]
    },
    "config": {
        "population_size": 500,
        "population_to_keep": 250,
        "class_name": "warrior",
        "selection_config_a": {
            "selection_type": "elite",
            "population_to_keep": 125,
            "tournament_size": 50,
            "threshold": 0.75,
            "initial_temperature": 30,
            "temperature_decay": 0.6,
            "min_temperature": 5
        },
        "selection_config_b": {
            "selection_type": "roulette",
            "population_to_keep": 125,
            "tournament_size": 50,
            "threshold": 0.75,
            "initial_temperature": 30,
            "temperature_decay": 0.6,
            "min_temperature": 5
        },
        "selection_config_rate": 0.5,
        "crossover_config": {
            "method": "one_point"
        },
        "mutation_config": {
            "mutation_type": "multi_gen",
            "mutation_rate": 0.2,
            "delta_mutation": 15
        },
        "replacement_config_a": {
            "type": "traditional",
            "quantity": 125,
            "gen_gap": 0.5
        },
        "replacement_config_b": {
            "type": "young_bias",
            "quantity": 125,
            "gen_gap": 0.5
        },
        "replacement_config_rate": 0.5,
        "end_condition_config": {
            "type": "content",
            "generations_to_check": 20,
            "generations": 500,
            "optimum_value": 61.5,
            "tolerance": 0.1,
            "structure_tolerance": 0.01,
            "structure_relevant_proportion": 0.98
        }
    }
}