{
    "results": {
        "best": {
            "solution": {
                "class_name": "warrior",
                "variables": {
                    "strength": 75.22600923171599,
                    "agility": 74.77399076828401,
                    "expertise": 0.0,
                    "resistance": 0.0,
                    "life": 0.0,
                    "height": 1.92
                },
                "performance": 41.2441030177423
            },
            "generation": 73
        },
        "last_iterations": [
            {
                "best": {
                    "class_name": "warrior",
                    "performance": 30.959330563930873
                },
                "mean": 16.038746833542987,
                "generation": 1,
                "diversity": 247.0581848825085
            },
            {
                "best": {
                    "class_name": "warrior",
                    "performance": 30.897610113804042
                },
                "mean": 16.855274794180655,
                "generation": 2,
                "diversity": 223.02236496500177
            },
            {
                "best": {
                    "class_name": "warrior",
                    "performance": 31.45982783588284
                },
                "mean": 17.173149005116453,
                "generation": 3,
                "diversity": 209.1005264141232
            },
            {
                "best": {
                    "class_name": "warrior",
                    "performance": 34.845126739055566
                },
                "mean": 17.783676293571663,
                "generation": 4,
                "diversity": 186.09158882640781
            },
            {
                "best": {
                    "class_name": "warrior",
                    "performance": 37.299636718887044
                },
                "mean": 18.554981100130377,
                "generation": 5,
                "diversity": 164.6719653092299
            },
            {
                "best": {
                    "class_name": "warrior",
                    "performance": 37.299636718887044
                },
                "mean": 18.75634751927238,
                "generation": 6,
                "diversity": 160.7951964421215
            },
            {
                "best": {
                    "class_name": "warrior",
                    "performance": 33.19265078304788
                },
                "mean": 19.699143939862573,
                "generation": 7,
                "diversity": 136.69106878075743
            },
            {
                "best": {
                    "class_name": "warrior",
                    "performance": 34.543457076580125
                },
                "mean": 20.50178008782326,
                "generation": 8,
                "diversity": 132.23059772366148
            },
            {
                "best": {
                    "class_name": "warrior",
                    "performance": 34.70641274103302
                },
                "mean": 21.028118570113378,
                "generation": 9,
                "diversity": 127.79749268582022
            },
            {
                "best": {
                    "class_name": "warrior",
                    "performance": 38.55267581276913
                },
                "mean": 21.83237657598509,
                "generation": 10,
                "diversity": 116.76531610058447
            },
            {
                "best": {
                    "class_name": "warrior",
                    "performance": 34.40835080997945
                },
                "mean": 22.580156521768576,
                "generation": 11,
                "diversity": 110.8873503289284
            },
            {
                "best": {
                    "class_name": "warrior",
                    "performance": 37.12985728309757
                },
                "mean": 23.743213794896,
                "generation": 12,
                "diversity": 109.73760226384623
            },
            {
                "best": {
                    "class_name": "warrior",
                    "performance": 38.72977036576866
                },
                "mean": 24.719876415663478,
                "generation": 13,
                "diversity": 105.36055565766365
            },
            {
                "best": {
                    "class_name": "warrior",
                    "performance": 37.272828667475565
                },
                "mean": 25.443264292207587,
                "generation": 14,
                "diversity": 102.77611263718639
            },
            {
                "best": {
                    "class_name": "warrior",
                    "performance": 40.33305548981786
                },
                "mean": 26.363303137739507,
                "generation": 15,
                "diversity": 102.31188980783865
            },
            {
                "best": {
                    "class_name": "warrior",
                    "performance": 40.498735083726004
                },
                "mean": 27.767999483698,
                "generation": 16,
                "diversity": 91.07282161017883
            },
            {
                "best": {
                    "class_name": "warrior",
                    "performance": 40.498735083726004
                },
                "mean": 28.45416318144918,
                "generation": 17,
                "diversity": 94.23109914994541
            },
            {
                "best": {
                    "class_name": "warrior",
                    "performance": 40.62938648545551
                },
                "mean": 29.46207911905551,
                "generation": 18,
                "diversity": 87.44104637548969
            },
            {
                "best": {
                    "class_name": "warrior",
                    "performance": 40.89147562287966
                },
                "mean": 30.031250350304685,
                "generation": 19,
                "diversity": 79.52608199430588
            },
            {
                "best": {
                    "class_name": "warrior",
                    "performance": 41.06460255004385
                },
                "mean": 30.9809975145588,
                "generation": 20,
                "diversity": 71.20165607478044
            },
            {
                "best": {
                    "class_name": "warrior",
                    "performance": 41.06460255004385
                },
                "mean": 31.70624044414523,
                "generation": 21,
                "diversity": 66.7363949327524
            },
            {
                "best": {
                    "class_name": "warrior",
                    "performance": 40.25937480040586
                },
                "mean": 32.37972749833975,
                "generation": 22,
                "diversity": 63.48188968149595
            },
            {
                "best": {
                    "class_name": "warrior",
                    "performance": 41.08538474835071
                },
                "mean": 33.030573633409816,
                "generation": 23,
                "diversity": 63.57843643014675
            },
            {
                "best": {
                    "class_name": "warrior",
                    "performance": 40.73956182779628
                },
                "mean": 33.82772793544345,
                "generation": 24,
                "diversity": 54.47033293242264
            },
            {
                "best": {
                    "class_name": "warrior",
                    "performance": 41.00390901710279
                },
                "mean": 34.200312481459406,
                "generation": 25,
                "diversity": 62.81009113789767
            },
            {
                "best": {
                    "class_name": "warrior",
                    "performance": 40.789010265891704
                },
                "mean": 34.45975257653829,
                "generation": 26,
                "diversity": 54.765555784869726
            },
            {
                "best": {
                    "class_name": "warrior",
                    "performance": 41.03346525509467
                },
                "mean": 34.80195494681331,
                "generation": 27,
                "diversity": 49.956423754061
            },
            {
                "best": {
                    "class_name": "warrior",
                    "performance": 40.86245460410758
                },
                "mean": 35.46326056060536,
                "generation": 28,
                "diversity": 52.95505499722494
            },
            {
                "best": {
                    "class_name": "warrior",
                    "performance": 41.16044472620968
                },
                "mean": 36.108173985432536,
                "generation": 29,
                "diversity": 48.74684196215852
            },
            {
                "best": {
                    "class_name": "warrior",
                    "performance": 41.062814712254166
                },
                "mean": 36.21802296516342,
                "generation": 30,
                "diversity": 54.194706386985985
            },
            {
                "best": {
                    "class_name": "warrior",
                    "performance": 40.89607735381367
                },
                "mean": 36.239889530652434,
                "generation": 31,
                "diversity": 46.60491105450074
            },
            {
                "best": {
                    "class_name": "warrior",
                    "performance": 40.70681244366172
                },
                "mean": 36.166579417794324,
                "generation": 32,
                "diversity": 49.10491301573054
            },
            {
                "best": {
                    "class_name": "warrior",
                    "performance": 41.113215871661254
                },
                "mean": 36.4912006678901,
                "generation": 33,
                "diversity": 47.50837931908458
            },
            {
                "best": {
                    "class_name": "warrior",
                    "performance": 41.113215871661254
                },
                "mean": 36.971286696597566,
                "generation": 34,
                "diversity": 45.84224706736749
            },
            {
                "best": {
                    "class_name": "warrior",
                    "performance": 41.11192120503007
                },
                "mean": 36.953482534436546,
                "generation": 35,
                "diversity": 41.927086892457304
            },
            {
                "best": {
                    "class_name": "warrior",
                    "performance": 41.11192120503007
                },
                "mean": 36.76911904948883,
                "generation": 36,
                "diversity": 41.981315640077966
            },
            {
                "best": {
                    "class_name": "warrior",
                    "performance": 41.00225752776781
                },
                "mean": 37.100473635040515,
                "generation": 37,
                "diversity": 39.59206323256408
            },
            {
                "best": {
                    "class_name": "warrior",
                    "performance": 41.135463269248774
                },
                "mean": 37.36812819642769,
                "generation": 38,
                "diversity": 36.993295902415575
            },
            {
                "best": {
                    "class_name": "warrior",
                    "performance": 41.23448802112102
                },
                "mean": 37.52476929402963,
                "generation": 39,
                "diversity": 35.12159804527672
            },
            {
                "best": {
                    "class_name": "warrior",
                    "performance": 41.044532325076474
                },
                "mean": 37.76869308422511,
                "generation": 40,
                "diversity": 33.71341667370407
            },
            {
                "best": {
                    "class_name": "warrior",
                    "performance": 41.06048194438669
                },
                "mean": 37.91763291951708,
                "generation": 41,
                "diversity": 29.21972697243052
            },
            {
                "best": {
                    "class_name": "warrior",
                    "performance": 41.18837892164884
                },
                "mean": 37.907980084461876,
                "generation": 42,
                "diversity": 27.09378552328077
            },
            {
                "best": {
                    "class_name": "warrior",
                    "performance": 41.16142368411873
                },
                "mean": 37.929292395716836,
                "generation": 43,
                "diversity": 27.732990574110655
            },
            {
                "best": {
                    "class_name": "warrior",
                    "performance": 41.16142368411873
                },
                "mean": 38.066162178373936,
                "generation": 44,
                "diversity": 26.252853747678273
            },
            {
                "best": {
                    "class_name": "warrior",
                    "performance": 41.180908657096296
                },
                "mean": 38.15363384566593,
                "generation": 45,
                "diversity": 23.464962306255035
            },
            {
                "best": {
                    "class_name": "warrior",
                    "performance": 41.2088656071276
                },
                "mean": 38.320294919725406,
                "generation": 46,
                "diversity": 23.030615615188225
            },
            {
                "best": {
                    "class_name": "warrior",
                    "performance": 41.2088656071276
                },
                "mean": 38.41094478288463,
                "generation": 47,
                "diversity": 22.577457742264937
            },
            {
                "best": {
                    "class_name": "warrior",
                    "performance": 41.18726563798077
                },
                "mean": 38.44570213073075,
                "generation": 48,
                "diversity": 22.264964702937267
            },
            {
                "best": {
                    "class_name": "warrior",
                    "performance": 41.13385096257294
                },
                "mean": 38.49263890581418,
                "generation": 49,
                "diversity": 22.019318113237745
            },
            {
                "best": {
                    "class_name": "warrior",
                    "performance": 41.18821963618594
                },
                "mean": 38.398904463661566,
                "generation": 50,
                "diversity": 20.984925607690055
            },
            {
                "best": {
                    "class_name": "warrior",
                    "performance": 41.18983798292701
                },
                "mean": 38.29242283431127,
                "generation": 51,
                "diversity": 21.87155071915359
            },
            {
                "best": {
                    "class_name": "warrior",
                    "performance": 41.223456701200035
                },
                "mean": 38.48216145996302,
                "generation": 52,
                "diversity": 22.766935642496662
            },
            {
                "best": {
                    "class_name": "warrior",
                    "performance": 41.24307030190257
                },
                "mean": 38.606246970015064,
                "generation": 53,
                "diversity": 22.516662405489146
            },
            {
                "best": {
                    "class_name": "warrior",
                    "performance": 41.24307030190257
                },
                "mean": 38.606207312871994,
                "generation": 54,
                "diversity": 23.37509140891815
            },
            {
                "best": {
                    "class_name": "warrior",
                    "performance": 41.23751793843978
                },
                "mean": 38.58224448681634,
                "generation": 55,
                "diversity": 24.27272803493001
            },
            {
                "best": {
                    "class_name": "warrior",
                    "performance": 41.239221369909764
                },
                "mean": 38.61886132215148,
                "generation": 56,
                "diversity": 24.499456726268708
            },
            {
                "best": {
                    "class_name": "warrior",
                    "performance": 41.23751793843978
                },
                "mean": 38.60495389473496,
                "generation": 57,
                "diversity": 21.848960477827635
            },
            {
                "best": {
                    "class_name": "warrior",
                    "performance": 41.24119014999257
                },
                "mean": 38.50621170273015,
                "generation": 58,
                "diversity": 22.482522244399593
            },
            {
                "best": {
                    "class_name": "warrior",
                    "performance": 41.243068613553966
                },
                "mean": 38.34612791582125,
                "generation": 59,
                "diversity": 22.699367725381723
            },
            {
                "best": {
                    "class_name": "warrior",
                    "performance": 41.243068613553966
                },
                "mean": 38.40420720570698,
                "generation": 60,
                "diversity": 21.767555089271543
            },
            {
                "best": {
                    "class_name": "warrior",
                    "performance": 41.237263064213664
                },
                "mean": 38.262895861473346,
                "generation": 61,
                "diversity": 21.656091983341422
            },
            {
                "best": {
                    "class_name": "warrior",
                    "performance": 41.19576575604035
                },
                "mean": 38.55615397742959,
                "generation": 62,
                "diversity": 21.160895034059106
            },
            {
                "best": {
                    "class_name": "warrior",
                    "performance": 41.23135590283843
                },
                "mean": 38.29752188793115,
                "generation": 63,
                "diversity": 21.281477729560276
            },
            {
                "best": {
                    "class_name": "warrior",
                    "performance": 41.23663932799583
                },
                "mean": 38.13190910672921,
                "generation": 64,
                "diversity": 22.743378225848733
            },
            {
                "best": {
                    "class_name": "warrior",
                    "performance": 41.23135590283843
                },
                "mean": 38.27786662641762,
                "generation": 65,
                "diversity": 22.423541655298962
            },
            {
                "best": {
                    "class_name": "warrior",
                    "performance": 41.24166903442977
                },
                "mean": 38.24587827776309,
                "generation": 66,
                "diversity": 24.146336088877973
            },
            {
                "best": {
                    "class_name": "warrior",
                    "performance": 41.233844925789484
                },
                "mean": 38.35504944230418,
                "generation": 67,
                "diversity": 24.322663350115818
            },
            {
                "best": {
                    "class_name": "warrior",
                    "performance": 41.24388233075757
                },
                "mean": 38.43037282859162,
                "generation": 68,
                "diversity": 24.489697291951106
            },
            {
                "best": {
                    "class_name": "warrior",
                    "performance": 41.241765429849906
                },
                "mean": 38.75872630144583,
                "generation": 69,
                "diversity": 23.450427504901054
            },
            {
                "best": {
                    "class_name": "warrior",
                    "performance": 41.23825303845102
                },
                "mean": 38.789986969068146,
                "generation": 70,
                "diversity": 23.34229657281251
            },
            {
                "best": {
                    "class_name": "warrior",
                    "performance": 41.24266796036451
                },
                "mean": 38.81940251893154,
                "generation": 71,
                "diversity": 23.530936932157335
            },
            {
                "best": {
                    "class_name": "warrior",
                    "performance": 41.2425834182858
                },
                "mean": 38.912401665975,
                "generation": 72,
                "diversity": 23.75087766008224
            },
            {
                "best": {
                    "class_name": "warrior",
                    "performance": 41.2441030177423
                },
                "mean": 38.833368508799545,
                "generation": 73,
                "diversity": 23.64199890148306
            }
        ]
    },
    "config": {
        "population_size": 1100,
        "population_to_keep": 550,
        "class_name": "warrior",
        "selection_config_a": {
            "selection_type": "elite",
            "population_to_keep": 275,
            "tournament_size": 50,
            "threshold": 0.75,
            "initial_temperature": 30,
            "temperature_decay": 0.6,
            "min_temperature": 5
        },
        "selection_config_b": {
            "selection_type": "roulette",
            "population_to_keep": 275,
            "tournament_size": 50,
            "threshold": 0.75,
            "initial_temperature": 30,
            "temperature_decay": 0.6,
            "min_temperature": 5
        },
        "selection_config_rate": 0.5,
        "crossover_config": {
            "method": "uniform"
        },
        "mutation_config": {
            "mutation_type": "multi_gen",
            "mutation_rate": 0.2,
            "delta_mutation": 15
        },
        "replacement_config_a": {
            "type": "traditional",
            "quantity": 275,
            "gen_gap": 0.5
        },
        "replacement_config_b": {
            "type": "young_bias",
            "quantity": 275,
            "gen_gap": 0.5
        },
        "replacement_config_rate": 0.5,
        "end_condition_config": {
            "type": "content",
            "generations_to_check": 20,
            "generations": 500,
            "optimum_value": 61.5,
            "tolerance": 0.1,
            "structure_tolerance": 0.01,
            "structure_relevant_proportion": 0.98
        }
    }
}