{
    "results": {
        "best": {
            "solution": {
                "class_name": "warrior",
                "variables": {
                    "strength": 76.30650200690232,
                    "agility": 60.13705046076324,
                    "expertise": 13.556447532334435,
                    "resistance": 0.0,
                    "life": 0.0,
                    "height": 1.92
                },
                "performance": 40.67639830485026
            },
            "generation": 48
        },
        "last_iterations": [
            {
                "best": {
                    "class_name": "warrior",
                    "performance": 28.03909744075887
                },
                "mean": 16.04703552044051,
                "generation": 1,
                "diversity": 272.0194549384527
            },
            {
                "best": {
                    "class_name": "warrior",
                    "performance": 26.96771860355422
                },
                "mean": 17.300875328241542,
                "generation": 2,
                "diversity": 212.07061961156862
            },
            {
                "best": {
                    "class_name": "warrior",
                    "performance": 26.96771860355422
                },
                "mean": 18.69284381687608,
                "generation": 3,
                "diversity": 148.42983523466748
            },
            {
                "best": {
                    "class_name": "warrior",
                    "performance": 33.32553831423439
                },
                "mean": 19.402918416534042,
                "generation": 4,
                "diversity": 125.4602431135609
            },
            {
                "best": {
                    "class_name": "warrior",
                    "performance": 33.32553831423439
                },
                "mean": 20.434584516378923,
                "generation": 5,
                "diversity": 140.50297352336136
            },
            {
                "best": {
                    "class_name": "warrior",
                    "performance": 29.455723038526653
                },
                "mean": 20.338626597419918,
                "generation": 6,
                "diversity": 132.0286906613766
            },
            {
                "best": {
                    "class_name": "warrior",
                    "performance": 29.455723038526653
                },
                "mean": 21.17746492016119,
                "generation": 7,
                "diversity": 160.57071541111773
            },
            {
                "best": {
                    "class_name": "warrior",
                    "performance": 29.455723038526653
                },
                "mean": 22.191445222740832,
                "generation": 8,
                "diversity": 155.93327134827226
            },
            {
                "best": {
                    "class_name": "warrior",
                    "performance": 29.914703501421037
                },
                "mean": 22.636966807825345,
                "generation": 9,
                "diversity": 135.64846461146917
            },
            {
                "best": {
                    "class_name": "warrior",
                    "performance": 29.95190621949447
                },
                "mean": 22.359840623576975,
                "generation": 10,
                "diversity": 114.22459269359325
            },
            {
                "best": {
                    "class_name": "warrior",
                    "performance": 30.915600701234688
                },
                "mean": 22.79946412038178,
                "generation": 11,
                "diversity": 117.9750307854351
            },
            {
                "best": {
                    "class_name": "warrior",
                    "performance": 30.915600701234688
                },
                "mean": 22.3529084171466,
                "generation": 12,
                "diversity": 99.13504160537538
            },
            {
                "best": {
                    "class_name": "warrior",
                    "performance": 30.95728369278213
                },
                "mean": 23.335406585099125,
                "generation": 13,
                "diversity": 101.35688666165665
            },
            {
                "best": {
                    "class_name": "warrior",
                    "performance": 30.963585729883103
                },
                "mean": 23.97445787963548,
                "generation": 14,
                "diversity": 105.26043781210491
            },
            {
                "best": {
                    "class_name": "warrior",
                    "performance": 33.33130851690794
                },
                "mean": 25.078672222956687,
                "generation": 15,
                "diversity": 103.22230938788438
            },
            {
                "best": {
                    "class_name": "warrior",
                    "performance": 37.62078046716457
                },
                "mean": 25.957244786955936,
                "generation": 16,
                "diversity": 87.10177469644624
            },
            {
                "best": {
                    "class_name": "warrior",
                    "performance": 37.62078046716457
                },
                "mean": 26.62860815192697,
                "generation": 17,
                "diversity": 95.78953071876923
            },
            {
                "best": {
                    "class_name": "warrior",
                    "performance": 37.62526229799957
                },
                "mean": 26.799648568313263,
                "generation": 18,
                "diversity": 91.73081248183776
            },
            {
                "best": {
                    "class_name": "warrior",
                    "performance": 37.60963394205043
                },
                "mean": 26.912229965328926,
                "generation": 19,
                "diversity": 74.41592369608442
            },
            {
                "best": {
                    "class_name": "warrior",
                    "performance": 37.60963394205043
                },
                "mean": 26.8409139512814,
                "generation": 20,
                "diversity": 65.82903151620337
            },
            {
                "best": {
                    "class_name": "warrior",
                    "performance": 34.944889151759455
                },
                "mean": 27.04266789799296,
                "generation": 21,
                "diversity": 60.879571385462704
            },
            {
                "best": {
                    "class_name": "warrior",
                    "performance": 34.944889151759455
                },
                "mean": 28.2813980601837,
                "generation": 22,
                "diversity": 57.24019248992318
            },
            {
                "best": {
                    "class_name": "warrior",
                    "performance": 35.26512860586695
                },
                "mean": 29.77187416119039,
                "generation": 23,
                "diversity": 47.870338880658515
            },
            {
                "best": {
                    "class_name": "warrior",
                    "performance": 38.9779941741655
                },
                "mean": 30.693707318358538,
                "generation": 24,
                "diversity": 42.953172166414255
            },
            {
                "best": {
                    "class_name": "warrior",
                    "performance": 38.9779941741655
                },
                "mean": 31.948053989298447,
                "generation": 25,
                "diversity": 27.441368381574378
            },
            {
                "best": {
                    "class_name": "warrior",
                    "performance": 38.47950602425873
                },
                "mean": 32.47261444782069,
                "generation": 26,
                "diversity": 29.08691662474165
            },
            {
                "best": {
                    "class_name": "warrior",
                    "performance": 37.9269206937923
                },
                "mean": 33.097843161435186,
                "generation": 27,
                "diversity": 32.69931624982723
            },
            {
                "best": {
                    "class_name": "warrior",
                    "performance": 39.00665511626452
                },
                "mean": 32.949620876974,
                "generation": 28,
                "diversity": 28.068092681914326
            },
            {
                "best": {
                    "class_name": "warrior",
                    "performance": 39.00665511626452
                },
                "mean": 33.68928526297118,
                "generation": 29,
                "diversity": 24.0976302509207
            },
            {
                "best": {
                    "class_name": "warrior",
                    "performance": 38.97765955531204
                },
                "mean": 33.63386832803706,
                "generation": 30,
                "diversity": 21.637833098183773
            },
            {
                "best": {
                    "class_name": "warrior",
                    "performance": 38.97765955531204
                },
                "mean": 33.02059473457853,
                "generation": 31,
                "diversity": 18.21001653757691
            },
            {
                "best": {
                    "class_name": "warrior",
                    "performance": 39.79616428109941
                },
                "mean": 32.925634083173605,
                "generation": 32,
                "diversity": 22.660284737838765
            },
            {
                "best": {
                    "class_name": "warrior",
                    "performance": 39.598701523671956
                },
                "mean": 34.06635230985331,
                "generation": 33,
                "diversity": 23.25301947113407
            },
            {
                "best": {
                    "class_name": "warrior",
                    "performance": 40.22092181482609
                },
                "mean": 34.02003685512489,
                "generation": 34,
                "diversity": 21.09560764053416
            },
            {
                "best": {
                    "class_name": "warrior",
                    "performance": 40.22092181482609
                },
                "mean": 34.09254006901782,
                "generation": 35,
                "diversity": 25.74551607448252
            },
            {
                "best": {
                    "class_name": "warrior",
                    "performance": 39.4982502915544
                },
                "mean": 33.71701377225636,
                "generation": 36,
                "diversity": 25.203426459650725
            },
            {
                "best": {
                    "class_name": "warrior",
                    "performance": 39.4982502915544
                },
                "mean": 35.07826728462787,
                "generation": 37,
                "diversity": 27.254681069838842
            },
            {
                "best": {
                    "class_name": "warrior",
                    "performance": 40.16305896791843
                },
                "mean": 35.52438784242423,
                "generation": 38,
                "diversity": 30.40165828886843
            },
            {
                "best": {
                    "class_name": "warrior",
                    "performance": 39.47339581387677
                },
                "mean": 35.75466186758006,
                "generation": 39,
                "diversity": 27.291286986596976
            },
            {
                "best": {
                    "class_name": "warrior",
                    "performance": 40.236112487908976
                },
                "mean": 36.186290891027845,
                "generation": 40,
                "diversity": 24.293082056198838
            },
            {
                "best": {
                    "class_name": "warrior",
                    "performance": 40.23021752392389
                },
                "mean": 35.65577886456909,
                "generation": 41,
                "diversity": 20.642462920264062
            },
            {
                "best": {
                    "class_name": "warrior",
                    "performance": 40.23021752392389
                },
                "mean": 36.00768606729977,
                "generation": 42,
                "diversity": 17.314022678482264
            },
            {
                "best": {
                    "class_name": "warrior",
                    "performance": 39.98100347320522
                },
                "mean": 36.400301839732805,
                "generation": 43,
                "diversity": 15.502209570896275
            },
            {
                "best": {
                    "class_name": "warrior",
                    "performance": 39.98100347320521
                },
                "mean": 36.661032783418925,
                "generation": 44,
                "diversity": 17.197333173458162
            },
            {
                "best": {
                    "class_name": "warrior",
                    "performance": 40.15016781145384
                },
                "mean": 37.00673634201988,
                "generation": 45,
                "diversity": 17.08981730659047
            },
            {
                "best": {
                    "class_name": "warrior",
                    "performance": 40.15016781145384
                },
                "mean": 36.664932901141526,
                "generation": 46,
                "diversity": 15.733369267102153
            },
            {
                "best": {
                    "class_name": "warrior",
                    "performance": 39.682954704476046
                },
                "mean": 35.908457560709806,
                "generation": 47,
                "diversity": 16.51392628993884
            },
            {
                "best": {
                    "class_name": "warrior",
                    "performance": 40.67639830485026
                },
                "mean": 35.900744504344054,
                "generation": 48,
                "diversity": 14.476847829015393
            },
            {
                "best": {
                    "class_name": "warrior",
                    "performance": 40.67639830485026
                },
                "mean": 36.29681661426698,
                "generation": 49,
                "diversity": 15.799930627352344
            },
            {
                "best": {
                    "class_name": "warrior",
                    "performance": 40.67639830485026
                },
                "mean": 36.49192963321212,
                "generation": 50,
                "diversity": 15.12714999651117
            },
            {
                "best": {
                    "class_name": "warrior",
                    "performance": 40.149346883108656
                },
                "mean": 37.06340332424505,
                "generation": 51,
                "diversity": 15.776136516671961
            },
            {
                "best": {
                    "class_name": "warrior",
                    "performance": 39.70340305252136
                },
                "mean": 36.77083369014046,
                "generation": 52,
                "diversity": 12.92391545302303
            },
            {
                "best": {
                    "class_name": "warrior",
                    "performance": 39.828205728995805
                },
                "mean": 37.20500160738851,
                "generation": 53,
                "diversity": 15.20854740615318
            },
            {
                "best": {
                    "class_name": "warrior",
                    "performance": 39.868366273472695
                },
                "mean": 37.54202881935918,
                "generation": 54,
                "diversity": 11.095513984453488
            },
            {
                "best": {
                    "class_name": "warrior",
                    "performance": 40.22464912262415
                },
                "mean": 37.234142880498275,
                "generation": 55,
                "diversity": 12.81789163370562
            },
            {
                "best": {
                    "class_name": "warrior",
                    "performance": 40.20644769407957
                },
                "mean": 37.937272000543416,
                "generation": 56,
                "diversity": 10.676363051215935
            },
            {
                "best": {
                    "class_name": "warrior",
                    "performance": 40.20644769407957
                },
                "mean": 37.7472423621259,
                "generation": 57,
                "diversity": 12.438788427090998
            },
            {
                "best": {
                    "class_name": "warrior",
                    "performance": 39.88798406870283
                },
                "mean": 37.205553044640595,
                "generation": 58,
                "diversity": 11.548158811549044
            },
            {
                "best": {
                    "class_name": "warrior",
                    "performance": 39.88798406870283
                },
                "mean": 37.04105484361287,
                "generation": 59,
                "diversity": 11.351239044140167
            },
            {
                "best": {
                    "class_name": "warrior",
                    "performance": 39.73368554645631
                },
                "mean": 36.02158096243471,
                "generation": 60,
                "diversity": 13.253517743127558
            },
            {
                "best": {
                    "class_name": "warrior",
                    "performance": 39.69985301086558
                },
                "mean": 37.0724470483484,
                "generation": 61,
                "diversity": 17.22802077167071
            },
            {
                "best": {
                    "class_name": "warrior",
                    "performance": 39.751678755707594
                },
                "mean": 36.94130948556732,
                "generation": 62,
                "diversity": 20.72661227347579
            },
            {
                "best": {
                    "class_name": "warrior",
                    "performance": 40.03946127712459
                },
                "mean": 36.91696658140554,
                "generation": 63,
                "diversity": 24.580872447013494
            },
            {
                "best": {
                    "class_name": "warrior",
                    "performance": 39.96190132196219
                },
                "mean": 36.50498919941465,
                "generation": 64,
                "diversity": 19.274741331439753
            },
            {
                "best": {
                    "class_name": "warrior",
                    "performance": 40.042373212825105
                },
                "mean": 37.569693831484535,
                "generation": 65,
                "diversity": 16.178841841387165
            },
            {
                "best": {
                    "class_name": "warrior",
                    "performance": 40.403038973774095
                },
                "mean": 36.9340923401152,
                "generation": 66,
                "diversity": 14.705601188018706
            },
            {
                "best": {
                    "class_name": "warrior",
                    "performance": 40.04913336798222
                },
                "mean": 36.616601974850504,
                "generation": 67,
                "diversity": 15.134495012895016
            },
            {
                "best": {
                    "class_name": "warrior",
                    "performance": 40.33137032115805
                },
                "mean": 36.04638275196296,
                "generation": 68,
                "diversity": 14.500539401955407
            }
        ]
    },
    "config": {
        "population_size": 100,
        "population_to_keep": 50,
        "class_name": "warrior",
        "selection_config_a": {
            "selection_type": "elite",
            "population_to_keep": 25,
            "tournament_size": 50,
            "threshold": 0.75,
            "initial_temperature": 30,
            "temperature_decay": 0.6,
            "min_temperature": 5
        },
        "selection_config_b": {
            "selection_type": "roulette",
            "population_to_keep": 25,
            "tournament_size": 50,
            "threshold": 0.75,
            "initial_temperature": 30,
            "temperature_decay": 0.6,
            "min_temperature": 5
        },
        "selection_config_rate": 0.5,
        "crossover_config": {
            "method": "uniform"
        },
        "mutation_config": {
            "mutation_type": "multi_gen",
            "mutation_rate": 0.2,
            "delta_mutation": 15
        },
        "replacement_config_a": {
            "type": "traditional",
            "quantity": 25,
            "gen_gap": 0.5
        },
        "replacement_config_b": {
            "type": "young_bias",
            "quantity": 25,
            "gen_gap": 0.5
        },
        "replacement_config_rate": 0.5,
        "end_condition_config": {
            "type": "content",
            "generations_to_check": 20,
            "generations": 500,
            "optimum_value": 61.5,
            "tolerance": 0.1,
            "structure_tolerance": 0.01,
            "structure_relevant_proportion": 0.98
        }
    }
}