{
    "results": {
        "best": {
            "solution": {
                "class_name": "warrior",
                "variables": {
                    "strength": 74.87232308229652,
                    "agility": 75.12767691770348,
                    "expertise": 0.0,
                    "resistance": 0.0,
                    "life": 0.0,
                    "height": 1.92
                },
                "performance": 41.24440072376366
            },
            "generation": 44
        },
        "last_iterations": [
            {
                "best": {
                    "class_name": "warrior",
                    "performance": 34.03455379018442
                },
                "mean": 16.08735468268446,
                "generation": 1,
                "diversity": 240.11226084104769
            },
            {
                "best": {
                    "class_name": "warrior",
                    "performance": 36.44366499141576
                },
                "mean": 16.982904689580675,
                "generation": 2,
                "diversity": 222.3645995226204
            },
            {
                "best": {
                    "class_name": "warrior",
                    "performance": 37.78935850816871
                },
                "mean": 17.838000170380134,
                "generation": 3,
                "diversity": 190.0213815881551
            },
            {
                "best": {
                    "class_name": "warrior",
                    "performance": 37.45195550499942
                },
                "mean": 18.86153448492914,
                "generation": 4,
                "diversity": 174.96268213732242
            },
            {
                "best": {
                    "class_name": "warrior",
                    "performance": 37.45195550499942
                },
                "mean": 19.870073438910453,
                "generation": 5,
                "diversity": 159.07093951288712
            },
            {
                "best": {
                    "class_name": "warrior",
                    "performance": 37.40020830178947
                },
                "mean": 20.711750046047946,
                "generation": 6,
                "diversity": 150.98251284752232
            },
            {
                "best": {
                    "class_name": "warrior",
                    "performance": 40.150149321745616
                },
                "mean": 21.6863544782581,
                "generation": 7,
                "diversity": 146.32182162804568
            },
            {
                "best": {
                    "class_name": "warrior",
                    "performance": 38.33760284807146
                },
                "mean": 22.39026617057916,
                "generation": 8,
                "diversity": 127.90894731458754
            },
            {
                "best": {
                    "class_name": "warrior",
                    "performance": 40.904110070849164
                },
                "mean": 23.840466881290002,
                "generation": 9,
                "diversity": 111.58878178666545
            },
            {
                "best": {
                    "class_name": "warrior",
                    "performance": 41.04156064697336
                },
                "mean": 24.593894929520218,
                "generation": 10,
                "diversity": 113.2477587492646
            },
            {
                "best": {
                    "class_name": "warrior",
                    "performance": 40.193249083720026
                },
                "mean": 25.353253625320338,
                "generation": 11,
                "diversity": 108.56455039198029
            },
            {
                "best": {
                    "class_name": "warrior",
                    "performance": 39.17064911431621
                },
                "mean": 26.57099185538134,
                "generation": 12,
                "diversity": 96.20354534467332
            },
            {
                "best": {
                    "class_name": "warrior",
                    "performance": 38.69869315346652
                },
                "mean": 27.92343895594139,
                "generation": 13,
                "diversity": 89.82111069665702
            },
            {
                "best": {
                    "class_name": "warrior",
                    "performance": 39.044187730200775
                },
                "mean": 28.896506838782262,
                "generation": 14,
                "diversity": 83.09786832092085
            },
            {
                "best": {
                    "class_name": "warrior",
                    "performance": 39.7665521678094
                },
                "mean": 29.911211561099066,
                "generation": 15,
                "diversity": 74.59883883721886
            },
            {
                "best": {
                    "class_name": "warrior",
                    "performance": 39.7665521678094
                },
                "mean": 30.806672785180307,
                "generation": 16,
                "diversity": 72.90148103524419
            },
            {
                "best": {
                    "class_name": "warrior",
                    "performance": 40.70102273739125
                },
                "mean": 31.324829915069536,
                "generation": 17,
                "diversity": 67.59419002953017
            },
            {
                "best": {
                    "class_name": "warrior",
                    "performance": 40.70252602258133
                },
                "mean": 32.17979781520423,
                "generation": 18,
                "diversity": 63.97419101043204
            },
            {
                "best": {
                    "class_name": "warrior",
                    "performance": 40.62772031600943
                },
                "mean": 33.01339305027095,
                "generation": 19,
                "diversity": 60.828456911503984
            },
            {
                "best": {
                    "class_name": "warrior",
                    "performance": 40.72466799948576
                },
                "mean": 33.42406899394775,
                "generation": 20,
                "diversity": 58.94256817057146
            },
            {
                "best": {
                    "class_name": "warrior",
                    "performance": 40.872202731868065
                },
                "mean": 33.86158030448003,
                "generation": 21,
                "diversity": 58.84123812616176
            },
            {
                "best": {
                    "class_name": "warrior",
                    "performance": 40.872202731868065
                },
                "mean": 34.59709429574061,
                "generation": 22,
                "diversity": 57.82826736828712
            },
            {
                "best": {
                    "class_name": "warrior",
                    "performance": 40.90228413000647
                },
                "mean": 35.13255830492996,
                "generation": 23,
                "diversity": 52.14390421202025
            },
            {
                "best": {
                    "class_name": "warrior",
                    "performance": 40.92972112486288
                },
                "mean": 35.29876821244984,
                "generation": 24,
                "diversity": 53.9274174371221
            },
            {
                "best": {
                    "class_name": "warrior",
                    "performance": 40.94427491827284
                },
                "mean": 35.617330762107756,
                "generation": 25,
                "diversity": 51.49849669302953
            },
            {
                "best": {
                    "class_name": "warrior",
                    "performance": 41.10005893558713
                },
                "mean": 35.79569393628133,
                "generation": 26,
                "diversity": 48.056889287791144
            },
            {
                "best": {
                    "class_name": "warrior",
                    "performance": 41.1856373982564
                },
                "mean": 36.16344014829702,
                "generation": 27,
                "diversity": 44.00848466214603
            },
            {
                "best": {
                    "class_name": "warrior",
                    "performance": 41.22903702480514
                },
                "mean": 36.455161336249226,
                "generation": 28,
                "diversity": 44.51167045868953
            },
            {
                "best": {
                    "class_name": "warrior",
                    "performance": 41.238931443859975
                },
                "mean": 36.50875411501528,
                "generation": 29,
                "diversity": 45.38808904987835
            },
            {
                "best": {
                    "class_name": "warrior",
                    "performance": 41.14146693357989
                },
                "mean": 36.85479373349496,
                "generation": 30,
                "diversity": 43.41811085226817
            },
            {
                "best": {
                    "class_name": "warrior",
                    "performance": 41.085644834970374
                },
                "mean": 36.92351617306217,
                "generation": 31,
                "diversity": 38.567879285681855
            },
            {
                "best": {
                    "class_name": "warrior",
                    "performance": 41.22385381477347
                },
                "mean": 37.0857668216427,
                "generation": 32,
                "diversity": 37.522237387707925
            },
            {
                "best": {
                    "class_name": "warrior",
                    "performance": 41.02824742701993
                },
                "mean": 36.99302781881951,
                "generation": 33,
                "diversity": 38.63164862198119
            },
            {
                "best": {
                    "class_name": "warrior",
                    "performance": 41.07160762815289
                },
                "mean": 37.09590715775739,
                "generation": 34,
                "diversity": 35.89739165029215
            },
            {
                "best": {
                    "class_name": "warrior",
                    "performance": 41.165560923672835
                },
                "mean": 37.092540409498106,
                "generation": 35,
                "diversity": 33.12473234306446
            },
            {
                "best": {
                    "class_name": "warrior",
                    "performance": 41.08599940396181
                },
                "mean": 37.35449697245451,
                "generation": 36,
                "diversity": 31.87067112764667
            },
            {
                "best": {
                    "class_name": "warrior",
                    "performance": 41.168881825656186
                },
                "mean": 37.26110624680779,
                "generation": 37,
                "diversity": 32.02307087198801
            },
            {
                "best": {
                    "class_name": "warrior",
                    "performance": 41.14366415778816
                },
                "mean": 37.35751478628188,
                "generation": 38,
                "diversity": 32.90647637220268
            },
            {
                "best": {
                    "class_name": "warrior",
                    "performance": 41.14366415778816
                },
                "mean": 37.58491059509505,
                "generation": 39,
                "diversity": 31.15020748676101
            },
            {
                "best": {
                    "class_name": "warrior",
                    "performance": 41.14922835960347
                },
                "mean": 37.581265670032806,
                "generation": 40,
                "diversity": 31.638803123407516
            },
            {
                "best": {
                    "class_name": "warrior",
                    "performance": 41.14922835960347
                },
                "mean": 37.59912710651351,
                "generation": 41,
                "diversity": 29.94845593614916
            },
            {
                "best": {
                    "class_name": "warrior",
                    "performance": 41.132741813027536
                },
                "mean": 37.81366712702777,
                "generation": 42,
                "diversity": 29.74952741979084
            },
            {
                "best": {
                    "class_name": "warrior",
                    "performance": 41.17914278583909
                },
                "mean": 37.76990126837074,
                "generation": 43,
                "diversity": 31.11074806914185
            },
            {
                "best": {
                    "class_name": "warrior",
                    "performance": 41.24440072376366
                },
                "mean": 37.836538257898816,
                "generation": 44,
                "diversity": 30.71034274020353
            },
            {
                "best": {
                    "class_name": "warrior",
                    "performance": 41.24261868714721
                },
                "mean": 37.92035792133567,
                "generation": 45,
                "diversity": 30.574526522330345
            },
            {
                "best": {
                    "class_name": "warrior",
                    "performance": 41.22763778834528
                },
                "mean": 37.906257076890796,
                "generation": 46,
                "diversity": 32.0883232705091
            },
            {
                "best": {
                    "class_name": "warrior",
                    "performance": 41.22763778834528
                },
                "mean": 37.89257886752808,
                "generation": 47,
                "diversity": 32.25732474924495
            },
            {
                "best": {
                    "class_name": "warrior",
                    "performance": 41.22763778834528
                },
                "mean": 37.72896322791341,
                "generation": 48,
                "diversity": 33.64021476796885
            },
            {
                "best": {
                    "class_name": "warrior",
                    "performance": 41.243372722711236
                },
                "mean": 37.756456126059284,
                "generation": 49,
                "diversity": 33.20995628608787
            }
        ]
    },
    "config": {
        "population_size": 1900,
        "population_to_keep": 950,
        "class_name": "warrior",
        "selection_config_a": {
            "selection_type": "elite",
            "population_to_keep": 475,
            "tournament_size": 50,
            "threshold": 0.75,
            "initial_temperature": 30,
            "temperature_decay": 0.6,
            "min_temperature": 5
        },
        "selection_config_b": {
            "selection_type": "roulette",
            "population_to_keep": 475,
            "tournament_size": 50,
            "threshold": 0.75,
            "initial_temperature": 30,
            "temperature_decay": 0.6,
            "min_temperature": 5
        },
        "selection_config_rate": 0.5,
        "crossover_config": {
            "method": "uniform"
        },
        "mutation_config": {
            "mutation_type": "multi_gen",
            "mutation_rate": 0.2,
            "delta_mutation": 15
        },
        "replacement_config_a": {
            "type": "traditional",
            "quantity": 475,
            "gen_gap": 0.5
        },
        "replacement_config_b": {
            "type": "young_bias",
            "quantity": 475,
            "gen_gap": 0.5
        },
        "replacement_config_rate": 0.5,
        "end_condition_config": {
            "type": "content",
            "generations_to_check": 20,
            "generations": 500,
            "optimum_value": 61.5,
            "tolerance": 0.1,
            "structure_tolerance": 0.01,
            "structure_relevant_proportion": 0.98
        }
    }
}