{
    "results": {
        "best": {
            "solution": {
                "class_name": "warrior",
                "variables": {
                    "strength": 74.57859869160399,
                    "agility": 74.75672751490943,
                    "expertise": 0.6646737934865705,
                    "resistance": 0.0,
                    "life": 0.0,
                    "height": 1.91
                },
                "performance": 41.243306068315455
            },
            "generation": 33
        },
        "last_iterations": [
            {
                "best": {
                    "class_name": "warrior",
                    "performance": 30.51131543672765
                },
                "mean": 16.247893363578974,
                "generation": 1,
                "diversity": 248.80472756957045
            },
            {
                "best": {
                    "class_name": "warrior",
                    "performance": 32.05554441832334
                },
                "mean": 17.882684670636824,
                "generation": 2,
                "diversity": 211.04064590654977
            },
            {
                "best": {
                    "class_name": "warrior",
                    "performance": 37.992256165780205
                },
                "mean": 18.990527634012192,
                "generation": 3,
                "diversity": 180.6153426303981
            },
            {
                "best": {
                    "class_name": "warrior",
                    "performance": 37.16615712322152
                },
                "mean": 19.98543018235124,
                "generation": 4,
                "diversity": 162.56103294062697
            },
            {
                "best": {
                    "class_name": "warrior",
                    "performance": 33.30043270871964
                },
                "mean": 20.679698143962074,
                "generation": 5,
                "diversity": 152.0824789778413
            },
            {
                "best": {
                    "class_name": "warrior",
                    "performance": 32.56620071758339
                },
                "mean": 21.359631349902777,
                "generation": 6,
                "diversity": 135.6879372075967
            },
            {
                "best": {
                    "class_name": "warrior",
                    "performance": 36.43707196317759
                },
                "mean": 22.26634522882675,
                "generation": 7,
                "diversity": 134.52803855888365
            },
            {
                "best": {
                    "class_name": "warrior",
                    "performance": 37.84441510532663
                },
                "mean": 23.498040706461627,
                "generation": 8,
                "diversity": 118.54067474180017
            },
            {
                "best": {
                    "class_name": "warrior",
                    "performance": 37.60019170345894
                },
                "mean": 24.499630442358384,
                "generation": 9,
                "diversity": 105.49856402393198
            },
            {
                "best": {
                    "class_name": "warrior",
                    "performance": 38.801459310778476
                },
                "mean": 25.846793759547303,
                "generation": 10,
                "diversity": 98.34253584096855
            },
            {
                "best": {
                    "class_name": "warrior",
                    "performance": 39.26934143713301
                },
                "mean": 26.484880566139953,
                "generation": 11,
                "diversity": 91.26724138721136
            },
            {
                "best": {
                    "class_name": "warrior",
                    "performance": 38.76197586296772
                },
                "mean": 27.847833549140372,
                "generation": 12,
                "diversity": 81.78936686313385
            },
            {
                "best": {
                    "class_name": "warrior",
                    "performance": 40.318382197040414
                },
                "mean": 28.991693061355594,
                "generation": 13,
                "diversity": 73.79501315906212
            },
            {
                "best": {
                    "class_name": "warrior",
                    "performance": 40.318382197040414
                },
                "mean": 29.67123804526475,
                "generation": 14,
                "diversity": 69.93140037715725
            },
            {
                "best": {
                    "class_name": "warrior",
                    "performance": 39.94180565865031
                },
                "mean": 30.74756273315817,
                "generation": 15,
                "diversity": 64.75761889885537
            },
            {
                "best": {
                    "class_name": "warrior",
                    "performance": 40.9265049505878
                },
                "mean": 31.470564048698932,
                "generation": 16,
                "diversity": 59.165121149485195
            },
            {
                "best": {
                    "class_name": "warrior",
                    "performance": 40.0866119537638
                },
                "mean": 32.3130010593721,
                "generation": 17,
                "diversity": 53.47052110670615
            },
            {
                "best": {
                    "class_name": "warrior",
                    "performance": 40.0866119537638
                },
                "mean": 32.704006903490914,
                "generation": 18,
                "diversity": 53.713030913447
            },
            {
                "best": {
                    "class_name": "warrior",
                    "performance": 41.063860740771936
                },
                "mean": 33.314328669145034,
                "generation": 19,
                "diversity": 50.86938109162664
            },
            {
                "best": {
                    "class_name": "warrior",
                    "performance": 39.764518393777244
                },
                "mean": 33.88908807198124,
                "generation": 20,
                "diversity": 55.77167904221148
            },
            {
                "best": {
                    "class_name": "warrior",
                    "performance": 40.81785049517651
                },
                "mean": 34.19277968597544,
                "generation": 21,
                "diversity": 53.83568797638946
            },
            {
                "best": {
                    "class_name": "warrior",
                    "performance": 40.81785049517651
                },
                "mean": 34.823741473348214,
                "generation": 22,
                "diversity": 48.362674749163254
            },
            {
                "best": {
                    "class_name": "warrior",
                    "performance": 41.10142957813718
                },
                "mean": 35.123627262026375,
                "generation": 23,
                "diversity": 51.47736413178442
            },
            {
                "best": {
                    "class_name": "warrior",
                    "performance": 41.09600524726562
                },
                "mean": 35.57779010075867,
                "generation": 24,
                "diversity": 49.711891512703495
            },
            {
                "best": {
                    "class_name": "warrior",
                    "performance": 41.05363914366047
                },
                "mean": 35.62155578111128,
                "generation": 25,
                "diversity": 46.16705725872264
            },
            {
                "best": {
                    "class_name": "warrior",
                    "performance": 40.76720327977645
                },
                "mean": 35.93435462876319,
                "generation": 26,
                "diversity": 41.3436222701289
            },
            {
                "best": {
                    "class_name": "warrior",
                    "performance": 40.984152541380055
                },
                "mean": 36.16363880699079,
                "generation": 27,
                "diversity": 39.69374749400685
            },
            {
                "best": {
                    "class_name": "warrior",
                    "performance": 41.1358381960738
                },
                "mean": 36.581145677408344,
                "generation": 28,
                "diversity": 39.347141047274505
            },
            {
                "best": {
                    "class_name": "warrior",
                    "performance": 41.16943139856071
                },
                "mean": 36.61670640050526,
                "generation": 29,
                "diversity": 39.37812612802542
            },
            {
                "best": {
                    "class_name": "warrior",
                    "performance": 41.2402112271961
                },
                "mean": 36.986996919221,
                "generation": 30,
                "diversity": 39.83690989230927
            },
            {
                "best": {
                    "class_name": "warrior",
                    "performance": 41.2402112271961
                },
                "mean": 36.91351976886479,
                "generation": 31,
                "diversity": 40.21146203303221
            },
            {
                "best": {
                    "class_name": "warrior",
                    "performance": 41.23792631481452
                },
                "mean": 37.22132658447378,
                "generation": 32,
                "diversity": 40.42894106307852
            },
            {
                "best": {
                    "class_name": "warrior",
                    "performance": 41.243306068315455
                },
                "mean": 36.903549693736245,
                "generation": 33,
                "diversity": 43.26350896903233
            },
            {
                "best": {
                    "class_name": "warrior",
                    "performance": 41.243306068315455
                },
                "mean": 37.1615238311829,
                "generation": 34,
                "diversity": 40.665544858943925
            },
            {
                "best": {
                    "class_name": "warrior",
                    "performance": 41.2067988833331
                },
                "mean": 37.25769718184495,
                "generation": 35,
                "diversity": 39.50348725687403
            },
            {
                "best": {
                    "class_name": "warrior",
                    "performance": 41.1438515347489
                },
                "mean": 37.226274251824044,
                "generation": 36,
                "diversity": 38.03204804767393
            },
            {
                "best": {
                    "class_name": "warrior",
                    "performance": 41.24246725414666
                },
                "mean": 37.305141405100706,
                "generation": 37,
                "diversity": 38.870912221647856
            },
            {
                "best": {
                    "class_name": "warrior",
                    "performance": 41.10776203397299
                },
                "mean": 37.29292018951339,
                "generation": 38,
                "diversity": 38.40715536464755
            },
            {
                "best": {
                    "class_name": "warrior",
                    "performance": 41.10776203397299
                },
                "mean": 37.51857854052405,
                "generation": 39,
                "diversity": 35.58115613061108
            },
            {
                "best": {
                    "class_name": "warrior",
                    "performance": 41.191454624270996
                },
                "mean": 37.58681260935176,
                "generation": 40,
                "diversity": 34.769976677199814
            },
            {
                "best": {
                    "class_name": "warrior",
                    "performance": 41.24307165299051
                },
                "mean": 37.77410429257012,
                "generation": 41,
                "diversity": 32.09218442083377
            },
            {
                "best": {
                    "class_name": "warrior",
                    "performance": 40.9832469217144
                },
                "mean": 37.81737248499321,
                "generation": 42,
                "diversity": 29.887331651966704
            },
            {
                "best": {
                    "class_name": "warrior",
                    "performance": 41.13768537139369
                },
                "mean": 37.83086262901454,
                "generation": 43,
                "diversity": 27.519189869128564
            },
            {
                "best": {
                    "class_name": "warrior",
                    "performance": 41.091832718921026
                },
                "mean": 38.033703527247525,
                "generation": 44,
                "diversity": 27.81991222754043
            },
            {
                "best": {
                    "class_name": "warrior",
                    "performance": 41.24208993690282
                },
                "mean": 38.18207710476713,
                "generation": 45,
                "diversity": 28.292508128073624
            },
            {
                "best": {
                    "class_name": "warrior",
                    "performance": 41.24208993690282
                },
                "mean": 38.03368526625276,
                "generation": 46,
                "diversity": 26.50802579675057
            },
            {
                "best": {
                    "class_name": "warrior",
                    "performance": 41.240588965931266
                },
                "mean": 37.96316354814207,
                "generation": 47,
                "diversity": 26.084343746036698
            },
            {
                "best": {
                    "class_name": "warrior",
                    "performance": 41.240588965931266
                },
                "mean": 37.88809851417071,
                "generation": 48,
                "diversity": 24.638451759704356
            },
            {
                "best": {
                    "class_name": "warrior",
                    "performance": 41.242997789144646
                },
                "mean": 38.102831986493115,
                "generation": 49,
                "diversity": 22.45604179060133
            },
            {
                "best": {
                    "class_name": "warrior",
                    "performance": 41.21301984016102
                },
                "mean": 38.24677974453189,
                "generation": 50,
                "diversity": 22.189009851662643
            }
        ]
    },
    "config": {
        "population_size": 1200,
        "population_to_keep": 600,
        "class_name": "warrior",
        "selection_config_a": {
            "selection_type": "elite",
            "population_to_keep": 300,
            "tournament_size": 50,
            "threshold": 0.75,
            "initial_temperature": 30,
            "temperature_decay": 0.6,
            "min_temperature": 5
        },
        "selection_config_b": {
            "selection_type": "roulette",
            "population_to_keep": 300,
            "tournament_size": 50,
            "threshold": 0.75,
            "initial_temperature": 30,
            "temperature_decay": 0.6,
            "min_temperature": 5
        },
        "selection_config_rate": 0.5,
        "crossover_config": {
            "method": "uniform"
        },
        "mutation_config": {
            "mutation_type": "multi_gen",
            "mutation_rate": 0.2,
            "delta_mutation": 15
        },
        "replacement_config_a": {
            "type": "traditional",
            "quantity": 300,
            "gen_gap": 0.5
        },
        "replacement_config_b": {
            "type": "young_bias",
            "quantity": 300,
            "gen_gap": 0.5
        },
        "replacement_config_rate": 0.5,
        "end_condition_config": {
            "type": "content",
            "generations_to_check": 20,
            "generations": 500,
            "optimum_value": 61.5,
            "tolerance": 0.1,
            "structure_tolerance": 0.01,
            "structure_relevant_proportion": 0.98
        }
    }
}