{
    "results": {
        "best": {
            "solution": {
                "class_name": "warrior",
                "variables": {
                    "strength": 75.45852960871376,
                    "agility": 74.54147039128624,
                    "expertise": 0.0,
                    "resistance": 0.0,
                    "life": 0,
                    "height": 1.91
                },
                "performance": 41.24127257734827
            },
            "generation": 85
        },
        "last_iterations": [
            {
                "best": {
                    "class_name": "warrior",
                    "performance": 29.87002837602858
                },
                "mean": 16.35908236567945,
                "generation": 1,
                "diversity": 194.6191240532671
            },
            {
                "best": {
                    "class_name": "warrior",
                    "performance": 30.582378198342678
                },
                "mean": 17.886927069089243,
                "generation": 2,
                "diversity": 164.31426064625094
            },
            {
                "best": {
                    "class_name": "warrior",
                    "performance": 28.870897657742887
                },
                "mean": 18.267089809471145,
                "generation": 3,
                "diversity": 163.0384212995452
            },
            {
                "best": {
                    "class_name": "warrior",
                    "performance": 31.36126948621634
                },
                "mean": 19.027533114218063,
                "generation": 4,
                "diversity": 161.55993957379567
            },
            {
                "best": {
                    "class_name": "warrior",
                    "performance": 30.74754283673227
                },
                "mean": 19.76009486372,
                "generation": 5,
                "diversity": 148.30143408768632
            },
            {
                "best": {
                    "class_name": "warrior",
                    "performance": 29.157120881965213
                },
                "mean": 20.622330383154726,
                "generation": 6,
                "diversity": 126.6656388496297
            },
            {
                "best": {
                    "class_name": "warrior",
                    "performance": 32.00991793826563
                },
                "mean": 21.9143058146062,
                "generation": 7,
                "diversity": 98.53368284662275
            },
            {
                "best": {
                    "class_name": "warrior",
                    "performance": 32.346797341059485
                },
                "mean": 22.863619720112922,
                "generation": 8,
                "diversity": 85.92973540026463
            },
            {
                "best": {
                    "class_name": "warrior",
                    "performance": 32.86139651034639
                },
                "mean": 24.060176720192786,
                "generation": 9,
                "diversity": 69.88119763690842
            },
            {
                "best": {
                    "class_name": "warrior",
                    "performance": 33.47970234333613
                },
                "mean": 25.068316964013842,
                "generation": 10,
                "diversity": 63.08583022621221
            },
            {
                "best": {
                    "class_name": "warrior",
                    "performance": 34.56411076184651
                },
                "mean": 26.346192855221094,
                "generation": 11,
                "diversity": 55.96658361230859
            },
            {
                "best": {
                    "class_name": "warrior",
                    "performance": 36.57959532124059
                },
                "mean": 27.3168764907422,
                "generation": 12,
                "diversity": 54.14313291653511
            },
            {
                "best": {
                    "class_name": "warrior",
                    "performance": 37.3037236358569
                },
                "mean": 27.470535342476115,
                "generation": 13,
                "diversity": 53.801279817662724
            },
            {
                "best": {
                    "class_name": "warrior",
                    "performance": 39.5230954021048
                },
                "mean": 28.690245799086306,
                "generation": 14,
                "diversity": 54.08761973106267
            },
            {
                "best": {
                    "class_name": "warrior",
                    "performance": 39.5230954021048
                },
                "mean": 29.44375659815888,
                "generation": 15,
                "diversity": 50.491076064416774
            },
            {
                "best": {
                    "class_name": "warrior",
                    "performance": 38.76010204925926
                },
                "mean": 30.517862928307267,
                "generation": 16,
                "diversity": 42.4483486670242
            },
            {
                "best": {
                    "class_name": "warrior",
                    "performance": 38.76010204925926
                },
                "mean": 31.13017476756785,
                "generation": 17,
                "diversity": 41.22584695189691
            },
            {
                "best": {
                    "class_name": "warrior",
                    "performance": 38.75245817117904
                },
                "mean": 31.70874963652652,
                "generation": 18,
                "diversity": 35.51117818371129
            },
            {
                "best": {
                    "class_name": "warrior",
                    "performance": 39.471461482201796
                },
                "mean": 32.2630033173508,
                "generation": 19,
                "diversity": 34.180171615972505
            },
            {
                "best": {
                    "class_name": "warrior",
                    "performance": 39.9198082833994
                },
                "mean": 32.30182945540512,
                "generation": 20,
                "diversity": 29.218956700589533
            },
            {
                "best": {
                    "class_name": "warrior",
                    "performance": 39.92377927809612
                },
                "mean": 33.38484000817359,
                "generation": 21,
                "diversity": 26.795077556946556
            },
            {
                "best": {
                    "class_name": "warrior",
                    "performance": 40.2906089382954
                },
                "mean": 33.848465177293875,
                "generation": 22,
                "diversity": 26.573850410999963
            },
            {
                "best": {
                    "class_name": "warrior",
                    "performance": 40.3707499582549
                },
                "mean": 34.2693882061179,
                "generation": 23,
                "diversity": 24.268722923041068
            },
            {
                "best": {
                    "class_name": "warrior",
                    "performance": 40.297424551442106
                },
                "mean": 34.55101837646827,
                "generation": 24,
                "diversity": 25.073718285551447
            },
            {
                "best": {
                    "class_name": "warrior",
                    "performance": 40.180003438421636
                },
                "mean": 35.01064378733679,
                "generation": 25,
                "diversity": 22.95473398370471
            },
            {
                "best": {
                    "class_name": "warrior",
                    "performance": 40.172784102562545
                },
                "mean": 35.380578764292075,
                "generation": 26,
                "diversity": 23.645633610248634
            },
            {
                "best": {
                    "class_name": "warrior",
                    "performance": 40.45383402465648
                },
                "mean": 35.57812780433492,
                "generation": 27,
                "diversity": 23.110206006181016
            },
            {
                "best": {
                    "class_name": "warrior",
                    "performance": 40.69411721311635
                },
                "mean": 35.66239613570585,
                "generation": 28,
                "diversity": 23.104984667093447
            },
            {
                "best": {
                    "class_name": "warrior",
                    "performance": 40.62576780957203
                },
                "mean": 35.58715493751738,
                "generation": 29,
                "diversity": 25.630501126830712
            },
            {
                "best": {
                    "class_name": "warrior",
                    "performance": 40.62576780957203
                },
                "mean": 35.584913257637034,
                "generation": 30,
                "diversity": 26.600186162056797
            },
            {
                "best": {
                    "class_name": "warrior",
                    "performance": 39.414133250845
                },
                "mean": 35.507840089987035,
                "generation": 31,
                "diversity": 24.421724902404055
            },
            {
                "best": {
                    "class_name": "warrior",
                    "performance": 40.23459412087576
                },
                "mean": 35.64038233585071,
                "generation": 32,
                "diversity": 23.349448256482372
            },
            {
                "best": {
                    "class_name": "warrior",
                    "performance": 40.48957822483683
                },
                "mean": 35.977342051213476,
                "generation": 33,
                "diversity": 22.753495597672913
            },
            {
                "best": {
                    "class_name": "warrior",
                    "performance": 40.00381178658552
                },
                "mean": 36.50662713780339,
                "generation": 34,
                "diversity": 18.035844858875596
            },
            {
                "best": {
                    "class_name": "warrior",
                    "performance": 40.14299851606372
                },
                "mean": 36.730154425801956,
                "generation": 35,
                "diversity": 19.093003719587063
            },
            {
                "best": {
                    "class_name": "warrior",
                    "performance": 40.523407350948496
                },
                "mean": 37.09510047984761,
                "generation": 36,
                "diversity": 16.582252031259824
            },
            {
                "best": {
                    "class_name": "warrior",
                    "performance": 40.356044622748755
                },
                "mean": 36.90891361175702,
                "generation": 37,
                "diversity": 14.82461628548932
            },
            {
                "best": {
                    "class_name": "warrior",
                    "performance": 40.396879870237534
                },
                "mean": 36.93606129898522,
                "generation": 38,
                "diversity": 14.023596822314367
            },
            {
                "best": {
                    "class_name": "warrior",
                    "performance": 40.392411949590425
                },
                "mean": 36.64468016626512,
                "generation": 39,
                "diversity": 15.337659603869154
            },
            {
                "best": {
                    "class_name": "warrior",
                    "performance": 40.29717251355373
                },
                "mean": 36.68527343647374,
                "generation": 40,
                "diversity": 16.01855336287694
            },
            {
                "best": {
                    "class_name": "warrior",
                    "performance": 40.29717251355373
                },
                "mean": 36.6895207467518,
                "generation": 41,
                "diversity": 18.777574377756256
            },
            {
                "best": {
                    "class_name": "warrior",
                    "performance": 40.48099354206858
                },
                "mean": 36.87126897786525,
                "generation": 42,
                "diversity": 21.66289563122822
            },
            {
                "best": {
                    "class_name": "warrior",
                    "performance": 40.68764092302792
                },
                "mean": 37.03790019093685,
                "generation": 43,
                "diversity": 23.346707413828593
            },
            {
                "best": {
                    "class_name": "warrior",
                    "performance": 40.91298937538266
                },
                "mean": 36.942878852210804,
                "generation": 44,
                "diversity": 18.541718607895827
            },
            {
                "best": {
                    "class_name": "warrior",
                    "performance": 40.55241635017122
                },
                "mean": 36.83652484473771,
                "generation": 45,
                "diversity": 21.198270291150937
            },
            {
                "best": {
                    "class_name": "warrior",
                    "performance": 40.55241635017122
                },
                "mean": 36.87249877463364,
                "generation": 46,
                "diversity": 21.900866803865128
            },
            {
                "best": {
                    "class_name": "warrior",
                    "performance": 40.85759412687024
                },
                "mean": 37.00301614188816,
                "generation": 47,
                "diversity": 22.21711666284972
            },
            {
                "best": {
                    "class_name": "warrior",
                    "performance": 40.79878962500636
                },
                "mean": 36.956581512878444,
                "generation": 48,
                "diversity": 22.97180379105845
            },
            {
                "best": {
                    "class_name": "warrior",
                    "performance": 40.92832836767213
                },
                "mean": 37.06685503847427,
                "generation": 49,
                "diversity": 25.16984533421063
            },
            {
                "best": {
                    "class_name": "warrior",
                    "performance": 40.697424042551724
                },
                "mean": 37.02013126292041,
                "generation": 50,
                "diversity": 21.28752361891687
            },
            {
                "best": {
                    "class_name": "warrior",
                    "performance": 40.82626935321885
                },
                "mean": 37.522508665415465,
                "generation": 51,
                "diversity": 19.91274071813499
            },
            {
                "best": {
                    "class_name": "warrior",
                    "performance": 40.82626935321885
                },
                "mean": 37.58563830761102,
                "generation": 52,
                "diversity": 16.860569174518066
            },
            {
                "best": {
                    "class_name": "warrior",
                    "performance": 40.45217369416729
                },
                "mean": 37.58534842605601,
                "generation": 53,
                "diversity": 16.923139634676005
            },
            {
                "best": {
                    "class_name": "warrior",
                    "performance": 40.88008606580019
                },
                "mean": 37.50462830089387,
                "generation": 54,
                "diversity": 16.095272005352808
            },
            {
                "best": {
                    "class_name": "warrior",
                    "performance": 40.99520161798837
                },
                "mean": 37.28628739700444,
                "generation": 55,
                "diversity": 18.381036886235243
            },
            {
                "best": {
                    "class_name": "warrior",
                    "performance": 40.69950957238123
                },
                "mean": 37.59272374195595,
                "generation": 56,
                "diversity": 17.191735806016066
            },
            {
                "best": {
                    "class_name": "warrior",
                    "performance": 40.57052552282784
                },
                "mean": 37.311939863667654,
                "generation": 57,
                "diversity": 19.039108160228455
            },
            {
                "best": {
                    "class_name": "warrior",
                    "performance": 40.55304799812798
                },
                "mean": 37.46134930245833,
                "generation": 58,
                "diversity": 18.0296113477595
            },
            {
                "best": {
                    "class_name": "warrior",
                    "performance": 40.88252224433514
                },
                "mean": 37.614580988777526,
                "generation": 59,
                "diversity": 17.250140067879578
            },
            {
                "best": {
                    "class_name": "warrior",
                    "performance": 41.067060888076846
                },
                "mean": 37.85460626474521,
                "generation": 60,
                "diversity": 16.64923962510466
            },
            {
                "best": {
                    "class_name": "warrior",
                    "performance": 40.78191787094123
                },
                "mean": 37.56561845027976,
                "generation": 61,
                "diversity": 17.21503470683567
            },
            {
                "best": {
                    "class_name": "warrior",
                    "performance": 40.74122981316939
                },
                "mean": 37.81517918818946,
                "generation": 62,
                "diversity": 16.776115061917064
            },
            {
                "best": {
                    "class_name": "warrior",
                    "performance": 41.071626006060164
                },
                "mean": 37.82551808419939,
                "generation": 63,
                "diversity": 19.110038069748082
            },
            {
                "best": {
                    "class_name": "warrior",
                    "performance": 41.071626006060164
                },
                "mean": 38.01371937363883,
                "generation": 64,
                "diversity": 18.28032128225401
            },
            {
                "best": {
                    "class_name": "warrior",
                    "performance": 41.071626006060164
                },
                "mean": 37.86824143336974,
                "generation": 65,
                "diversity": 17.339642963264847
            },
            {
                "best": {
                    "class_name": "warrior",
                    "performance": 41.06108362132378
                },
                "mean": 37.82862643018797,
                "generation": 66,
                "diversity": 17.924984145119318
            },
            {
                "best": {
                    "class_name": "warrior",
                    "performance": 41.030124560626774
                },
                "mean": 37.68751264185656,
                "generation": 67,
                "diversity": 18.230108512262404
            },
            {
                "best": {
                    "class_name": "warrior",
                    "performance": 40.87325437616104
                },
                "mean": 37.51760274802157,
                "generation": 68,
                "diversity": 19.190687647205678
            },
            {
                "best": {
                    "class_name": "warrior",
                    "performance": 40.87325437616104
                },
                "mean": 37.85329814003483,
                "generation": 69,
                "diversity": 19.06775790040434
            },
            {
                "best": {
                    "class_name": "warrior",
                    "performance": 40.87325437616104
                },
                "mean": 37.77291488000326,
                "generation": 70,
                "diversity": 20.497754822975704
            },
            {
                "best": {
                    "class_name": "warrior",
                    "performance": 40.87325437616104
                },
                "mean": 37.64308852963702,
                "generation": 71,
                "diversity": 20.800575069097906
            },
            {
                "best": {
                    "class_name": "warrior",
                    "performance": 40.750663984913004
                },
                "mean": 37.543685723861024,
                "generation": 72,
                "diversity": 19.79478974833476
            },
            {
                "best": {
                    "class_name": "warrior",
                    "performance": 40.78981916295333
                },
                "mean": 37.30015535605216,
                "generation": 73,
                "diversity": 21.691510811271396
            },
            {
                "best": {
                    "class_name": "warrior",
                    "performance": 40.89407082254281
                },
                "mean": 37.62665098861985,
                "generation": 74,
                "diversity": 21.31107827650383
            },
            {
                "best": {
                    "class_name": "warrior",
                    "performance": 40.87906058091709
                },
                "mean": 37.64743737901814,
                "generation": 75,
                "diversity": 21.54164762922169
            },
            {
                "best": {
                    "class_name": "warrior",
                    "performance": 41.07646820551783
                },
                "mean": 37.35364992741021,
                "generation": 76,
                "diversity": 24.192658418169348
            },
            {
                "best": {
                    "class_name": "warrior",
                    "performance": 41.07646820551783
                },
                "mean": 37.518570286414324,
                "generation": 77,
                "diversity": 24.199214554730123
            },
            {
                "best": {
                    "class_name": "warrior",
                    "performance": 41.07646820551783
                },
                "mean": 37.6876209146481,
                "generation": 78,
                "diversity": 27.027125889449053
            },
            {
                "best": {
                    "class_name": "warrior",
                    "performance": 41.12677223015176
                },
                "mean": 37.801604099296554,
                "generation": 79,
                "diversity": 29.606696559047958
            },
            {
                "best": {
                    "class_name": "warrior",
                    "performance": 41.11982474273869
                },
                "mean": 37.69001228659025,
                "generation": 80,
                "diversity": 31.741875634022083
            },
            {
                "best": {
                    "class_name": "warrior",
                    "performance": 41.11982474273869
                },
                "mean": 37.900134692183975,
                "generation": 81,
                "diversity": 31.6950925108944
            },
            {
                "best": {
                    "class_name": "warrior",
                    "performance": 41.23726864720013
                },
                "mean": 38.245899345466675,
                "generation": 82,
                "diversity": 30.865694274542843
            },
            {
                "best": {
                    "class_name": "warrior",
                    "performance": 41.12480647893373
                },
                "mean": 38.1286368208506,
                "generation": 83,
                "diversity": 28.52037745559093
            },
            {
                "best": {
                    "class_name": "warrior",
                    "performance": 41.23247686495982
                },
                "mean": 37.92844168040439,
                "generation": 84,
                "diversity": 29.81823979595347
            },
            {
                "best": {
                    "class_name": "warrior",
                    "performance": 41.24127257734827
                },
                "mean": 38.39186624585925,
                "generation": 85,
                "diversity": 25.878346209742986
            },
            {
                "best": {
                    "class_name": "warrior",
                    "performance": 41.24127257734827
                },
                "mean": 37.97966463382981,
                "generation": 86,
                "diversity": 26.200317384344086
            },
            {
                "best": {
                    "class_name": "warrior",
                    "performance": 41.24127257734827
                },
                "mean": 38.00322050347018,
                "generation": 87,
                "diversity": 24.407935653226236
            },
            {
                "best": {
                    "class_name": "warrior",
                    "performance": 41.23779283181819
                },
                "mean": 38.392199564029994,
                "generation": 88,
                "diversity": 23.626878072751065
            },
            {
                "best": {
                    "class_name": "warrior",
                    "performance": 41.23779283181819
                },
                "mean": 38.167703914437006,
                "generation": 89,
                "diversity": 23.641548798785635
            },
            {
                "best": {
                    "class_name": "warrior",
                    "performance": 41.180081443064715
                },
                "mean": 38.060376453888665,
                "generation": 90,
                "diversity": 25.04995981306997
            },
            {
                "best": {
                    "class_name": "warrior",
                    "performance": 41.235497903922706
                },
                "mean": 37.888915052566226,
                "generation": 91,
                "diversity": 26.66291759509822
            },
            {
                "best": {
                    "class_name": "warrior",
                    "performance": 41.100273867448635
                },
                "mean": 38.20966632071934,
                "generation": 92,
                "diversity": 25.642399136725604
            },
            {
                "best": {
                    "class_name": "warrior",
                    "performance": 41.14354449444955
                },
                "mean": 38.05438909995007,
                "generation": 93,
                "diversity": 24.811138448645632
            },
            {
                "best": {
                    "class_name": "warrior",
                    "performance": 41.14354449444955
                },
                "mean": 37.76903295544219,
                "generation": 94,
                "diversity": 28.839418653008263
            },
            {
                "best": {
                    "class_name": "warrior",
                    "performance": 41.14354449444955
                },
                "mean": 37.88986992558218,
                "generation": 95,
                "diversity": 26.804592959257604
            },
            {
                "best": {
                    "class_name": "warrior",
                    "performance": 41.14354449444955
                },
                "mean": 37.838746219155674,
                "generation": 96,
                "diversity": 22.480263986250232
            },
            {
                "best": {
                    "class_name": "warrior",
                    "performance": 41.11253219769264
                },
                "mean": 37.96328122152879,
                "generation": 97,
                "diversity": 23.013876302071633
            },
            {
                "best": {
                    "class_name": "warrior",
                    "performance": 41.09455440826626
                },
                "mean": 37.80008374184388,
                "generation": 98,
                "diversity": 24.433579553321877
            },
            {
                "best": {
                    "class_name": "warrior",
                    "performance": 41.082707609029164
                },
                "mean": 37.85341766446843,
                "generation": 99,
                "diversity": 25.64559992105629
            },
            {
                "best": {
                    "class_name": "warrior",
                    "performance": 41.12470525617128
                },
                "mean": 37.9493172375859,
                "generation": 100,
                "diversity": 26.13553953053184
            },
            {
                "best": {
                    "class_name": "warrior",
                    "performance": 41.12470525617128
                },
                "mean": 38.22077398838361,
                "generation": 101,
                "diversity": 27.194620913067656
            },
            {
                "best": {
                    "class_name": "warrior",
                    "performance": 41.204012057897295
                },
                "mean": 38.4131953115745,
                "generation": 102,
                "diversity": 29.783868490057916
            }
        ]
    },
    "config": {
        "population_size": 500,
        "population_to_keep": 250,
        "class_name": "warrior",
        "selection_config_a": {
            "selection_type": "elite",
            "population_to_keep": 125,
            "tournament_size": 50,
            "threshold": 0.75,
            "initial_temperature": 30,
            "temperature_decay": 0.6,
            "min_temperature": 5
        },
        "selection_config_b": {
            "selection_type": "roulette",
            "population_to_keep": 125,
            "tournament_size": 50,
            "threshold": 0.75,
            "initial_temperature": 30,
            "temperature_decay": 0.6,
            "min_temperature": 5
        },
        "selection_config_rate": 0.5,
        "crossover_config": {
            "method": "uniform"
        },
        "mutation_config": {
            "mutation_type": "multi_gen",
            "mutation_rate": 0.2,
            "delta_mutation": 15
        },
        "replacement_config_a": {
            "type": "traditional",
            "quantity": 125,
            "gen_gap": 0.5
        },
        "replacement_config_b": {
            "type": "young_bias",
            "quantity": 125,
            "gen_gap": 0.5
        },
        "replacement_config_rate": 0.5,
        "end_condition_config": {
            "type": "content",
            "generations_to_check": 20,
            "generations": 500,
            "optimum_value": 61.5,
            "tolerance": 0.1,
            "structure_tolerance": 0.01,
            "structure_relevant_proportion": 0.98
        }
    }
}