{
    "results": {
        "best": {
            "solution": {
                "class_name": "warrior",
                "variables": {
                    "strength": 74.93943419468062,
                    "agility": 75.06056580531936,
                    "expertise": 0.0,
                    "resistance": 0.0,
                    "life": 0.0,
                    "height": 1.92
                },
                "performance": 41.24450886379284
            },
            "generation": 23
        },
        "last_iterations": [
            {
                "best": {
                    "class_name": "warrior",
                    "performance": 30.89612304831909
                },
                "mean": 16.11704760229216,
                "generation": 1,
                "diversity": 225.22989860832453
            },
            {
                "best": {
                    "class_name": "warrior",
                    "performance": 31.00221123166337
                },
                "mean": 16.832353118529593,
                "generation": 2,
                "diversity": 210.61256050548607
            },
            {
                "best": {
                    "class_name": "warrior",
                    "performance": 32.90518243006204
                },
                "mean": 17.849511634354734,
                "generation": 3,
                "diversity": 182.78299740509843
            },
            {
                "best": {
                    "class_name": "warrior",
                    "performance": 34.309950577838684
                },
                "mean": 18.9892245180625,
                "generation": 4,
                "diversity": 153.74792795568897
            },
            {
                "best": {
                    "class_name": "warrior",
                    "performance": 34.47908508345639
                },
                "mean": 19.82036728483939,
                "generation": 5,
                "diversity": 145.53190241431398
            },
            {
                "best": {
                    "class_name": "warrior",
                    "performance": 34.99219532563399
                },
                "mean": 20.69066181483608,
                "generation": 6,
                "diversity": 132.82438213706448
            },
            {
                "best": {
                    "class_name": "warrior",
                    "performance": 37.31564017935768
                },
                "mean": 21.468763006384815,
                "generation": 7,
                "diversity": 127.12297016450589
            },
            {
                "best": {
                    "class_name": "warrior",
                    "performance": 38.56169115983926
                },
                "mean": 22.0759599168329,
                "generation": 8,
                "diversity": 116.61795204580778
            },
            {
                "best": {
                    "class_name": "warrior",
                    "performance": 37.5414749210483
                },
                "mean": 23.24492431230105,
                "generation": 9,
                "diversity": 112.89423410468669
            },
            {
                "best": {
                    "class_name": "warrior",
                    "performance": 37.86529528901274
                },
                "mean": 24.317300633298977,
                "generation": 10,
                "diversity": 112.40314369286058
            },
            {
                "best": {
                    "class_name": "warrior",
                    "performance": 40.07528583068218
                },
                "mean": 25.36706274156672,
                "generation": 11,
                "diversity": 109.47256140764438
            },
            {
                "best": {
                    "class_name": "warrior",
                    "performance": 40.55089251970737
                },
                "mean": 26.439395263456667,
                "generation": 12,
                "diversity": 109.67042319656031
            },
            {
                "best": {
                    "class_name": "warrior",
                    "performance": 40.275829406408796
                },
                "mean": 27.796708653006977,
                "generation": 13,
                "diversity": 102.34125018929662
            },
            {
                "best": {
                    "class_name": "warrior",
                    "performance": 40.707662542401856
                },
                "mean": 28.75583424752806,
                "generation": 14,
                "diversity": 94.95798980037671
            },
            {
                "best": {
                    "class_name": "warrior",
                    "performance": 41.193519336149045
                },
                "mean": 29.783442508692005,
                "generation": 15,
                "diversity": 89.67329105206487
            },
            {
                "best": {
                    "class_name": "warrior",
                    "performance": 40.807529715787226
                },
                "mean": 30.83149277940229,
                "generation": 16,
                "diversity": 84.33242172567371
            },
            {
                "best": {
                    "class_name": "warrior",
                    "performance": 40.757757719305516
                },
                "mean": 31.5926429152927,
                "generation": 17,
                "diversity": 82.18222915434033
            },
            {
                "best": {
                    "class_name": "warrior",
                    "performance": 40.97239628698565
                },
                "mean": 32.882569592521556,
                "generation": 18,
                "diversity": 76.30772809440056
            },
            {
                "best": {
                    "class_name": "warrior",
                    "performance": 41.00991322606836
                },
                "mean": 33.66590279193346,
                "generation": 19,
                "diversity": 70.34759508791457
            },
            {
                "best": {
                    "class_name": "warrior",
                    "performance": 40.93080236233733
                },
                "mean": 34.50033833582682,
                "generation": 20,
                "diversity": 64.24058003607747
            },
            {
                "best": {
                    "class_name": "warrior",
                    "performance": 41.23582746544508
                },
                "mean": 34.97368823901265,
                "generation": 21,
                "diversity": 60.87510551152371
            },
            {
                "best": {
                    "class_name": "warrior",
                    "performance": 41.04182900436515
                },
                "mean": 35.446587230934554,
                "generation": 22,
                "diversity": 59.51940184600796
            },
            {
                "best": {
                    "class_name": "warrior",
                    "performance": 41.24450886379284
                },
                "mean": 35.610548730639394,
                "generation": 23,
                "diversity": 56.5507378646922
            },
            {
                "best": {
                    "class_name": "warrior",
                    "performance": 40.988313231599385
                },
                "mean": 36.1338139502115,
                "generation": 24,
                "diversity": 52.218791292811545
            },
            {
                "best": {
                    "class_name": "warrior",
                    "performance": 40.99258962997531
                },
                "mean": 36.365159082180426,
                "generation": 25,
                "diversity": 51.335980362223914
            },
            {
                "best": {
                    "class_name": "warrior",
                    "performance": 41.227027405632505
                },
                "mean": 36.39484138855566,
                "generation": 26,
                "diversity": 48.92150039713791
            },
            {
                "best": {
                    "class_name": "warrior",
                    "performance": 41.20667502185199
                },
                "mean": 36.624261895248345,
                "generation": 27,
                "diversity": 47.45488532142818
            },
            {
                "best": {
                    "class_name": "warrior",
                    "performance": 41.13904839185599
                },
                "mean": 36.83009796952628,
                "generation": 28,
                "diversity": 45.956207718863745
            },
            {
                "best": {
                    "class_name": "warrior",
                    "performance": 41.242620876364086
                },
                "mean": 37.22497729363276,
                "generation": 29,
                "diversity": 42.38888347468415
            },
            {
                "best": {
                    "class_name": "warrior",
                    "performance": 41.12813697461973
                },
                "mean": 37.2840126350596,
                "generation": 30,
                "diversity": 40.07401690613141
            },
            {
                "best": {
                    "class_name": "warrior",
                    "performance": 41.14003397941725
                },
                "mean": 37.331933513071256,
                "generation": 31,
                "diversity": 37.937218795510326
            },
            {
                "best": {
                    "class_name": "warrior",
                    "performance": 41.14780850755184
                },
                "mean": 37.42675404429259,
                "generation": 32,
                "diversity": 36.084620489679814
            },
            {
                "best": {
                    "class_name": "warrior",
                    "performance": 41.14780850755184
                },
                "mean": 37.73192206742511,
                "generation": 33,
                "diversity": 33.15969237609036
            },
            {
                "best": {
                    "class_name": "warrior",
                    "performance": 41.22348864616703
                },
                "mean": 37.778381851588605,
                "generation": 34,
                "diversity": 32.48406111704078
            },
            {
                "best": {
                    "class_name": "warrior",
                    "performance": 41.15601963742987
                },
                "mean": 37.79472890666767,
                "generation": 35,
                "diversity": 30.867016059425467
            },
            {
                "best": {
                    "class_name": "warrior",
                    "performance": 41.23237812995083
                },
                "mean": 37.96674931404157,
                "generation": 36,
                "diversity": 30.145547233374984
            },
            {
                "best": {
                    "class_name": "warrior",
                    "performance": 41.23892568919521
                },
                "mean": 37.93903506684885,
                "generation": 37,
                "diversity": 29.216928888080698
            },
            {
                "best": {
                    "class_name": "warrior",
                    "performance": 41.23892568919521
                },
                "mean": 37.886233985614204,
                "generation": 38,
                "diversity": 29.346130625967614
            },
            {
                "best": {
                    "class_name": "warrior",
                    "performance": 41.24188953896337
                },
                "mean": 38.213426747492555,
                "generation": 39,
                "diversity": 28.81446541100287
            },
            {
                "best": {
                    "class_name": "warrior",
                    "performance": 41.24188953896337
                },
                "mean": 38.26124007174698,
                "generation": 40,
                "diversity": 28.381927024186837
            },
            {
                "best": {
                    "class_name": "warrior",
                    "performance": 41.241875316293914
                },
                "mean": 38.198783746981356,
                "generation": 41,
                "diversity": 30.380571755159803
            }
        ]
    },
    "config": {
        "population_size": 2000,
        "population_to_keep": 1000,
        "class_name": "warrior",
        "selection_config_a": {
            "selection_type": "elite",
            "population_to_keep": 500,
            "tournament_size": 50,
            "threshold": 0.75,
            "initial_temperature": 30,
            "temperature_decay": 0.6,
            "min_temperature": 5
        },
        "selection_config_b": {
            "selection_type": "roulette",
            "population_to_keep": 500,
            "tournament_size": 50,
            "threshold": 0.75,
            "initial_temperature": 30,
            "temperature_decay": 0.6,
            "min_temperature": 5
        },
        "selection_config_rate": 0.5,
        "crossover_config": {
            "method": "uniform"
        },
        "mutation_config": {
            "mutation_type": "multi_gen",
            "mutation_rate": 0.2,
            "delta_mutation": 15
        },
        "replacement_config_a": {
            "type": "traditional",
            "quantity": 500,
            "gen_gap": 0.5
        },
        "replacement_config_b": {
            "type": "young_bias",
            "quantity": 500,
            "gen_gap": 0.5
        },
        "replacement_config_rate": 0.5,
        "end_condition_config": {
            "type": "content",
            "generations_to_check": 20,
            "generations": 500,
            "optimum_value": 61.5,
            "tolerance": 0.1,
            "structure_tolerance": 0.01,
            "structure_relevant_proportion": 0.98
        }
    }
}