{
    "results": {
        "best": {
            "solution": {
                "class_name": "warrior",
                "variables": {
                    "strength": 74.98344122071656,
                    "agility": 74.87169798333916,
                    "expertise": 0.1448607959442918,
                    "resistance": 0.0,
                    "life": 0.0,
                    "height": 1.9200000000000002
                },
                "performance": 41.244819163646234
            },
            "generation": 46
        },
        "last_iterations": [
            {
                "best": {
                    "class_name": "warrior",
                    "performance": 29.33468021281716
                },
                "mean": 15.626964070627134,
                "generation": 1,
                "diversity": 240.52424044976055
            },
            {
                "best": {
                    "class_name": "warrior",
                    "performance": 29.929282098771
                },
                "mean": 16.603754505690812,
                "generation": 2,
                "diversity": 214.6287748381859
            },
            {
                "best": {
                    "class_name": "warrior",
                    "performance": 32.983220374438865
                },
                "mean": 17.311888471126483,
                "generation": 3,
                "diversity": 187.01742952327774
            },
            {
                "best": {
                    "class_name": "warrior",
                    "performance": 30.72955805595941
                },
                "mean": 18.71913431586152,
                "generation": 4,
                "diversity": 146.1961023524915
            },
            {
                "best": {
                    "class_name": "warrior",
                    "performance": 28.007660114931333
                },
                "mean": 19.1178395885432,
                "generation": 5,
                "diversity": 140.95629924373915
            },
            {
                "best": {
                    "class_name": "warrior",
                    "performance": 31.045210024920227
                },
                "mean": 19.454977024901726,
                "generation": 6,
                "diversity": 139.1862082128666
            },
            {
                "best": {
                    "class_name": "warrior",
                    "performance": 34.068019563068354
                },
                "mean": 20.184470827183052,
                "generation": 7,
                "diversity": 135.76055987066397
            },
            {
                "best": {
                    "class_name": "warrior",
                    "performance": 37.02858389932517
                },
                "mean": 21.217491477883563,
                "generation": 8,
                "diversity": 131.3869244318894
            },
            {
                "best": {
                    "class_name": "warrior",
                    "performance": 36.49611985434761
                },
                "mean": 22.206340585843463,
                "generation": 9,
                "diversity": 112.34370389818243
            },
            {
                "best": {
                    "class_name": "warrior",
                    "performance": 39.7528165348704
                },
                "mean": 23.00097222458306,
                "generation": 10,
                "diversity": 103.13772550639874
            },
            {
                "best": {
                    "class_name": "warrior",
                    "performance": 39.7528165348704
                },
                "mean": 24.179377560110797,
                "generation": 11,
                "diversity": 102.31853374857432
            },
            {
                "best": {
                    "class_name": "warrior",
                    "performance": 38.80394157464678
                },
                "mean": 25.26781567287471,
                "generation": 12,
                "diversity": 96.71462735970147
            },
            {
                "best": {
                    "class_name": "warrior",
                    "performance": 39.10916287228679
                },
                "mean": 26.501512677589417,
                "generation": 13,
                "diversity": 91.99566746485921
            },
            {
                "best": {
                    "class_name": "warrior",
                    "performance": 39.836934628272715
                },
                "mean": 27.71452896880565,
                "generation": 14,
                "diversity": 89.26305606245988
            },
            {
                "best": {
                    "class_name": "warrior",
                    "performance": 39.88867335749765
                },
                "mean": 29.207027802405108,
                "generation": 15,
                "diversity": 84.95315234782865
            },
            {
                "best": {
                    "class_name": "warrior",
                    "performance": 39.88867335749765
                },
                "mean": 29.811574148633667,
                "generation": 16,
                "diversity": 73.72938424461374
            },
            {
                "best": {
                    "class_name": "warrior",
                    "performance": 40.78130583871528
                },
                "mean": 30.770983145507355,
                "generation": 17,
                "diversity": 69.02964448620828
            },
            {
                "best": {
                    "class_name": "warrior",
                    "performance": 40.78130583871528
                },
                "mean": 31.755777679460717,
                "generation": 18,
                "diversity": 64.60079013430793
            },
            {
                "best": {
                    "class_name": "warrior",
                    "performance": 40.46252549390341
                },
                "mean": 32.55855800967838,
                "generation": 19,
                "diversity": 54.280314726233286
            },
            {
                "best": {
                    "class_name": "warrior",
                    "performance": 40.64465512501885
                },
                "mean": 33.08803880444121,
                "generation": 20,
                "diversity": 48.51120421057823
            },
            {
                "best": {
                    "class_name": "warrior",
                    "performance": 40.64465512501885
                },
                "mean": 33.47346603973556,
                "generation": 21,
                "diversity": 48.383570084368635
            },
            {
                "best": {
                    "class_name": "warrior",
                    "performance": 40.67817093417342
                },
                "mean": 33.90551094937199,
                "generation": 22,
                "diversity": 43.709361587929756
            },
            {
                "best": {
                    "class_name": "warrior",
                    "performance": 40.86403006611999
                },
                "mean": 34.087495198009734,
                "generation": 23,
                "diversity": 44.56955644399972
            },
            {
                "best": {
                    "class_name": "warrior",
                    "performance": 40.81922097735159
                },
                "mean": 34.44081124553641,
                "generation": 24,
                "diversity": 36.553748341667486
            },
            {
                "best": {
                    "class_name": "warrior",
                    "performance": 40.81922097735159
                },
                "mean": 34.52643539646798,
                "generation": 25,
                "diversity": 35.560590312658846
            },
            {
                "best": {
                    "class_name": "warrior",
                    "performance": 40.32568973030967
                },
                "mean": 34.85606272062956,
                "generation": 26,
                "diversity": 34.173813487131646
            },
            {
                "best": {
                    "class_name": "warrior",
                    "performance": 40.346791799632946
                },
                "mean": 35.18013657817768,
                "generation": 27,
                "diversity": 34.498342243790795
            },
            {
                "best": {
                    "class_name": "warrior",
                    "performance": 40.346791799632946
                },
                "mean": 35.46403363835121,
                "generation": 28,
                "diversity": 35.078520290792
            },
            {
                "best": {
                    "class_name": "warrior",
                    "performance": 40.39741641674147
                },
                "mean": 35.84359304900507,
                "generation": 29,
                "diversity": 34.987641116889556
            },
            {
                "best": {
                    "class_name": "warrior",
                    "performance": 40.57483831286897
                },
                "mean": 35.857885643887826,
                "generation": 30,
                "diversity": 33.41140422337838
            },
            {
                "best": {
                    "class_name": "warrior",
                    "performance": 40.922879554703506
                },
                "mean": 36.17100912072612,
                "generation": 31,
                "diversity": 31.675458709503733
            },
            {
                "best": {
                    "class_name": "warrior",
                    "performance": 40.81902636232516
                },
                "mean": 36.403094163251474,
                "generation": 32,
                "diversity": 29.272497417843596
            },
            {
                "best": {
                    "class_name": "warrior",
                    "performance": 40.84038538467775
                },
                "mean": 36.69150498652438,
                "generation": 33,
                "diversity": 31.573121683872444
            },
            {
                "best": {
                    "class_name": "warrior",
                    "performance": 40.826860108915
                },
                "mean": 36.82315923306493,
                "generation": 34,
                "diversity": 28.91011552553074
            },
            {
                "best": {
                    "class_name": "warrior",
                    "performance": 41.09221328774077
                },
                "mean": 37.150799399160526,
                "generation": 35,
                "diversity": 29.845875285036
            },
            {
                "best": {
                    "class_name": "warrior",
                    "performance": 41.13764608578625
                },
                "mean": 37.02153004746952,
                "generation": 36,
                "diversity": 31.33531346896827
            },
            {
                "best": {
                    "class_name": "warrior",
                    "performance": 41.04498347204008
                },
                "mean": 37.51356780291746,
                "generation": 37,
                "diversity": 30.401615612567543
            },
            {
                "best": {
                    "class_name": "warrior",
                    "performance": 41.13040752411043
                },
                "mean": 37.87676947766905,
                "generation": 38,
                "diversity": 31.01676373172434
            },
            {
                "best": {
                    "class_name": "warrior",
                    "performance": 41.09902669953882
                },
                "mean": 37.8146219473651,
                "generation": 39,
                "diversity": 29.034005780384064
            },
            {
                "best": {
                    "class_name": "warrior",
                    "performance": 41.21611526706759
                },
                "mean": 37.806688311490106,
                "generation": 40,
                "diversity": 31.619714279823523
            },
            {
                "best": {
                    "class_name": "warrior",
                    "performance": 41.18212455148669
                },
                "mean": 37.95808136181274,
                "generation": 41,
                "diversity": 29.4765925473574
            },
            {
                "best": {
                    "class_name": "warrior",
                    "performance": 41.2276130833236
                },
                "mean": 38.06337959270874,
                "generation": 42,
                "diversity": 27.77717859543778
            },
            {
                "best": {
                    "class_name": "warrior",
                    "performance": 41.24332429841241
                },
                "mean": 38.05115284604465,
                "generation": 43,
                "diversity": 24.725209775562103
            },
            {
                "best": {
                    "class_name": "warrior",
                    "performance": 41.24332429841241
                },
                "mean": 38.137907946515604,
                "generation": 44,
                "diversity": 24.852889679376577
            },
            {
                "best": {
                    "class_name": "warrior",
                    "performance": 40.99448997793764
                },
                "mean": 38.20119170527236,
                "generation": 45,
                "diversity": 29.55364419818095
            },
            {
                "best": {
                    "class_name": "warrior",
                    "performance": 41.244819163646234
                },
                "mean": 38.122105776191894,
                "generation": 46,
                "diversity": 27.780043883896514
            },
            {
                "best": {
                    "class_name": "warrior",
                    "performance": 41.16554642523514
                },
                "mean": 38.09954789039434,
                "generation": 47,
                "diversity": 27.017956492740492
            },
            {
                "best": {
                    "class_name": "warrior",
                    "performance": 41.203174575567665
                },
                "mean": 38.35528689533449,
                "generation": 48,
                "diversity": 24.418757919320836
            },
            {
                "best": {
                    "class_name": "warrior",
                    "performance": 41.240622039323625
                },
                "mean": 38.15220271752398,
                "generation": 49,
                "diversity": 24.692988184659736
            },
            {
                "best": {
                    "class_name": "warrior",
                    "performance": 41.240622039323625
                },
                "mean": 38.102231532356235,
                "generation": 50,
                "diversity": 26.366461476924368
            },
            {
                "best": {
                    "class_name": "warrior",
                    "performance": 41.22827005777144
                },
                "mean": 38.20299678330678,
                "generation": 51,
                "diversity": 26.033262867603742
            },
            {
                "best": {
                    "class_name": "warrior",
                    "performance": 41.14117291498332
                },
                "mean": 37.99314547035899,
                "generation": 52,
                "diversity": 27.28465474202763
            },
            {
                "best": {
                    "class_name": "warrior",
                    "performance": 41.17976959884153
                },
                "mean": 38.26077528119268,
                "generation": 53,
                "diversity": 24.7728279333276
            },
            {
                "best": {
                    "class_name": "warrior",
                    "performance": 41.21825111403534
                },
                "mean": 38.3206605425822,
                "generation": 54,
                "diversity": 22.732509710756215
            },
            {
                "best": {
                    "class_name": "warrior",
                    "performance": 41.21769760079149
                },
                "mean": 38.24230566317112,
                "generation": 55,
                "diversity": 21.71180376272702
            },
            {
                "best": {
                    "class_name": "warrior",
                    "performance": 41.13549792735114
                },
                "mean": 38.10688541395904,
                "generation": 56,
                "diversity": 23.670662947442327
            },
            {
                "best": {
                    "class_name": "warrior",
                    "performance": 41.2230745843038
                },
                "mean": 38.03456611335651,
                "generation": 57,
                "diversity": 23.459183706056567
            },
            {
                "best": {
                    "class_name": "warrior",
                    "performance": 41.13660638612235
                },
                "mean": 38.13129121083656,
                "generation": 58,
                "diversity": 21.59636148827549
            },
            {
                "best": {
                    "class_name": "warrior",
                    "performance": 41.13549792735114
                },
                "mean": 37.95308606491787,
                "generation": 59,
                "diversity": 22.761109483635575
            },
            {
                "best": {
                    "class_name": "warrior",
                    "performance": 41.201677996800136
                },
                "mean": 38.14374026414203,
                "generation": 60,
                "diversity": 21.683239340613707
            },
            {
                "best": {
                    "class_name": "warrior",
                    "performance": 41.119390107953585
                },
                "mean": 38.541923675576825,
                "generation": 61,
                "diversity": 19.68449298457906
            },
            {
                "best": {
                    "class_name": "warrior",
                    "performance": 41.23092687564468
                },
                "mean": 38.72242500958881,
                "generation": 62,
                "diversity": 18.68319628812351
            },
            {
                "best": {
                    "class_name": "warrior",
                    "performance": 41.237267163484006
                },
                "mean": 38.90384344659577,
                "generation": 63,
                "diversity": 18.863957814931027
            }
        ]
    },
    "config": {
        "population_size": 600,
        "population_to_keep": 300,
        "class_name": "warrior",
        "selection_config_a": {
            "selection_type": "elite",
            "population_to_keep": 150,
            "tournament_size": 50,
            "threshold": 0.75,
            "initial_temperature": 30,
            "temperature_decay": 0.6,
            "min_temperature": 5
        },
        "selection_config_b": {
            "selection_type": "roulette",
            "population_to_keep": 150,
            "tournament_size": 50,
            "threshold": 0.75,
            "initial_temperature": 30,
            "temperature_decay": 0.6,
            "min_temperature": 5
        },
        "selection_config_rate": 0.5,
        "crossover_config": {
            "method": "uniform"
        },
        "mutation_config": {
            "mutation_type": "multi_gen",
            "mutation_rate": 0.2,
            "delta_mutation": 15
        },
        "replacement_config_a": {
            "type": "traditional",
            "quantity": 150,
            "gen_gap": 0.5
        },
        "replacement_config_b": {
            "type": "young_bias",
            "quantity": 150,
            "gen_gap": 0.5
        },
        "replacement_config_rate": 0.5,
        "end_condition_config": {
            "type": "content",
            "generations_to_check": 20,
            "generations": 500,
            "optimum_value": 61.5,
            "tolerance": 0.1,
            "structure_tolerance": 0.01,
            "structure_relevant_proportion": 0.98
        }
    }
}