{
    "results": {
        "best": {
            "solution": {
                "class_name": "warrior",
                "variables": {
                    "strength": 75.22503556256544,
                    "agility": 74.77496443743455,
                    "expertise": 0,
                    "resistance": 0.0,
                    "life": 0.0,
                    "height": 1.92
                },
                "performance": 41.24410677701646
            },
            "generation": 42
        },
        "last_iterations": [
            {
                "best": {
                    "class_name": "warrior",
                    "performance": 33.130265790138445
                },
                "mean": 16.02776883367203,
                "generation": 1,
                "diversity": 240.10580829255844
            },
            {
                "best": {
                    "class_name": "warrior",
                    "performance": 34.38268808470219
                },
                "mean": 17.389195082037265,
                "generation": 2,
                "diversity": 212.8372074276838
            },
            {
                "best": {
                    "class_name": "warrior",
                    "performance": 37.01693757932326
                },
                "mean": 18.040753745135873,
                "generation": 3,
                "diversity": 216.75287325805755
            },
            {
                "best": {
                    "class_name": "warrior",
                    "performance": 37.01693757932326
                },
                "mean": 18.96524657745006,
                "generation": 4,
                "diversity": 201.829586172145
            },
            {
                "best": {
                    "class_name": "warrior",
                    "performance": 37.23037469985053
                },
                "mean": 20.121145671747417,
                "generation": 5,
                "diversity": 185.01944098625577
            },
            {
                "best": {
                    "class_name": "warrior",
                    "performance": 37.80469498357133
                },
                "mean": 21.5164691989432,
                "generation": 6,
                "diversity": 166.9644274100506
            },
            {
                "best": {
                    "class_name": "warrior",
                    "performance": 39.87560608979482
                },
                "mean": 22.527646935255632,
                "generation": 7,
                "diversity": 155.1760011275667
            },
            {
                "best": {
                    "class_name": "warrior",
                    "performance": 39.87560608979482
                },
                "mean": 23.76003596591518,
                "generation": 8,
                "diversity": 136.52425669482864
            },
            {
                "best": {
                    "class_name": "warrior",
                    "performance": 40.47221837775987
                },
                "mean": 24.76811490669472,
                "generation": 9,
                "diversity": 132.2444662252459
            },
            {
                "best": {
                    "class_name": "warrior",
                    "performance": 40.47221837775987
                },
                "mean": 26.157307968332947,
                "generation": 10,
                "diversity": 124.4122324307363
            },
            {
                "best": {
                    "class_name": "warrior",
                    "performance": 39.563994810159436
                },
                "mean": 27.33086657811502,
                "generation": 11,
                "diversity": 109.88493271447624
            },
            {
                "best": {
                    "class_name": "warrior",
                    "performance": 39.48719758939337
                },
                "mean": 28.508061760606992,
                "generation": 12,
                "diversity": 97.61138275407939
            },
            {
                "best": {
                    "class_name": "warrior",
                    "performance": 40.48772685149033
                },
                "mean": 29.553538345040426,
                "generation": 13,
                "diversity": 89.41428372514822
            },
            {
                "best": {
                    "class_name": "warrior",
                    "performance": 40.77382579854769
                },
                "mean": 30.493340493632864,
                "generation": 14,
                "diversity": 83.74355114183554
            },
            {
                "best": {
                    "class_name": "warrior",
                    "performance": 40.83327404353407
                },
                "mean": 31.164339932555603,
                "generation": 15,
                "diversity": 78.36939444802037
            },
            {
                "best": {
                    "class_name": "warrior",
                    "performance": 40.51916721026632
                },
                "mean": 31.973058217215964,
                "generation": 16,
                "diversity": 72.91262576494792
            },
            {
                "best": {
                    "class_name": "warrior",
                    "performance": 41.134552631031546
                },
                "mean": 32.883116171053615,
                "generation": 17,
                "diversity": 74.77720139133223
            },
            {
                "best": {
                    "class_name": "warrior",
                    "performance": 41.134552631031546
                },
                "mean": 33.83853296285098,
                "generation": 18,
                "diversity": 65.80587153455232
            },
            {
                "best": {
                    "class_name": "warrior",
                    "performance": 40.60405141209776
                },
                "mean": 34.21174356532501,
                "generation": 19,
                "diversity": 56.16298485904218
            },
            {
                "best": {
                    "class_name": "warrior",
                    "performance": 40.660479652047385
                },
                "mean": 34.34653857831434,
                "generation": 20,
                "diversity": 54.66846755767173
            },
            {
                "best": {
                    "class_name": "warrior",
                    "performance": 40.67840348182139
                },
                "mean": 34.968312900954494,
                "generation": 21,
                "diversity": 51.41314046480331
            },
            {
                "best": {
                    "class_name": "warrior",
                    "performance": 41.212262299500544
                },
                "mean": 35.50849658557545,
                "generation": 22,
                "diversity": 46.142650685675285
            },
            {
                "best": {
                    "class_name": "warrior",
                    "performance": 41.212262299500544
                },
                "mean": 35.933746981793774,
                "generation": 23,
                "diversity": 44.34215636241411
            },
            {
                "best": {
                    "class_name": "warrior",
                    "performance": 41.23598810845913
                },
                "mean": 36.16562622403521,
                "generation": 24,
                "diversity": 38.16754363470556
            },
            {
                "best": {
                    "class_name": "warrior",
                    "performance": 41.22598114584793
                },
                "mean": 36.10940309931643,
                "generation": 25,
                "diversity": 37.36665761238529
            },
            {
                "best": {
                    "class_name": "warrior",
                    "performance": 41.21921529988114
                },
                "mean": 36.59627012176058,
                "generation": 26,
                "diversity": 35.445368472446
            },
            {
                "best": {
                    "class_name": "warrior",
                    "performance": 41.136517185767026
                },
                "mean": 36.8963347821135,
                "generation": 27,
                "diversity": 35.271236905645615
            },
            {
                "best": {
                    "class_name": "warrior",
                    "performance": 41.22575511327476
                },
                "mean": 37.02711556456207,
                "generation": 28,
                "diversity": 34.324860842260286
            },
            {
                "best": {
                    "class_name": "warrior",
                    "performance": 41.24290543869369
                },
                "mean": 37.01621658694146,
                "generation": 29,
                "diversity": 37.437627659275286
            },
            {
                "best": {
                    "class_name": "warrior",
                    "performance": 41.24290543869369
                },
                "mean": 37.341825057797394,
                "generation": 30,
                "diversity": 34.38585713545466
            },
            {
                "best": {
                    "class_name": "warrior",
                    "performance": 41.09608745610599
                },
                "mean": 37.50373668885551,
                "generation": 31,
                "diversity": 30.366968815972896
            },
            {
                "best": {
                    "class_name": "warrior",
                    "performance": 41.11462118098465
                },
                "mean": 37.45199573814607,
                "generation": 32,
                "diversity": 31.410997525518724
            },
            {
                "best": {
                    "class_name": "warrior",
                    "performance": 41.12849815203781
                },
                "mean": 37.63954973367966,
                "generation": 33,
                "diversity": 31.157874409135697
            },
            {
                "best": {
                    "class_name": "warrior",
                    "performance": 41.12849815203781
                },
                "mean": 37.79370928841936,
                "generation": 34,
                "diversity": 30.277587220928307
            },
            {
                "best": {
                    "class_name": "warrior",
                    "performance": 41.16411439055805
                },
                "mean": 37.73016809691665,
                "generation": 35,
                "diversity": 28.427480676558375
            },
            {
                "best": {
                    "class_name": "warrior",
                    "performance": 40.97583348236878
                },
                "mean": 37.770973456162686,
                "generation": 36,
                "diversity": 26.889967337219343
            },
            {
                "best": {
                    "class_name": "warrior",
                    "performance": 41.084542839580735
                },
                "mean": 37.621530908876885,
                "generation": 37,
                "diversity": 30.619295040701427
            },
            {
                "best": {
                    "class_name": "warrior",
                    "performance": 41.20322720166623
                },
                "mean": 37.64676151326223,
                "generation": 38,
                "diversity": 33.462127103540254
            },
            {
                "best": {
                    "class_name": "warrior",
                    "performance": 41.20322720166623
                },
                "mean": 37.815172969671764,
                "generation": 39,
                "diversity": 33.04411754324591
            },
            {
                "best": {
                    "class_name": "warrior",
                    "performance": 41.233639025563456
                },
                "mean": 37.839086088961,
                "generation": 40,
                "diversity": 32.005293695993494
            },
            {
                "best": {
                    "class_name": "warrior",
                    "performance": 41.233639025563456
                },
                "mean": 37.92084819375426,
                "generation": 41,
                "diversity": 36.41916907722387
            },
            {
                "best": {
                    "class_name": "warrior",
                    "performance": 41.24410677701646
                },
                "mean": 37.85100573172338,
                "generation": 42,
                "diversity": 36.12900456215609
            },
            {
                "best": {
                    "class_name": "warrior",
                    "performance": 41.1826243461965
                },
                "mean": 37.803378981467624,
                "generation": 43,
                "diversity": 37.861074206142014
            },
            {
                "best": {
                    "class_name": "warrior",
                    "performance": 41.22484693151828
                },
                "mean": 37.672351264848416,
                "generation": 44,
                "diversity": 40.61473249999029
            }
        ]
    },
    "config": {
        "population_size": 900,
        "population_to_keep": 450,
        "class_name": "warrior",
        "selection_config_a": {
            "selection_type": "elite",
            "population_to_keep": 225,
            "tournament_size": 50,
            "threshold": 0.75,
            "initial_temperature": 30,
            "temperature_decay": 0.6,
            "min_temperature": 5
        },
        "selection_config_b": {
            "selection_type": "roulette",
            "population_to_keep": 225,
            "tournament_size": 50,
            "threshold": 0.75,
            "initial_temperature": 30,
            "temperature_decay": 0.6,
            "min_temperature": 5
        },
        "selection_config_rate": 0.5,
        "crossover_config": {
            "method": "uniform"
        },
        "mutation_config": {
            "mutation_type": "multi_gen",
            "mutation_rate": 0.2,
            "delta_mutation": 15
        },
        "replacement_config_a": {
            "type": "traditional",
            "quantity": 225,
            "gen_gap": 0.5
        },
        "replacement_config_b": {
            "type": "young_bias",
            "quantity": 225,
            "gen_gap": 0.5
        },
        "replacement_config_rate": 0.5,
        "end_condition_config": {
            "type": "content",
            "generations_to_check": 20,
            "generations": 500,
            "optimum_value": 61.5,
            "tolerance": 0.1,
            "structure_tolerance": 0.01,
            "structure_relevant_proportion": 0.98
        }
    }
}