{
    "results": {
        "best": {
            "solution": {
                "class_name": "warrior",
                "variables": {
                    "strength": 70.01127485966953,
                    "agility": 68.5020359492277,
                    "expertise": 11.486689191102764,
                    "resistance": 0.0,
                    "life": 0.0,
                    "height": 1.92
                },
                "performance": 40.99569870756883
            },
            "generation": 35
        },
        "last_iterations": [
            {
                "best": {
                    "class_name": "warrior",
                    "performance": 32.002838268027325
                },
                "mean": 16.368830753737676,
                "generation": 1,
                "diversity": 231.14444083851637
            },
            {
                "best": {
                    "class_name": "warrior",
                    "performance": 33.49756627530896
                },
                "mean": 16.906427713772615,
                "generation": 2,
                "diversity": 220.77559261745532
            },
            {
                "best": {
                    "class_name": "warrior",
                    "performance": 36.68601691843254
                },
                "mean": 18.359877213448968,
                "generation": 3,
                "diversity": 183.10965071678956
            },
            {
                "best": {
                    "class_name": "warrior",
                    "performance": 36.63173053522117
                },
                "mean": 19.097406466961726,
                "generation": 4,
                "diversity": 170.1478393780642
            },
            {
                "best": {
                    "class_name": "warrior",
                    "performance": 36.845877310463905
                },
                "mean": 19.98885039458184,
                "generation": 5,
                "diversity": 154.11768399868103
            },
            {
                "best": {
                    "class_name": "warrior",
                    "performance": 36.63173053522117
                },
                "mean": 21.180803154297898,
                "generation": 6,
                "diversity": 137.398938197613
            },
            {
                "best": {
                    "class_name": "warrior",
                    "performance": 38.151899088477855
                },
                "mean": 22.114748152874142,
                "generation": 7,
                "diversity": 113.44556646401355
            },
            {
                "best": {
                    "class_name": "warrior",
                    "performance": 38.763820825686956
                },
                "mean": 23.316909044025603,
                "generation": 8,
                "diversity": 103.47151467653119
            },
            {
                "best": {
                    "class_name": "warrior",
                    "performance": 35.652312184095194
                },
                "mean": 23.966391842647216,
                "generation": 9,
                "diversity": 95.71886267355443
            },
            {
                "best": {
                    "class_name": "warrior",
                    "performance": 36.96145742084515
                },
                "mean": 24.966348306917507,
                "generation": 10,
                "diversity": 89.27704277154568
            },
            {
                "best": {
                    "class_name": "warrior",
                    "performance": 38.319195016631284
                },
                "mean": 25.846542817181614,
                "generation": 11,
                "diversity": 83.03556646178716
            },
            {
                "best": {
                    "class_name": "warrior",
                    "performance": 39.40893829572418
                },
                "mean": 26.887993511212585,
                "generation": 12,
                "diversity": 72.2745269441499
            },
            {
                "best": {
                    "class_name": "warrior",
                    "performance": 39.73779874499876
                },
                "mean": 27.97756597520845,
                "generation": 13,
                "diversity": 66.63039550347743
            },
            {
                "best": {
                    "class_name": "warrior",
                    "performance": 38.98166089293287
                },
                "mean": 28.733510023282413,
                "generation": 14,
                "diversity": 63.21449973571071
            },
            {
                "best": {
                    "class_name": "warrior",
                    "performance": 40.142177747740384
                },
                "mean": 29.779300780887468,
                "generation": 15,
                "diversity": 62.321182973651666
            },
            {
                "best": {
                    "class_name": "warrior",
                    "performance": 40.37517669219152
                },
                "mean": 30.638811757172647,
                "generation": 16,
                "diversity": 54.05916981603604
            },
            {
                "best": {
                    "class_name": "warrior",
                    "performance": 39.91172536482721
                },
                "mean": 31.196793926090557,
                "generation": 17,
                "diversity": 49.84306277092116
            },
            {
                "best": {
                    "class_name": "warrior",
                    "performance": 39.562293326634475
                },
                "mean": 31.745174056056104,
                "generation": 18,
                "diversity": 43.97527370535452
            },
            {
                "best": {
                    "class_name": "warrior",
                    "performance": 40.15274657565919
                },
                "mean": 32.38110169924895,
                "generation": 19,
                "diversity": 40.40350728104214
            },
            {
                "best": {
                    "class_name": "warrior",
                    "performance": 40.15274657565919
                },
                "mean": 33.02931549170167,
                "generation": 20,
                "diversity": 35.534062996379326
            },
            {
                "best": {
                    "class_name": "warrior",
                    "performance": 40.39571582392819
                },
                "mean": 33.3409241959131,
                "generation": 21,
                "diversity": 33.62133849116326
            },
            {
                "best": {
                    "class_name": "warrior",
                    "performance": 40.39571582392819
                },
                "mean": 33.77132673444665,
                "generation": 22,
                "diversity": 29.55148141034458
            },
            {
                "best": {
                    "class_name": "warrior",
                    "performance": 40.5025573907016
                },
                "mean": 34.41074643854801,
                "generation": 23,
                "diversity": 26.738531425091825
            },
            {
                "best": {
                    "class_name": "warrior",
                    "performance": 40.5025573907016
                },
                "mean": 34.95873711714604,
                "generation": 24,
                "diversity": 27.042697688444576
            },
            {
                "best": {
                    "class_name": "warrior",
                    "performance": 40.53001817173455
                },
                "mean": 35.50409131749634,
                "generation": 25,
                "diversity": 24.013363867468858
            },
            {
                "best": {
                    "class_name": "warrior",
                    "performance": 40.53001817173455
                },
                "mean": 35.62019282082338,
                "generation": 26,
                "diversity": 23.75706595853195
            },
            {
                "best": {
                    "class_name": "warrior",
                    "performance": 40.603493446614195
                },
                "mean": 35.62080101417052,
                "generation": 27,
                "diversity": 23.431189337462808
            },
            {
                "best": {
                    "class_name": "warrior",
                    "performance": 40.603493446614195
                },
                "mean": 35.85702529517762,
                "generation": 28,
                "diversity": 23.14392787345706
            },
            {
                "best": {
                    "class_name": "warrior",
                    "performance": 40.16180294610232
                },
                "mean": 35.853615163213256,
                "generation": 29,
                "diversity": 22.54524547442861
            },
            {
                "best": {
                    "class_name": "warrior",
                    "performance": 40.65287892318062
                },
                "mean": 36.031484697592866,
                "generation": 30,
                "diversity": 22.75151386220192
            },
            {
                "best": {
                    "class_name": "warrior",
                    "performance": 40.42274910145557
                },
                "mean": 36.200642143111224,
                "generation": 31,
                "diversity": 20.470122047939
            },
            {
                "best": {
                    "class_name": "warrior",
                    "performance": 40.42274910145557
                },
                "mean": 36.542892099548204,
                "generation": 32,
                "diversity": 19.010065796340225
            },
            {
                "best": {
                    "class_name": "warrior",
                    "performance": 40.69240046854612
                },
                "mean": 36.33423828920448,
                "generation": 33,
                "diversity": 20.29843778338626
            },
            {
                "best": {
                    "class_name": "warrior",
                    "performance": 40.371191928400705
                },
                "mean": 36.24244599551174,
                "generation": 34,
                "diversity": 20.14340096833376
            },
            {
                "best": {
                    "class_name": "warrior",
                    "performance": 40.99569870756883
                },
                "mean": 36.29079070490021,
                "generation": 35,
                "diversity": 18.249256841860788
            },
            {
                "best": {
                    "class_name": "warrior",
                    "performance": 40.50063028116516
                },
                "mean": 36.34712046642256,
                "generation": 36,
                "diversity": 17.199842026083918
            },
            {
                "best": {
                    "class_name": "warrior",
                    "performance": 40.59178935972735
                },
                "mean": 36.280697905004224,
                "generation": 37,
                "diversity": 17.555303029952416
            },
            {
                "best": {
                    "class_name": "warrior",
                    "performance": 40.753452007528765
                },
                "mean": 36.15654265453452,
                "generation": 38,
                "diversity": 18.119186593668555
            },
            {
                "best": {
                    "class_name": "warrior",
                    "performance": 40.73137216476901
                },
                "mean": 36.44803218833795,
                "generation": 39,
                "diversity": 16.65969320799848
            },
            {
                "best": {
                    "class_name": "warrior",
                    "performance": 40.73137216476901
                },
                "mean": 36.490555992847625,
                "generation": 40,
                "diversity": 17.6777662763944
            },
            {
                "best": {
                    "class_name": "warrior",
                    "performance": 40.56155990109734
                },
                "mean": 36.57213331586046,
                "generation": 41,
                "diversity": 18.721811970406222
            },
            {
                "best": {
                    "class_name": "warrior",
                    "performance": 40.75676520492199
                },
                "mean": 36.57020767602945,
                "generation": 42,
                "diversity": 19.35736942082475
            },
            {
                "best": {
                    "class_name": "warrior",
                    "performance": 40.43293254284011
                },
                "mean": 36.77724144865914,
                "generation": 43,
                "diversity": 20.23541232856036
            },
            {
                "best": {
                    "class_name": "warrior",
                    "performance": 40.6558132820847
                },
                "mean": 36.765265768112116,
                "generation": 44,
                "diversity": 19.2116685206955
            },
            {
                "best": {
                    "class_name": "warrior",
                    "performance": 40.902251575010915
                },
                "mean": 36.818338742900266,
                "generation": 45,
                "diversity": 18.76473053642819
            },
            {
                "best": {
                    "class_name": "warrior",
                    "performance": 40.683124413757746
                },
                "mean": 36.943084211042716,
                "generation": 46,
                "diversity": 19.8025877385349
            },
            {
                "best": {
                    "class_name": "warrior",
                    "performance": 40.94634736962592
                },
                "mean": 36.996268050559884,
                "generation": 47,
                "diversity": 20.670418256450436
            },
            {
                "best": {
                    "class_name": "warrior",
                    "performance": 40.94634736962592
                },
                "mean": 37.11377916252299,
                "generation": 48,
                "diversity": 20.008440007011888
            },
            {
                "best": {
                    "class_name": "warrior",
                    "performance": 40.772636094161065
                },
                "mean": 36.87003022195353,
                "generation": 49,
                "diversity": 21.400994585623128
            },
            {
                "best": {
                    "class_name": "warrior",
                    "performance": 40.727630519749034
                },
                "mean": 36.981900336414775,
                "generation": 50,
                "diversity": 20.970044691363817
            },
            {
                "best": {
                    "class_name": "warrior",
                    "performance": 40.7832315161339
                },
                "mean": 37.1688737586413,
                "generation": 51,
                "diversity": 18.368103552283056
            },
            {
                "best": {
                    "class_name": "warrior",
                    "performance": 40.58844220478111
                },
                "mean": 37.279037397465615,
                "generation": 52,
                "diversity": 18.526292329553605
            },
            {
                "best": {
                    "class_name": "warrior",
                    "performance": 40.983561804872764
                },
                "mean": 37.16017058447194,
                "generation": 53,
                "diversity": 20.055960914752543
            },
            {
                "best": {
                    "class_name": "warrior",
                    "performance": 40.83794374315136
                },
                "mean": 37.104138099228464,
                "generation": 54,
                "diversity": 20.05057634417285
            },
            {
                "best": {
                    "class_name": "warrior",
                    "performance": 40.83794374315136
                },
                "mean": 37.12905290588541,
                "generation": 55,
                "diversity": 21.503134107182813
            }
        ]
    },
    "config": {
        "population_size": 1800,
        "population_to_keep": 900,
        "class_name": "warrior",
        "selection_config_a": {
            "selection_type": "elite",
            "population_to_keep": 450,
            "tournament_size": 50,
            "threshold": 0.75,
            "initial_temperature": 30,
            "temperature_decay": 0.6,
            "min_temperature": 5
        },
        "selection_config_b": {
            "selection_type": "roulette",
            "population_to_keep": 450,
            "tournament_size": 50,
            "threshold": 0.75,
            "initial_temperature": 30,
            "temperature_decay": 0.6,
            "min_temperature": 5
        },
        "selection_config_rate": 0.5,
        "crossover_config": {
            "method": "uniform"
        },
        "mutation_config": {
            "mutation_type": "multi_gen",
            "mutation_rate": 0.2,
            "delta_mutation": 15
        },
        "replacement_config_a": {
            "type": "traditional",
            "quantity": 450,
            "gen_gap": 0.5
        },
        "replacement_config_b": {
            "type": "young_bias",
            "quantity": 450,
            "gen_gap": 0.5
        },
        "replacement_config_rate": 0.5,
        "end_condition_config": {
            "type": "content",
            "generations_to_check": 20,
            "generations": 500,
            "optimum_value": 61.5,
            "tolerance": 0.1,
            "structure_tolerance": 0.01,
            "structure_relevant_proportion": 0.98
        }
    }
}