{
    "results": {
        "best": {
            "solution": {
                "class_name": "warrior",
                "variables": {
                    "strength": 74.18601722191646,
                    "agility": 75.81398277808354,
                    "expertise": 0.0,
                    "resistance": 0.0,
                    "life": 0.0,
                    "height": 1.9099999999999997
                },
                "performance": 41.2374009544558
            },
            "generation": 18
        },
        "last_iterations": [
            {
                "best": {
                    "class_name": "warrior",
                    "performance": 31.62286200917363
                },
                "mean": 15.070100245113881,
                "generation": 0,
                "diversity": 258.02243326124056
            },
            {
                "best": {
                    "class_name": "warrior",
                    "performance": 34.26240754493659
                },
                "mean": 16.025394730382896,
                "generation": 1,
                "diversity": 227.77711794367704
            },
            {
                "best": {
                    "class_name": "warrior",
                    "performance": 29.102886027912856
                },
                "mean": 17.295378039161697,
                "generation": 2,
                "diversity": 185.16583534479844
            },
            {
                "best": {
                    "class_name": "warrior",
                    "performance": 29.95377730720179
                },
                "mean": 17.662061379073776,
                "generation": 3,
                "diversity": 175.78658059431925
            },
            {
                "best": {
                    "class_name": "warrior",
                    "performance": 29.95377730720179
                },
                "mean": 18.54393079646476,
                "generation": 4,
                "diversity": 166.22587518650536
            },
            {
                "best": {
                    "class_name": "warrior",
                    "performance": 31.62477464109715
                },
                "mean": 19.087764479607777,
                "generation": 5,
                "diversity": 142.6202075870933
            },
            {
                "best": {
                    "class_name": "warrior",
                    "performance": 35.493586112455205
                },
                "mean": 19.673962648530114,
                "generation": 6,
                "diversity": 179.01627574531483
            },
            {
                "best": {
                    "class_name": "warrior",
                    "performance": 39.13964023766988
                },
                "mean": 21.302492582265742,
                "generation": 7,
                "diversity": 166.31143586841844
            },
            {
                "best": {
                    "class_name": "warrior",
                    "performance": 34.18236988800407
                },
                "mean": 22.13949579613729,
                "generation": 8,
                "diversity": 143.48049556928467
            },
            {
                "best": {
                    "class_name": "warrior",
                    "performance": 39.08993845802916
                },
                "mean": 23.20717529903473,
                "generation": 9,
                "diversity": 123.49744481240532
            },
            {
                "best": {
                    "class_name": "warrior",
                    "performance": 37.67532748867535
                },
                "mean": 23.568158360659382,
                "generation": 10,
                "diversity": 123.76106361066441
            },
            {
                "best": {
                    "class_name": "warrior",
                    "performance": 37.67532748867535
                },
                "mean": 24.090223127819588,
                "generation": 11,
                "diversity": 140.06602198651063
            },
            {
                "best": {
                    "class_name": "warrior",
                    "performance": 37.17166606712449
                },
                "mean": 25.78802013667246,
                "generation": 12,
                "diversity": 123.2980131682574
            },
            {
                "best": {
                    "class_name": "warrior",
                    "performance": 38.51847279644741
                },
                "mean": 26.846070784045978,
                "generation": 13,
                "diversity": 121.79194702785747
            },
            {
                "best": {
                    "class_name": "warrior",
                    "performance": 37.7567298507169
                },
                "mean": 26.819845413543703,
                "generation": 14,
                "diversity": 134.2132181776291
            },
            {
                "best": {
                    "class_name": "warrior",
                    "performance": 38.7142328588722
                },
                "mean": 27.734902026100844,
                "generation": 15,
                "diversity": 132.70108180889198
            },
            {
                "best": {
                    "class_name": "warrior",
                    "performance": 40.70837501496603
                },
                "mean": 29.175115958526654,
                "generation": 16,
                "diversity": 121.38373247316396
            },
            {
                "best": {
                    "class_name": "warrior",
                    "performance": 40.46179863805089
                },
                "mean": 29.39093065720823,
                "generation": 17,
                "diversity": 120.05318996107526
            },
            {
                "best": {
                    "class_name": "warrior",
                    "performance": 41.2374009544558
                },
                "mean": 29.830975751469506,
                "generation": 18,
                "diversity": 123.86848216972618
            },
            {
                "best": {
                    "class_name": "warrior",
                    "performance": 41.09950267213157
                },
                "mean": 30.64207401613132,
                "generation": 19,
                "diversity": 110.8265822009032
            },
            {
                "best": {
                    "class_name": "warrior",
                    "performance": 40.60997725203319
                },
                "mean": 31.144862800844624,
                "generation": 20,
                "diversity": 106.18976788796313
            },
            {
                "best": {
                    "class_name": "warrior",
                    "performance": 40.97948889364816
                },
                "mean": 32.0205802513276,
                "generation": 21,
                "diversity": 93.74325435878443
            },
            {
                "best": {
                    "class_name": "warrior",
                    "performance": 41.026369939263624
                },
                "mean": 31.649995621806852,
                "generation": 22,
                "diversity": 95.58169779705605
            },
            {
                "best": {
                    "class_name": "warrior",
                    "performance": 38.9510470058916
                },
                "mean": 31.717109741726674,
                "generation": 23,
                "diversity": 93.03990149837881
            },
            {
                "best": {
                    "class_name": "warrior",
                    "performance": 40.18818101387697
                },
                "mean": 31.554211178296832,
                "generation": 24,
                "diversity": 104.2016993263678
            },
            {
                "best": {
                    "class_name": "warrior",
                    "performance": 40.708638166999734
                },
                "mean": 31.49400895311307,
                "generation": 25,
                "diversity": 109.71213260056714
            },
            {
                "best": {
                    "class_name": "warrior",
                    "performance": 40.52681130569311
                },
                "mean": 32.07558350094814,
                "generation": 26,
                "diversity": 114.19391302981255
            },
            {
                "best": {
                    "class_name": "warrior",
                    "performance": 40.75874671809895
                },
                "mean": 32.49878938256089,
                "generation": 27,
                "diversity": 96.60313746038601
            },
            {
                "best": {
                    "class_name": "warrior",
                    "performance": 40.790105467867726
                },
                "mean": 32.960611276934465,
                "generation": 28,
                "diversity": 81.59540684092921
            },
            {
                "best": {
                    "class_name": "warrior",
                    "performance": 40.64289096863708
                },
                "mean": 33.5013372024155,
                "generation": 29,
                "diversity": 70.71502132513625
            },
            {
                "best": {
                    "class_name": "warrior",
                    "performance": 40.92538251410734
                },
                "mean": 33.170665257877104,
                "generation": 30,
                "diversity": 80.97094873787329
            },
            {
                "best": {
                    "class_name": "warrior",
                    "performance": 40.938616359773604
                },
                "mean": 33.66889077452344,
                "generation": 31,
                "diversity": 82.38406709306692
            },
            {
                "best": {
                    "class_name": "warrior",
                    "performance": 40.994869148741394
                },
                "mean": 33.964811358028896,
                "generation": 32,
                "diversity": 81.4225676740468
            },
            {
                "best": {
                    "class_name": "warrior",
                    "performance": 41.07941295692353
                },
                "mean": 33.98542834281568,
                "generation": 33,
                "diversity": 82.26474319126412
            },
            {
                "best": {
                    "class_name": "warrior",
                    "performance": 41.020341232501664
                },
                "mean": 34.15173050907365,
                "generation": 34,
                "diversity": 66.56949978468167
            },
            {
                "best": {
                    "class_name": "warrior",
                    "performance": 41.23205085477873
                },
                "mean": 33.67025340995539,
                "generation": 35,
                "diversity": 70.33598186541253
            },
            {
                "best": {
                    "class_name": "warrior",
                    "performance": 41.144208294681505
                },
                "mean": 33.80570677719858,
                "generation": 36,
                "diversity": 73.71488686212045
            },
            {
                "best": {
                    "class_name": "warrior",
                    "performance": 41.09288179641847
                },
                "mean": 33.862864194121876,
                "generation": 37,
                "diversity": 65.34348324772647
            },
            {
                "best": {
                    "class_name": "warrior",
                    "performance": 40.76103375093644
                },
                "mean": 33.83160646514675,
                "generation": 38,
                "diversity": 71.06484115474821
            }
        ]
    },
    "config": {
        "population_size": 300,
        "population_to_keep": 225,
        "class_name": "warrior",
        "selection_config_a": {
            "selection_type": "elite",
            "population_to_keep": 90,
            "tournament_size": 50,
            "threshold": 0.75,
            "initial_temperature": 30,
            "temperature_decay": 0.6,
            "min_temperature": 5
        },
        "selection_config_b": {
            "selection_type": "ranking",
            "population_to_keep": 135,
            "tournament_size": 50,
            "threshold": 0.75,
            "initial_temperature": 30,
            "temperature_decay": 0.6,
            "min_temperature": 5
        },
        "selection_config_rate": 0.4,
        "crossover_config": {
            "method": "uniform"
        },
        "mutation_config": {
            "mutation_type": "multi_gen",
            "mutation_rate": 0.3,
            "delta_mutation": 30
        },
        "replacement_config_a": {
            "type": "traditional",
            "quantity": 68,
            "gen_gap": 0.5
        },
        "replacement_config_b": {
            "type": "young_bias",
            "quantity": 157,
            "gen_gap": 0.5
        },
        "replacement_config_rate": 0.3,
        "end_condition_config": {
            "type": "content",
            "generations_to_check": 20,
            "generations": 500,
            "optimum_value": 61.5,
            "tolerance": 0.1,
            "structure_tolerance": 0.01,
            "structure_relevant_proportion": 0.98
        }
    }
}