{
    "results": {
        "best": {
            "solution": {
                "class_name": "warrior",
                "variables": {
                    "strength": 74.66584857241556,
                    "agility": 75.33415142758443,
                    "expertise": 0.0,
                    "resistance": 0.0,
                    "life": 0.0,
                    "height": 1.9200000000000002
                },
                "performance": 41.24358448043908
            },
            "generation": 47
        },
        "last_iterations": [
            {
                "best": {
                    "class_name": "warrior",
                    "performance": 32.52472127418803
                },
                "mean": 15.421747172536262,
                "generation": 0,
                "diversity": 246.77161663477088
            },
            {
                "best": {
                    "class_name": "warrior",
                    "performance": 32.367946589120585
                },
                "mean": 15.818323694042409,
                "generation": 1,
                "diversity": 247.87005121351626
            },
            {
                "best": {
                    "class_name": "warrior",
                    "performance": 32.612536669421566
                },
                "mean": 16.10345681428925,
                "generation": 2,
                "diversity": 247.0119899002907
            },
            {
                "best": {
                    "class_name": "warrior",
                    "performance": 31.84544864686483
                },
                "mean": 16.795604293774723,
                "generation": 3,
                "diversity": 241.57070599816612
            },
            {
                "best": {
                    "class_name": "warrior",
                    "performance": 30.50062447884566
                },
                "mean": 17.37651352384116,
                "generation": 4,
                "diversity": 224.27274419699154
            },
            {
                "best": {
                    "class_name": "warrior",
                    "performance": 39.22954072690188
                },
                "mean": 18.35377814994358,
                "generation": 5,
                "diversity": 220.11163640376844
            },
            {
                "best": {
                    "class_name": "warrior",
                    "performance": 39.15108432579149
                },
                "mean": 19.943948576916984,
                "generation": 6,
                "diversity": 195.30665960996507
            },
            {
                "best": {
                    "class_name": "warrior",
                    "performance": 38.728187227496804
                },
                "mean": 20.841141976138346,
                "generation": 7,
                "diversity": 180.80143856494556
            },
            {
                "best": {
                    "class_name": "warrior",
                    "performance": 37.66286929911515
                },
                "mean": 21.932076717909222,
                "generation": 8,
                "diversity": 175.6679199013465
            },
            {
                "best": {
                    "class_name": "warrior",
                    "performance": 40.39504525441539
                },
                "mean": 23.709724572249787,
                "generation": 9,
                "diversity": 155.5654294573555
            },
            {
                "best": {
                    "class_name": "warrior",
                    "performance": 38.700785761045296
                },
                "mean": 24.51738946381516,
                "generation": 10,
                "diversity": 154.50151229165644
            },
            {
                "best": {
                    "class_name": "warrior",
                    "performance": 39.396007159876206
                },
                "mean": 25.364003742638857,
                "generation": 11,
                "diversity": 143.6918326886212
            },
            {
                "best": {
                    "class_name": "warrior",
                    "performance": 38.771744829743625
                },
                "mean": 26.100640756912945,
                "generation": 12,
                "diversity": 133.9572762852312
            },
            {
                "best": {
                    "class_name": "warrior",
                    "performance": 38.97509171862884
                },
                "mean": 27.243491672290673,
                "generation": 13,
                "diversity": 128.05867436780974
            },
            {
                "best": {
                    "class_name": "warrior",
                    "performance": 38.75119091648105
                },
                "mean": 28.438791243414272,
                "generation": 14,
                "diversity": 110.0114835913141
            },
            {
                "best": {
                    "class_name": "warrior",
                    "performance": 41.062421429087955
                },
                "mean": 29.413799609507436,
                "generation": 15,
                "diversity": 108.69534730394224
            },
            {
                "best": {
                    "class_name": "warrior",
                    "performance": 40.77755336025635
                },
                "mean": 29.87932420527353,
                "generation": 16,
                "diversity": 111.21015379044842
            },
            {
                "best": {
                    "class_name": "warrior",
                    "performance": 40.93095482002318
                },
                "mean": 30.55587994273489,
                "generation": 17,
                "diversity": 112.24085620244125
            },
            {
                "best": {
                    "class_name": "warrior",
                    "performance": 40.93095482002318
                },
                "mean": 30.631220142185565,
                "generation": 18,
                "diversity": 113.13574399246666
            },
            {
                "best": {
                    "class_name": "warrior",
                    "performance": 40.861396280877244
                },
                "mean": 30.795772161603256,
                "generation": 19,
                "diversity": 106.53080550241155
            },
            {
                "best": {
                    "class_name": "warrior",
                    "performance": 40.731502419567875
                },
                "mean": 30.775494534281684,
                "generation": 20,
                "diversity": 104.29338238718356
            },
            {
                "best": {
                    "class_name": "warrior",
                    "performance": 40.96495375126184
                },
                "mean": 31.583202068166205,
                "generation": 21,
                "diversity": 100.19681842449319
            },
            {
                "best": {
                    "class_name": "warrior",
                    "performance": 41.14185424846671
                },
                "mean": 31.378239626263486,
                "generation": 22,
                "diversity": 94.55628380361014
            },
            {
                "best": {
                    "class_name": "warrior",
                    "performance": 41.0566479044574
                },
                "mean": 31.764260805202696,
                "generation": 23,
                "diversity": 86.54309590127912
            },
            {
                "best": {
                    "class_name": "warrior",
                    "performance": 41.073051054867136
                },
                "mean": 32.435843534425715,
                "generation": 24,
                "diversity": 83.05126336816896
            },
            {
                "best": {
                    "class_name": "warrior",
                    "performance": 41.121690862386664
                },
                "mean": 32.578308032857535,
                "generation": 25,
                "diversity": 85.5509874114053
            },
            {
                "best": {
                    "class_name": "warrior",
                    "performance": 40.94608129099087
                },
                "mean": 32.62068273704337,
                "generation": 26,
                "diversity": 86.86604768833587
            },
            {
                "best": {
                    "class_name": "warrior",
                    "performance": 40.828900968261955
                },
                "mean": 32.48357534917697,
                "generation": 27,
                "diversity": 89.43446744639083
            },
            {
                "best": {
                    "class_name": "warrior",
                    "performance": 41.17417976320403
                },
                "mean": 33.0366272524206,
                "generation": 28,
                "diversity": 80.65127564814064
            },
            {
                "best": {
                    "class_name": "warrior",
                    "performance": 40.66913453639442
                },
                "mean": 33.25366749716234,
                "generation": 29,
                "diversity": 82.66121194448421
            },
            {
                "best": {
                    "class_name": "warrior",
                    "performance": 41.237858223276774
                },
                "mean": 33.42280043176848,
                "generation": 30,
                "diversity": 80.86242671283634
            },
            {
                "best": {
                    "class_name": "warrior",
                    "performance": 41.205282893698396
                },
                "mean": 33.282414469012046,
                "generation": 31,
                "diversity": 77.32523812013399
            },
            {
                "best": {
                    "class_name": "warrior",
                    "performance": 41.215013816570846
                },
                "mean": 33.519707241345046,
                "generation": 32,
                "diversity": 75.14064177027865
            },
            {
                "best": {
                    "class_name": "warrior",
                    "performance": 40.58425317564096
                },
                "mean": 33.569719248815176,
                "generation": 33,
                "diversity": 76.57780011149005
            },
            {
                "best": {
                    "class_name": "warrior",
                    "performance": 41.20641013214191
                },
                "mean": 33.45890022746202,
                "generation": 34,
                "diversity": 70.48701816408858
            },
            {
                "best": {
                    "class_name": "warrior",
                    "performance": 41.24292246485176
                },
                "mean": 33.59635782856312,
                "generation": 35,
                "diversity": 71.29582695998926
            },
            {
                "best": {
                    "class_name": "warrior",
                    "performance": 41.025616051898346
                },
                "mean": 33.68864775557082,
                "generation": 36,
                "diversity": 73.31660978837449
            },
            {
                "best": {
                    "class_name": "warrior",
                    "performance": 41.131580557383764
                },
                "mean": 33.82690625895203,
                "generation": 37,
                "diversity": 76.38273911004788
            },
            {
                "best": {
                    "class_name": "warrior",
                    "performance": 41.16686988324336
                },
                "mean": 33.700694835789825,
                "generation": 38,
                "diversity": 77.16738233628952
            },
            {
                "best": {
                    "class_name": "warrior",
                    "performance": 41.24158494666808
                },
                "mean": 33.93375979097811,
                "generation": 39,
                "diversity": 79.54923955015029
            },
            {
                "best": {
                    "class_name": "warrior",
                    "performance": 41.23671233777225
                },
                "mean": 33.481087876840554,
                "generation": 40,
                "diversity": 85.56987741930033
            },
            {
                "best": {
                    "class_name": "warrior",
                    "performance": 41.229640117421376
                },
                "mean": 33.78918337355081,
                "generation": 41,
                "diversity": 86.88599811262594
            },
            {
                "best": {
                    "class_name": "warrior",
                    "performance": 41.10043686220875
                },
                "mean": 33.73234925120133,
                "generation": 42,
                "diversity": 86.5577913341546
            },
            {
                "best": {
                    "class_name": "warrior",
                    "performance": 41.099474845361335
                },
                "mean": 34.33941212540546,
                "generation": 43,
                "diversity": 77.76144108124082
            },
            {
                "best": {
                    "class_name": "warrior",
                    "performance": 41.13807724958648
                },
                "mean": 34.11356679865901,
                "generation": 44,
                "diversity": 68.2365563173689
            },
            {
                "best": {
                    "class_name": "warrior",
                    "performance": 41.116224882593876
                },
                "mean": 34.37846893129528,
                "generation": 45,
                "diversity": 60.345089909699794
            },
            {
                "best": {
                    "class_name": "warrior",
                    "performance": 41.116224882593876
                },
                "mean": 34.64450501549398,
                "generation": 46,
                "diversity": 56.534997939905246
            },
            {
                "best": {
                    "class_name": "warrior",
                    "performance": 41.24358448043908
                },
                "mean": 34.07539948880366,
                "generation": 47,
                "diversity": 59.68930528287509
            },
            {
                "best": {
                    "class_name": "warrior",
                    "performance": 41.134192110927046
                },
                "mean": 34.07126626291398,
                "generation": 48,
                "diversity": 61.11952185973846
            },
            {
                "best": {
                    "class_name": "warrior",
                    "performance": 41.036914663459584
                },
                "mean": 34.14792586255391,
                "generation": 49,
                "diversity": 60.96672753504668
            },
            {
                "best": {
                    "class_name": "warrior",
                    "performance": 41.239901131181526
                },
                "mean": 34.14824374260502,
                "generation": 50,
                "diversity": 63.05440318056346
            }
        ]
    },
    "config": {
        "population_size": 500,
        "population_to_keep": 375,
        "class_name": "warrior",
        "selection_config_a": {
            "selection_type": "elite",
            "population_to_keep": 150,
            "tournament_size": 50,
            "threshold": 0.75,
            "initial_temperature": 30,
            "temperature_decay": 0.6,
            "min_temperature": 5
        },
        "selection_config_b": {
            "selection_type": "ranking",
            "population_to_keep": 225,
            "tournament_size": 50,
            "threshold": 0.75,
            "initial_temperature": 30,
            "temperature_decay": 0.6,
            "min_temperature": 5
        },
        "selection_config_rate": 0.4,
        "crossover_config": {
            "method": "uniform"
        },
        "mutation_config": {
            "mutation_type": "multi_gen",
            "mutation_rate": 0.3,
            "delta_mutation": 30
        },
        "replacement_config_a": {
            "type": "traditional",
            "quantity": 112,
            "gen_gap": 0.5
        },
        "replacement_config_b": {
            "type": "young_bias",
            "quantity": 263,
            "gen_gap": 0.5
        },
        "replacement_config_rate": 0.3,
        "end_condition_config": {
            "type": "content",
            "generations_to_check": 20,
            "generations": 500,
            "optimum_value": 61.5,
            "tolerance": 0.1,
            "structure_tolerance": 0.01,
            "structure_relevant_proportion": 0.98
        }
    }
}