{
    "results": {
        "best": {
            "solution": {
                "class_name": "warrior",
                "variables": {
                    "strength": 74.74392277564841,
                    "agility": 74.26269974090788,
                    "expertise": 0.9933774834437086,
                    "resistance": 0.0,
                    "life": 0.0,
                    "height": 1.92
                },
                "performance": 41.24498878650408
            },
            "generation": 45
        },
        "last_iterations": [
            {
                "best": {
                    "class_name": "warrior",
                    "performance": 28.46307246182268
                },
                "mean": 15.851756667760723,
                "generation": 1,
                "diversity": 255.63672122776947
            },
            {
                "best": {
                    "class_name": "warrior",
                    "performance": 32.45152491597499
                },
                "mean": 16.328559986820935,
                "generation": 2,
                "diversity": 230.9198725415985
            },
            {
                "best": {
                    "class_name": "warrior",
                    "performance": 33.88213676479999
                },
                "mean": 16.72037441259903,
                "generation": 3,
                "diversity": 213.95441452919545
            },
            {
                "best": {
                    "class_name": "warrior",
                    "performance": 32.45152491597499
                },
                "mean": 17.521667002979115,
                "generation": 4,
                "diversity": 190.45475159218992
            },
            {
                "best": {
                    "class_name": "warrior",
                    "performance": 35.430244670544525
                },
                "mean": 19.004965122039696,
                "generation": 5,
                "diversity": 154.10592846045793
            },
            {
                "best": {
                    "class_name": "warrior",
                    "performance": 34.45139632049732
                },
                "mean": 20.039140448084403,
                "generation": 6,
                "diversity": 146.09816991471425
            },
            {
                "best": {
                    "class_name": "warrior",
                    "performance": 34.45139632049732
                },
                "mean": 20.71184105666881,
                "generation": 7,
                "diversity": 140.81267725691697
            },
            {
                "best": {
                    "class_name": "warrior",
                    "performance": 34.45139632049732
                },
                "mean": 22.41411185428461,
                "generation": 8,
                "diversity": 133.34432552776903
            },
            {
                "best": {
                    "class_name": "warrior",
                    "performance": 37.834476455420905
                },
                "mean": 23.680773438034045,
                "generation": 9,
                "diversity": 129.77157273287494
            },
            {
                "best": {
                    "class_name": "warrior",
                    "performance": 40.32684887335883
                },
                "mean": 24.556147924195525,
                "generation": 10,
                "diversity": 123.27441536927768
            },
            {
                "best": {
                    "class_name": "warrior",
                    "performance": 40.32684887335883
                },
                "mean": 25.32941639769007,
                "generation": 11,
                "diversity": 114.96459542966691
            },
            {
                "best": {
                    "class_name": "warrior",
                    "performance": 38.47357461212248
                },
                "mean": 26.081050529689033,
                "generation": 12,
                "diversity": 104.28854809323191
            },
            {
                "best": {
                    "class_name": "warrior",
                    "performance": 38.93078753170661
                },
                "mean": 26.854886655965974,
                "generation": 13,
                "diversity": 100.93494699597424
            },
            {
                "best": {
                    "class_name": "warrior",
                    "performance": 39.168786547061714
                },
                "mean": 28.14326762262289,
                "generation": 14,
                "diversity": 88.2125194565204
            },
            {
                "best": {
                    "class_name": "warrior",
                    "performance": 39.168786547061714
                },
                "mean": 28.697648325752308,
                "generation": 15,
                "diversity": 74.6489018647182
            },
            {
                "best": {
                    "class_name": "warrior",
                    "performance": 41.12986550582226
                },
                "mean": 29.193512347286738,
                "generation": 16,
                "diversity": 68.71403367489476
            },
            {
                "best": {
                    "class_name": "warrior",
                    "performance": 39.66294941256455
                },
                "mean": 30.299128611915936,
                "generation": 17,
                "diversity": 66.48844606690302
            },
            {
                "best": {
                    "class_name": "warrior",
                    "performance": 40.51522584899612
                },
                "mean": 31.1780059108448,
                "generation": 18,
                "diversity": 61.956313151082476
            },
            {
                "best": {
                    "class_name": "warrior",
                    "performance": 40.4450981623996
                },
                "mean": 32.009250475338995,
                "generation": 19,
                "diversity": 58.65110395148185
            },
            {
                "best": {
                    "class_name": "warrior",
                    "performance": 39.88646966173465
                },
                "mean": 32.78049587827792,
                "generation": 20,
                "diversity": 57.72889861103301
            },
            {
                "best": {
                    "class_name": "warrior",
                    "performance": 40.56843679202067
                },
                "mean": 33.186178937821595,
                "generation": 21,
                "diversity": 56.472133592288976
            },
            {
                "best": {
                    "class_name": "warrior",
                    "performance": 40.19287971648059
                },
                "mean": 34.003865436006265,
                "generation": 22,
                "diversity": 57.19183480649276
            },
            {
                "best": {
                    "class_name": "warrior",
                    "performance": 40.544764895615565
                },
                "mean": 34.11103563178366,
                "generation": 23,
                "diversity": 53.37412311635615
            },
            {
                "best": {
                    "class_name": "warrior",
                    "performance": 40.88014571097505
                },
                "mean": 34.53714916628467,
                "generation": 24,
                "diversity": 53.85969141458008
            },
            {
                "best": {
                    "class_name": "warrior",
                    "performance": 40.952045454158466
                },
                "mean": 35.09880074723529,
                "generation": 25,
                "diversity": 51.360928515732205
            },
            {
                "best": {
                    "class_name": "warrior",
                    "performance": 40.594943989089195
                },
                "mean": 35.520307230374414,
                "generation": 26,
                "diversity": 48.41849742955756
            },
            {
                "best": {
                    "class_name": "warrior",
                    "performance": 41.01766889507124
                },
                "mean": 36.25511438552215,
                "generation": 27,
                "diversity": 46.52973743672545
            },
            {
                "best": {
                    "class_name": "warrior",
                    "performance": 40.9404748835643
                },
                "mean": 36.05288761508378,
                "generation": 28,
                "diversity": 48.81827673265091
            },
            {
                "best": {
                    "class_name": "warrior",
                    "performance": 40.83249535552903
                },
                "mean": 36.178117197102324,
                "generation": 29,
                "diversity": 45.620605708247034
            },
            {
                "best": {
                    "class_name": "warrior",
                    "performance": 40.959604983713504
                },
                "mean": 36.64234814339997,
                "generation": 30,
                "diversity": 39.99696634396236
            },
            {
                "best": {
                    "class_name": "warrior",
                    "performance": 41.235323204809625
                },
                "mean": 36.84265224563706,
                "generation": 31,
                "diversity": 40.24120349264762
            },
            {
                "best": {
                    "class_name": "warrior",
                    "performance": 40.923183750662155
                },
                "mean": 37.063304335718335,
                "generation": 32,
                "diversity": 39.79461628794978
            },
            {
                "best": {
                    "class_name": "warrior",
                    "performance": 40.94286124715395
                },
                "mean": 37.068788891929316,
                "generation": 33,
                "diversity": 39.70926982378129
            },
            {
                "best": {
                    "class_name": "warrior",
                    "performance": 40.93293390321807
                },
                "mean": 37.06838980087042,
                "generation": 34,
                "diversity": 38.551938377401875
            },
            {
                "best": {
                    "class_name": "warrior",
                    "performance": 40.905167864671846
                },
                "mean": 37.315833709037435,
                "generation": 35,
                "diversity": 34.89525509723811
            },
            {
                "best": {
                    "class_name": "warrior",
                    "performance": 41.23671138601896
                },
                "mean": 37.49338190123034,
                "generation": 36,
                "diversity": 34.532601873717226
            },
            {
                "best": {
                    "class_name": "warrior",
                    "performance": 41.21274440560303
                },
                "mean": 37.61675091583851,
                "generation": 37,
                "diversity": 33.40295908084945
            },
            {
                "best": {
                    "class_name": "warrior",
                    "performance": 41.11644058945923
                },
                "mean": 37.67041239697934,
                "generation": 38,
                "diversity": 32.45663889665902
            },
            {
                "best": {
                    "class_name": "warrior",
                    "performance": 41.09632334677308
                },
                "mean": 37.74099413467643,
                "generation": 39,
                "diversity": 32.239006340268936
            },
            {
                "best": {
                    "class_name": "warrior",
                    "performance": 41.113725616133145
                },
                "mean": 37.89295392702651,
                "generation": 40,
                "diversity": 33.19284389017486
            },
            {
                "best": {
                    "class_name": "warrior",
                    "performance": 41.056733319486405
                },
                "mean": 37.97911612015527,
                "generation": 41,
                "diversity": 31.73656010977224
            },
            {
                "best": {
                    "class_name": "warrior",
                    "performance": 41.22366513051698
                },
                "mean": 37.84013250989084,
                "generation": 42,
                "diversity": 32.68157192021811
            },
            {
                "best": {
                    "class_name": "warrior",
                    "performance": 41.22366513051698
                },
                "mean": 37.99568106384247,
                "generation": 43,
                "diversity": 34.796804258587954
            },
            {
                "best": {
                    "class_name": "warrior",
                    "performance": 41.2139834001317
                },
                "mean": 37.64985664794494,
                "generation": 44,
                "diversity": 32.41388531369613
            },
            {
                "best": {
                    "class_name": "warrior",
                    "performance": 41.24498878650408
                },
                "mean": 37.495295787487485,
                "generation": 45,
                "diversity": 34.33322061065831
            },
            {
                "best": {
                    "class_name": "warrior",
                    "performance": 41.182425214261464
                },
                "mean": 37.466426121353294,
                "generation": 46,
                "diversity": 33.160282840327106
            },
            {
                "best": {
                    "class_name": "warrior",
                    "performance": 41.10578931315351
                },
                "mean": 37.42155906556822,
                "generation": 47,
                "diversity": 32.22391361120109
            },
            {
                "best": {
                    "class_name": "warrior",
                    "performance": 41.242920166212784
                },
                "mean": 37.3263685795458,
                "generation": 48,
                "diversity": 34.75033722911774
            },
            {
                "best": {
                    "class_name": "warrior",
                    "performance": 41.22744272780432
                },
                "mean": 38.009952034093004,
                "generation": 49,
                "diversity": 31.788868061511025
            },
            {
                "best": {
                    "class_name": "warrior",
                    "performance": 41.235741551094655
                },
                "mean": 38.13882980239811,
                "generation": 50,
                "diversity": 30.837287284509216
            },
            {
                "best": {
                    "class_name": "warrior",
                    "performance": 41.24278607795344
                },
                "mean": 38.1875877975688,
                "generation": 51,
                "diversity": 30.543686163929404
            }
        ]
    },
    "config": {
        "population_size": 800,
        "population_to_keep": 400,
        "class_name": "warrior",
        "selection_config_a": {
            "selection_type": "elite",
            "population_to_keep": 200,
            "tournament_size": 50,
            "threshold": 0.75,
            "initial_temperature": 30,
            "temperature_decay": 0.6,
            "min_temperature": 5
        },
        "selection_config_b": {
            "selection_type": "roulette",
            "population_to_keep": 200,
            "tournament_size": 50,
            "threshold": 0.75,
            "initial_temperature": 30,
            "temperature_decay": 0.6,
            "min_temperature": 5
        },
        "selection_config_rate": 0.5,
        "crossover_config": {
            "method": "uniform"
        },
        "mutation_config": {
            "mutation_type": "multi_gen",
            "mutation_rate": 0.2,
            "delta_mutation": 15
        },
        "replacement_config_a": {
            "type": "traditional",
            "quantity": 200,
            "gen_gap": 0.5
        },
        "replacement_config_b": {
            "type": "young_bias",
            "quantity": 200,
            "gen_gap": 0.5
        },
        "replacement_config_rate": 0.5,
        "end_condition_config": {
            "type": "content",
            "generations_to_check": 20,
            "generations": 500,
            "optimum_value": 61.5,
            "tolerance": 0.1,
            "structure_tolerance": 0.01,
            "structure_relevant_proportion": 0.98
        }
    }
}