{
    "results": {
        "best": {
            "solution": {
                "class_name": "warrior",
                "variables": {
                    "strength": 73.89960043247251,
                    "agility": 74.3478382299248,
                    "expertise": 1.7525613376026863,
                    "resistance": 0.0,
                    "life": 0.0,
                    "height": 1.9100000000000001
                },
                "performance": 41.23839195971209
            },
            "generation": 37
        },
        "last_iterations": [
            {
                "best": {
                    "class_name": "warrior",
                    "performance": 29.95244662879043
                },
                "mean": 15.925230471350412,
                "generation": 1,
                "diversity": 265.8707963479712
            },
            {
                "best": {
                    "class_name": "warrior",
                    "performance": 29.82283850071979
                },
                "mean": 16.789615559318708,
                "generation": 2,
                "diversity": 245.0765439709386
            },
            {
                "best": {
                    "class_name": "warrior",
                    "performance": 28.52565823096463
                },
                "mean": 17.2584980186511,
                "generation": 3,
                "diversity": 204.41258776642087
            },
            {
                "best": {
                    "class_name": "warrior",
                    "performance": 28.52565823096463
                },
                "mean": 17.86990333395621,
                "generation": 4,
                "diversity": 186.53395282894357
            },
            {
                "best": {
                    "class_name": "warrior",
                    "performance": 28.75620185815118
                },
                "mean": 18.993006865319654,
                "generation": 5,
                "diversity": 147.67883365866342
            },
            {
                "best": {
                    "class_name": "warrior",
                    "performance": 36.41690604543446
                },
                "mean": 20.120833109875274,
                "generation": 6,
                "diversity": 126.9556620825327
            },
            {
                "best": {
                    "class_name": "warrior",
                    "performance": 36.41690604543446
                },
                "mean": 21.11250410672965,
                "generation": 7,
                "diversity": 125.85692074105687
            },
            {
                "best": {
                    "class_name": "warrior",
                    "performance": 33.4844545980808
                },
                "mean": 21.80739041173396,
                "generation": 8,
                "diversity": 116.83446933541764
            },
            {
                "best": {
                    "class_name": "warrior",
                    "performance": 33.46464429924515
                },
                "mean": 22.809467390856817,
                "generation": 9,
                "diversity": 104.12857219142933
            },
            {
                "best": {
                    "class_name": "warrior",
                    "performance": 34.21906327542882
                },
                "mean": 23.218625717309212,
                "generation": 10,
                "diversity": 97.08324210355285
            },
            {
                "best": {
                    "class_name": "warrior",
                    "performance": 34.704206945047396
                },
                "mean": 24.40478935546048,
                "generation": 11,
                "diversity": 85.13253338341036
            },
            {
                "best": {
                    "class_name": "warrior",
                    "performance": 35.349755101364906
                },
                "mean": 25.282935136332483,
                "generation": 12,
                "diversity": 79.26156437862299
            },
            {
                "best": {
                    "class_name": "warrior",
                    "performance": 35.349755101364906
                },
                "mean": 26.34601964275507,
                "generation": 13,
                "diversity": 67.9640858965043
            },
            {
                "best": {
                    "class_name": "warrior",
                    "performance": 37.13579340675085
                },
                "mean": 26.470546868953956,
                "generation": 14,
                "diversity": 64.99349812431619
            },
            {
                "best": {
                    "class_name": "warrior",
                    "performance": 38.19732660912065
                },
                "mean": 28.201798484447547,
                "generation": 15,
                "diversity": 62.461002118751075
            },
            {
                "best": {
                    "class_name": "warrior",
                    "performance": 38.19732660912065
                },
                "mean": 29.678019419678762,
                "generation": 16,
                "diversity": 59.83663152217634
            },
            {
                "best": {
                    "class_name": "warrior",
                    "performance": 38.19732660912065
                },
                "mean": 30.206211055656205,
                "generation": 17,
                "diversity": 55.7912999770285
            },
            {
                "best": {
                    "class_name": "warrior",
                    "performance": 39.11154895685269
                },
                "mean": 30.853870961275934,
                "generation": 18,
                "diversity": 57.657488036690715
            },
            {
                "best": {
                    "class_name": "warrior",
                    "performance": 39.47184121490988
                },
                "mean": 31.87184952649563,
                "generation": 19,
                "diversity": 48.606924977946754
            },
            {
                "best": {
                    "class_name": "warrior",
                    "performance": 40.35565180002546
                },
                "mean": 32.80139549106567,
                "generation": 20,
                "diversity": 45.02316282393795
            },
            {
                "best": {
                    "class_name": "warrior",
                    "performance": 39.80759174394103
                },
                "mean": 33.06713972708425,
                "generation": 21,
                "diversity": 41.681690242828616
            },
            {
                "best": {
                    "class_name": "warrior",
                    "performance": 39.94378348684999
                },
                "mean": 33.38907559607697,
                "generation": 22,
                "diversity": 43.587525291293446
            },
            {
                "best": {
                    "class_name": "warrior",
                    "performance": 40.4182847589297
                },
                "mean": 34.222419720501186,
                "generation": 23,
                "diversity": 47.677200607990066
            },
            {
                "best": {
                    "class_name": "warrior",
                    "performance": 39.94306253384359
                },
                "mean": 34.98472240589406,
                "generation": 24,
                "diversity": 44.59009146823971
            },
            {
                "best": {
                    "class_name": "warrior",
                    "performance": 40.28387256489233
                },
                "mean": 35.69637606624158,
                "generation": 25,
                "diversity": 41.95773292121265
            },
            {
                "best": {
                    "class_name": "warrior",
                    "performance": 40.53590960703493
                },
                "mean": 35.899266292281034,
                "generation": 26,
                "diversity": 43.90705688547885
            },
            {
                "best": {
                    "class_name": "warrior",
                    "performance": 41.23507629790211
                },
                "mean": 36.445721539419694,
                "generation": 27,
                "diversity": 48.84564487084978
            },
            {
                "best": {
                    "class_name": "warrior",
                    "performance": 41.23507629790212
                },
                "mean": 36.498385096603585,
                "generation": 28,
                "diversity": 48.739638415797096
            },
            {
                "best": {
                    "class_name": "warrior",
                    "performance": 41.187727822636646
                },
                "mean": 36.578734054879185,
                "generation": 29,
                "diversity": 55.20167502118996
            },
            {
                "best": {
                    "class_name": "warrior",
                    "performance": 41.1958620372342
                },
                "mean": 37.14917046549318,
                "generation": 30,
                "diversity": 51.32078958714262
            },
            {
                "best": {
                    "class_name": "warrior",
                    "performance": 41.1958620372342
                },
                "mean": 37.43044849861072,
                "generation": 31,
                "diversity": 45.59053275979384
            },
            {
                "best": {
                    "class_name": "warrior",
                    "performance": 40.881219967510305
                },
                "mean": 37.89907780071479,
                "generation": 32,
                "diversity": 51.972281757479585
            },
            {
                "best": {
                    "class_name": "warrior",
                    "performance": 41.14121161287117
                },
                "mean": 37.73320712958257,
                "generation": 33,
                "diversity": 51.439085776037984
            },
            {
                "best": {
                    "class_name": "warrior",
                    "performance": 41.14121161287117
                },
                "mean": 37.72802999639021,
                "generation": 34,
                "diversity": 46.26576997424934
            },
            {
                "best": {
                    "class_name": "warrior",
                    "performance": 41.14366848385988
                },
                "mean": 37.97164714524545,
                "generation": 35,
                "diversity": 37.01264694350734
            },
            {
                "best": {
                    "class_name": "warrior",
                    "performance": 41.124168345865606
                },
                "mean": 37.69241436537804,
                "generation": 36,
                "diversity": 39.5684056355423
            },
            {
                "best": {
                    "class_name": "warrior",
                    "performance": 41.23839195971209
                },
                "mean": 37.90085070636847,
                "generation": 37,
                "diversity": 36.330102231160716
            },
            {
                "best": {
                    "class_name": "warrior",
                    "performance": 41.23839195971209
                },
                "mean": 38.13632647399609,
                "generation": 38,
                "diversity": 36.90938486370556
            },
            {
                "best": {
                    "class_name": "warrior",
                    "performance": 41.073961655661414
                },
                "mean": 38.632427820843276,
                "generation": 39,
                "diversity": 31.385748305256765
            },
            {
                "best": {
                    "class_name": "warrior",
                    "performance": 41.11993367340074
                },
                "mean": 38.30515622294665,
                "generation": 40,
                "diversity": 29.945152326474286
            },
            {
                "best": {
                    "class_name": "warrior",
                    "performance": 41.0444102125966
                },
                "mean": 37.767893481885395,
                "generation": 41,
                "diversity": 30.841718155774515
            },
            {
                "best": {
                    "class_name": "warrior",
                    "performance": 41.115018090738495
                },
                "mean": 37.76501900947069,
                "generation": 42,
                "diversity": 30.107744171971763
            },
            {
                "best": {
                    "class_name": "warrior",
                    "performance": 41.115018090738495
                },
                "mean": 37.951174469965665,
                "generation": 43,
                "diversity": 32.79604946645859
            },
            {
                "best": {
                    "class_name": "warrior",
                    "performance": 41.091679702783416
                },
                "mean": 38.16605709991548,
                "generation": 44,
                "diversity": 36.850717956796224
            },
            {
                "best": {
                    "class_name": "warrior",
                    "performance": 41.091679702783416
                },
                "mean": 38.52114297084847,
                "generation": 45,
                "diversity": 40.986107180167004
            },
            {
                "best": {
                    "class_name": "warrior",
                    "performance": 41.15883910592701
                },
                "mean": 38.748277035114405,
                "generation": 46,
                "diversity": 33.10802020631582
            },
            {
                "best": {
                    "class_name": "warrior",
                    "performance": 41.11431152618102
                },
                "mean": 38.678310713115515,
                "generation": 47,
                "diversity": 28.753048304660567
            }
        ]
    },
    "config": {
        "population_size": 300,
        "population_to_keep": 150,
        "class_name": "warrior",
        "selection_config_a": {
            "selection_type": "elite",
            "population_to_keep": 75,
            "tournament_size": 50,
            "threshold": 0.75,
            "initial_temperature": 30,
            "temperature_decay": 0.6,
            "min_temperature": 5
        },
        "selection_config_b": {
            "selection_type": "roulette",
            "population_to_keep": 75,
            "tournament_size": 50,
            "threshold": 0.75,
            "initial_temperature": 30,
            "temperature_decay": 0.6,
            "min_temperature": 5
        },
        "selection_config_rate": 0.5,
        "crossover_config": {
            "method": "uniform"
        },
        "mutation_config": {
            "mutation_type": "multi_gen",
            "mutation_rate": 0.2,
            "delta_mutation": 15
        },
        "replacement_config_a": {
            "type": "traditional",
            "quantity": 75,
            "gen_gap": 0.5
        },
        "replacement_config_b": {
            "type": "young_bias",
            "quantity": 75,
            "gen_gap": 0.5
        },
        "replacement_config_rate": 0.5,
        "end_condition_config": {
            "type": "content",
            "generations_to_check": 20,
            "generations": 500,
            "optimum_value": 61.5,
            "tolerance": 0.1,
            "structure_tolerance": 0.01,
            "structure_relevant_proportion": 0.98
        }
    }
}