{
    "results": {
        "best": {
            "solution": {
                "class_name": "warrior",
                "variables": {
                    "strength": 74.45467723358351,
                    "agility": 75.54532276641648,
                    "expertise": 0.0,
                    "resistance": 0.0,
                    "life": 0.0,
                    "height": 1.9200000000000002
                },
                "performance": 41.24199473541463
            },
            "generation": 71
        },
        "last_iterations": [
            {
                "best": {
                    "class_name": "warrior",
                    "performance": 30.903820100865932
                },
                "mean": 15.869088951512847,
                "generation": 1,
                "diversity": 243.94060585815797
            },
            {
                "best": {
                    "class_name": "warrior",
                    "performance": 30.903820100865932
                },
                "mean": 17.078413686991524,
                "generation": 2,
                "diversity": 210.64012338810917
            },
            {
                "best": {
                    "class_name": "warrior",
                    "performance": 30.740447423486245
                },
                "mean": 18.49970050259339,
                "generation": 3,
                "diversity": 178.75971601648953
            },
            {
                "best": {
                    "class_name": "warrior",
                    "performance": 29.687964972058868
                },
                "mean": 19.24352385194457,
                "generation": 4,
                "diversity": 160.29357152581693
            },
            {
                "best": {
                    "class_name": "warrior",
                    "performance": 31.405340477347867
                },
                "mean": 20.422604854059987,
                "generation": 5,
                "diversity": 134.92855425747808
            },
            {
                "best": {
                    "class_name": "warrior",
                    "performance": 31.405340477347867
                },
                "mean": 22.076259185295154,
                "generation": 6,
                "diversity": 110.71881099054859
            },
            {
                "best": {
                    "class_name": "warrior",
                    "performance": 32.84315028014543
                },
                "mean": 23.183260212766925,
                "generation": 7,
                "diversity": 103.70188069247361
            },
            {
                "best": {
                    "class_name": "warrior",
                    "performance": 34.59529425313192
                },
                "mean": 23.738140747401935,
                "generation": 8,
                "diversity": 98.63098142525257
            },
            {
                "best": {
                    "class_name": "warrior",
                    "performance": 36.24235042731033
                },
                "mean": 24.20092432757387,
                "generation": 9,
                "diversity": 93.98165775817351
            },
            {
                "best": {
                    "class_name": "warrior",
                    "performance": 35.591784993064216
                },
                "mean": 25.222667498431253,
                "generation": 10,
                "diversity": 83.806630895489
            },
            {
                "best": {
                    "class_name": "warrior",
                    "performance": 37.64019350789938
                },
                "mean": 25.531946217416145,
                "generation": 11,
                "diversity": 84.4908854339961
            },
            {
                "best": {
                    "class_name": "warrior",
                    "performance": 36.77977461342158
                },
                "mean": 25.95752972133241,
                "generation": 12,
                "diversity": 84.4150386231321
            },
            {
                "best": {
                    "class_name": "warrior",
                    "performance": 39.212646529517
                },
                "mean": 26.68389436067171,
                "generation": 13,
                "diversity": 83.155636077643
            },
            {
                "best": {
                    "class_name": "warrior",
                    "performance": 39.212646529517
                },
                "mean": 27.27652111113959,
                "generation": 14,
                "diversity": 86.94203082589132
            },
            {
                "best": {
                    "class_name": "warrior",
                    "performance": 37.792254339499245
                },
                "mean": 28.20313103222273,
                "generation": 15,
                "diversity": 82.74905396993536
            },
            {
                "best": {
                    "class_name": "warrior",
                    "performance": 39.68030180577945
                },
                "mean": 29.239258144365458,
                "generation": 16,
                "diversity": 83.1486096693036
            },
            {
                "best": {
                    "class_name": "warrior",
                    "performance": 40.12204419016461
                },
                "mean": 30.29662970818898,
                "generation": 17,
                "diversity": 74.0938499176241
            },
            {
                "best": {
                    "class_name": "warrior",
                    "performance": 39.90096291855199
                },
                "mean": 30.775086399961445,
                "generation": 18,
                "diversity": 69.27533851698351
            },
            {
                "best": {
                    "class_name": "warrior",
                    "performance": 39.5841382383663
                },
                "mean": 31.255585213172825,
                "generation": 19,
                "diversity": 68.36414544932182
            },
            {
                "best": {
                    "class_name": "warrior",
                    "performance": 40.79901675528091
                },
                "mean": 31.870776551390207,
                "generation": 20,
                "diversity": 62.63568762336963
            },
            {
                "best": {
                    "class_name": "warrior",
                    "performance": 40.693612423242534
                },
                "mean": 32.761586308969214,
                "generation": 21,
                "diversity": 62.17785833483095
            },
            {
                "best": {
                    "class_name": "warrior",
                    "performance": 39.53393573898406
                },
                "mean": 33.17776581556782,
                "generation": 22,
                "diversity": 61.973914595021
            },
            {
                "best": {
                    "class_name": "warrior",
                    "performance": 40.72855593134576
                },
                "mean": 34.08465540168826,
                "generation": 23,
                "diversity": 58.58899810854775
            },
            {
                "best": {
                    "class_name": "warrior",
                    "performance": 40.780954575506335
                },
                "mean": 34.27885009734728,
                "generation": 24,
                "diversity": 58.241266602419934
            },
            {
                "best": {
                    "class_name": "warrior",
                    "performance": 41.134193931168134
                },
                "mean": 34.666921051453976,
                "generation": 25,
                "diversity": 55.17231717358252
            },
            {
                "best": {
                    "class_name": "warrior",
                    "performance": 41.134193931168134
                },
                "mean": 35.713308359271686,
                "generation": 26,
                "diversity": 45.116858462594536
            },
            {
                "best": {
                    "class_name": "warrior",
                    "performance": 40.988216316878095
                },
                "mean": 36.16410012063809,
                "generation": 27,
                "diversity": 43.7878916389483
            },
            {
                "best": {
                    "class_name": "warrior",
                    "performance": 40.98712232598498
                },
                "mean": 36.39082910822991,
                "generation": 28,
                "diversity": 37.05832238668051
            },
            {
                "best": {
                    "class_name": "warrior",
                    "performance": 40.98712232598498
                },
                "mean": 36.73558737973385,
                "generation": 29,
                "diversity": 29.732604741058836
            },
            {
                "best": {
                    "class_name": "warrior",
                    "performance": 41.06956182033722
                },
                "mean": 37.041400318356885,
                "generation": 30,
                "diversity": 27.28859459205182
            },
            {
                "best": {
                    "class_name": "warrior",
                    "performance": 41.06956182033722
                },
                "mean": 37.26099748107379,
                "generation": 31,
                "diversity": 25.791492498136382
            },
            {
                "best": {
                    "class_name": "warrior",
                    "performance": 40.99437658707161
                },
                "mean": 37.23765213206448,
                "generation": 32,
                "diversity": 24.07294976981436
            },
            {
                "best": {
                    "class_name": "warrior",
                    "performance": 41.0864225603936
                },
                "mean": 37.329659138055554,
                "generation": 33,
                "diversity": 21.737897603403297
            },
            {
                "best": {
                    "class_name": "warrior",
                    "performance": 41.104939713618336
                },
                "mean": 37.30279799491521,
                "generation": 34,
                "diversity": 25.04986818822835
            },
            {
                "best": {
                    "class_name": "warrior",
                    "performance": 41.04331392419195
                },
                "mean": 37.07744612302269,
                "generation": 35,
                "diversity": 25.4309148902788
            },
            {
                "best": {
                    "class_name": "warrior",
                    "performance": 40.762358500608435
                },
                "mean": 37.36592198708733,
                "generation": 36,
                "diversity": 22.187040108200065
            },
            {
                "best": {
                    "class_name": "warrior",
                    "performance": 40.805699093264764
                },
                "mean": 37.66166361510934,
                "generation": 37,
                "diversity": 21.906826868384286
            },
            {
                "best": {
                    "class_name": "warrior",
                    "performance": 41.14112259828222
                },
                "mean": 37.842741965997426,
                "generation": 38,
                "diversity": 20.57704781298656
            },
            {
                "best": {
                    "class_name": "warrior",
                    "performance": 41.21368277369267
                },
                "mean": 37.992276436203056,
                "generation": 39,
                "diversity": 22.231555565451174
            },
            {
                "best": {
                    "class_name": "warrior",
                    "performance": 41.14112259828222
                },
                "mean": 37.98042907762533,
                "generation": 40,
                "diversity": 23.10068774473105
            },
            {
                "best": {
                    "class_name": "warrior",
                    "performance": 41.14112259828222
                },
                "mean": 37.9120417559796,
                "generation": 41,
                "diversity": 23.170162602890084
            },
            {
                "best": {
                    "class_name": "warrior",
                    "performance": 41.14112259828223
                },
                "mean": 37.87405420884353,
                "generation": 42,
                "diversity": 24.468111188927864
            },
            {
                "best": {
                    "class_name": "warrior",
                    "performance": 41.14567390704215
                },
                "mean": 37.8404913161687,
                "generation": 43,
                "diversity": 25.872997502962267
            },
            {
                "best": {
                    "class_name": "warrior",
                    "performance": 41.14629512359909
                },
                "mean": 37.792258327977976,
                "generation": 44,
                "diversity": 26.14976235458379
            },
            {
                "best": {
                    "class_name": "warrior",
                    "performance": 41.14629512359909
                },
                "mean": 38.122201831460465,
                "generation": 45,
                "diversity": 27.381302128353692
            },
            {
                "best": {
                    "class_name": "warrior",
                    "performance": 41.17256961082527
                },
                "mean": 38.496979767680834,
                "generation": 46,
                "diversity": 27.895968725964437
            },
            {
                "best": {
                    "class_name": "warrior",
                    "performance": 41.135675956673104
                },
                "mean": 38.776905495157614,
                "generation": 47,
                "diversity": 26.703235538733736
            },
            {
                "best": {
                    "class_name": "warrior",
                    "performance": 41.21155988635605
                },
                "mean": 38.60882093899686,
                "generation": 48,
                "diversity": 28.779586783655535
            },
            {
                "best": {
                    "class_name": "warrior",
                    "performance": 41.21155988635605
                },
                "mean": 38.5057675666867,
                "generation": 49,
                "diversity": 27.285602375544986
            },
            {
                "best": {
                    "class_name": "warrior",
                    "performance": 41.19378213427107
                },
                "mean": 38.44515131915722,
                "generation": 50,
                "diversity": 29.26234047273078
            },
            {
                "best": {
                    "class_name": "warrior",
                    "performance": 41.13547324706933
                },
                "mean": 38.44316709302037,
                "generation": 51,
                "diversity": 28.567368745228368
            },
            {
                "best": {
                    "class_name": "warrior",
                    "performance": 41.22964944443991
                },
                "mean": 38.28650003690976,
                "generation": 52,
                "diversity": 29.167088276740404
            },
            {
                "best": {
                    "class_name": "warrior",
                    "performance": 41.2350739505823
                },
                "mean": 38.08723874149934,
                "generation": 53,
                "diversity": 29.59635783738294
            },
            {
                "best": {
                    "class_name": "warrior",
                    "performance": 41.2350739505823
                },
                "mean": 38.139027002973044,
                "generation": 54,
                "diversity": 28.742887513967762
            },
            {
                "best": {
                    "class_name": "warrior",
                    "performance": 41.22380329876261
                },
                "mean": 38.28928151124352,
                "generation": 55,
                "diversity": 28.643709637652105
            },
            {
                "best": {
                    "class_name": "warrior",
                    "performance": 41.22380329876261
                },
                "mean": 38.217938736246595,
                "generation": 56,
                "diversity": 27.53330863708523
            },
            {
                "best": {
                    "class_name": "warrior",
                    "performance": 41.21805327184842
                },
                "mean": 38.16209692568038,
                "generation": 57,
                "diversity": 26.92285302901089
            },
            {
                "best": {
                    "class_name": "warrior",
                    "performance": 41.21805327184842
                },
                "mean": 38.29094278463,
                "generation": 58,
                "diversity": 27.115808294773046
            },
            {
                "best": {
                    "class_name": "warrior",
                    "performance": 41.20851340174266
                },
                "mean": 38.39026873137428,
                "generation": 59,
                "diversity": 25.524343765761163
            },
            {
                "best": {
                    "class_name": "warrior",
                    "performance": 41.13008075719233
                },
                "mean": 38.446519502811455,
                "generation": 60,
                "diversity": 25.616694709623086
            },
            {
                "best": {
                    "class_name": "warrior",
                    "performance": 41.19595660437149
                },
                "mean": 37.92813521130464,
                "generation": 61,
                "diversity": 26.80089342366385
            },
            {
                "best": {
                    "class_name": "warrior",
                    "performance": 41.189089612233005
                },
                "mean": 38.19240619334958,
                "generation": 62,
                "diversity": 26.073977834293398
            },
            {
                "best": {
                    "class_name": "warrior",
                    "performance": 41.189089612233005
                },
                "mean": 38.379197339452446,
                "generation": 63,
                "diversity": 20.357996370929268
            },
            {
                "best": {
                    "class_name": "warrior",
                    "performance": 41.23855279082967
                },
                "mean": 38.58458824128245,
                "generation": 64,
                "diversity": 20.185644827695015
            },
            {
                "best": {
                    "class_name": "warrior",
                    "performance": 41.240780756141696
                },
                "mean": 38.951754967258125,
                "generation": 65,
                "diversity": 20.32247282704303
            },
            {
                "best": {
                    "class_name": "warrior",
                    "performance": 41.13835770000695
                },
                "mean": 38.770391084283474,
                "generation": 66,
                "diversity": 19.365808705659322
            },
            {
                "best": {
                    "class_name": "warrior",
                    "performance": 41.227407781972026
                },
                "mean": 38.88977674051983,
                "generation": 67,
                "diversity": 20.13055459366152
            },
            {
                "best": {
                    "class_name": "warrior",
                    "performance": 41.21533785861246
                },
                "mean": 38.997400584429805,
                "generation": 68,
                "diversity": 18.497871638377404
            },
            {
                "best": {
                    "class_name": "warrior",
                    "performance": 41.220949944717454
                },
                "mean": 38.516327305745264,
                "generation": 69,
                "diversity": 23.745615101883967
            },
            {
                "best": {
                    "class_name": "warrior",
                    "performance": 41.239477165038984
                },
                "mean": 38.636508493848176,
                "generation": 70,
                "diversity": 21.42556751009165
            },
            {
                "best": {
                    "class_name": "warrior",
                    "performance": 41.24199473541463
                },
                "mean": 38.68538397142818,
                "generation": 71,
                "diversity": 22.5823899116872
            },
            {
                "best": {
                    "class_name": "warrior",
                    "performance": 41.24199473541463
                },
                "mean": 38.446597071891496,
                "generation": 72,
                "diversity": 21.44194382106349
            },
            {
                "best": {
                    "class_name": "warrior",
                    "performance": 41.24199473541463
                },
                "mean": 38.48239775761617,
                "generation": 73,
                "diversity": 21.400991712824304
            }
        ]
    },
    "config": {
        "population_size": 500,
        "population_to_keep": 250,
        "class_name": "warrior",
        "selection_config_a": {
            "selection_type": "elite",
            "population_to_keep": 125,
            "tournament_size": 50,
            "threshold": 0.75,
            "initial_temperature": 30,
            "temperature_decay": 0.6,
            "min_temperature": 5
        },
        "selection_config_b": {
            "selection_type": "roulette",
            "population_to_keep": 125,
            "tournament_size": 50,
            "threshold": 0.75,
            "initial_temperature": 30,
            "temperature_decay": 0.6,
            "min_temperature": 5
        },
        "selection_config_rate": 0.5,
        "crossover_config": {
            "method": "uniform"
        },
        "mutation_config": {
            "mutation_type": "multi_gen",
            "mutation_rate": 0.2,
            "delta_mutation": 15
        },
        "replacement_config_a": {
            "type": "traditional",
            "quantity": 125,
            "gen_gap": 0.5
        },
        "replacement_config_b": {
            "type": "young_bias",
            "quantity": 125,
            "gen_gap": 0.5
        },
        "replacement_config_rate": 0.5,
        "end_condition_config": {
            "type": "content",
            "generations_to_check": 20,
            "generations": 500,
            "optimum_value": 61.5,
            "tolerance": 0.1,
            "structure_tolerance": 0.01,
            "structure_relevant_proportion": 0.98
        }
    }
}