{
    "results": {
        "best": {
            "solution": {
                "class_name": "warrior",
                "variables": {
                    "strength": 74.92729310869154,
                    "agility": 75.07270689130847,
                    "expertise": 0.0,
                    "resistance": 0.0,
                    "life": 0.0,
                    "height": 1.92
                },
                "performance": 41.24449501306185
            },
            "generation": 78
        },
        "last_iterations": [
            {
                "best": {
                    "class_name": "warrior",
                    "performance": 30.725684391620497
                },
                "mean": 15.689111650560179,
                "generation": 1,
                "diversity": 247.8476112085082
            },
            {
                "best": {
                    "class_name": "warrior",
                    "performance": 29.953205499921648
                },
                "mean": 16.470923795276608,
                "generation": 2,
                "diversity": 207.64466762147003
            },
            {
                "best": {
                    "class_name": "warrior",
                    "performance": 28.928242631770964
                },
                "mean": 17.196356970271435,
                "generation": 3,
                "diversity": 186.14342370977556
            },
            {
                "best": {
                    "class_name": "warrior",
                    "performance": 28.51392842281832
                },
                "mean": 17.95801856588802,
                "generation": 4,
                "diversity": 175.05868225686186
            },
            {
                "best": {
                    "class_name": "warrior",
                    "performance": 26.582455244504217
                },
                "mean": 18.64724723164941,
                "generation": 5,
                "diversity": 146.23168587563134
            },
            {
                "best": {
                    "class_name": "warrior",
                    "performance": 29.476461538638695
                },
                "mean": 19.2760212135087,
                "generation": 6,
                "diversity": 126.39607866803794
            },
            {
                "best": {
                    "class_name": "warrior",
                    "performance": 30.95835560268649
                },
                "mean": 19.74309191859865,
                "generation": 7,
                "diversity": 114.69977438145253
            },
            {
                "best": {
                    "class_name": "warrior",
                    "performance": 34.6238899614849
                },
                "mean": 20.68332478775639,
                "generation": 8,
                "diversity": 98.5952805084328
            },
            {
                "best": {
                    "class_name": "warrior",
                    "performance": 36.26499199938263
                },
                "mean": 22.220591574122945,
                "generation": 9,
                "diversity": 84.67658203518768
            },
            {
                "best": {
                    "class_name": "warrior",
                    "performance": 34.5765815788411
                },
                "mean": 22.588339229600333,
                "generation": 10,
                "diversity": 77.96512085854283
            },
            {
                "best": {
                    "class_name": "warrior",
                    "performance": 36.75432351868934
                },
                "mean": 23.19663575512584,
                "generation": 11,
                "diversity": 79.08246414963048
            },
            {
                "best": {
                    "class_name": "warrior",
                    "performance": 34.724099581921614
                },
                "mean": 23.55133146379913,
                "generation": 12,
                "diversity": 83.4244986118863
            },
            {
                "best": {
                    "class_name": "warrior",
                    "performance": 34.724099581921614
                },
                "mean": 24.777215806483483,
                "generation": 13,
                "diversity": 61.10473943296713
            },
            {
                "best": {
                    "class_name": "warrior",
                    "performance": 34.724099581921614
                },
                "mean": 25.677209314911607,
                "generation": 14,
                "diversity": 52.899020378247634
            },
            {
                "best": {
                    "class_name": "warrior",
                    "performance": 34.724099581921614
                },
                "mean": 26.48190042145646,
                "generation": 15,
                "diversity": 54.91025919649451
            },
            {
                "best": {
                    "class_name": "warrior",
                    "performance": 37.27842889887262
                },
                "mean": 27.28612088631335,
                "generation": 16,
                "diversity": 57.03376874462035
            },
            {
                "best": {
                    "class_name": "warrior",
                    "performance": 38.10130179264302
                },
                "mean": 27.927038140498748,
                "generation": 17,
                "diversity": 55.577259429838854
            },
            {
                "best": {
                    "class_name": "warrior",
                    "performance": 39.76292471144629
                },
                "mean": 28.087171972724473,
                "generation": 18,
                "diversity": 51.60621851059028
            },
            {
                "best": {
                    "class_name": "warrior",
                    "performance": 38.7514256219277
                },
                "mean": 28.772289415274486,
                "generation": 19,
                "diversity": 48.70374513496109
            },
            {
                "best": {
                    "class_name": "warrior",
                    "performance": 39.17242033088852
                },
                "mean": 29.960467458642498,
                "generation": 20,
                "diversity": 48.65217986207401
            },
            {
                "best": {
                    "class_name": "warrior",
                    "performance": 40.06423762872155
                },
                "mean": 30.76392154359568,
                "generation": 21,
                "diversity": 50.862409214026286
            },
            {
                "best": {
                    "class_name": "warrior",
                    "performance": 40.06423762872155
                },
                "mean": 31.22307323492964,
                "generation": 22,
                "diversity": 53.14549468935718
            },
            {
                "best": {
                    "class_name": "warrior",
                    "performance": 40.20016417810277
                },
                "mean": 31.894812450562586,
                "generation": 23,
                "diversity": 50.83276741750555
            },
            {
                "best": {
                    "class_name": "warrior",
                    "performance": 40.20016417810277
                },
                "mean": 32.438612201556545,
                "generation": 24,
                "diversity": 48.14123750020544
            },
            {
                "best": {
                    "class_name": "warrior",
                    "performance": 39.637576970863506
                },
                "mean": 33.02150819490947,
                "generation": 25,
                "diversity": 40.626814410402496
            },
            {
                "best": {
                    "class_name": "warrior",
                    "performance": 40.27776348499442
                },
                "mean": 33.337931079302855,
                "generation": 26,
                "diversity": 38.597641104936606
            },
            {
                "best": {
                    "class_name": "warrior",
                    "performance": 39.565751396425696
                },
                "mean": 33.60935951516237,
                "generation": 27,
                "diversity": 40.42196438829554
            },
            {
                "best": {
                    "class_name": "warrior",
                    "performance": 40.26087893702668
                },
                "mean": 33.72479225371255,
                "generation": 28,
                "diversity": 41.5699968453534
            },
            {
                "best": {
                    "class_name": "warrior",
                    "performance": 40.041094050765295
                },
                "mean": 34.65394944228721,
                "generation": 29,
                "diversity": 36.068690286132835
            },
            {
                "best": {
                    "class_name": "warrior",
                    "performance": 40.86129691169199
                },
                "mean": 35.274068105021215,
                "generation": 30,
                "diversity": 32.92760065631645
            },
            {
                "best": {
                    "class_name": "warrior",
                    "performance": 40.36377754616664
                },
                "mean": 35.74890535161181,
                "generation": 31,
                "diversity": 34.59032404296926
            },
            {
                "best": {
                    "class_name": "warrior",
                    "performance": 40.309887800135286
                },
                "mean": 36.327841758570834,
                "generation": 32,
                "diversity": 29.60914866563843
            },
            {
                "best": {
                    "class_name": "warrior",
                    "performance": 40.624591946085516
                },
                "mean": 36.30970694105784,
                "generation": 33,
                "diversity": 31.38539176677325
            },
            {
                "best": {
                    "class_name": "warrior",
                    "performance": 40.80208398216133
                },
                "mean": 36.27890496257253,
                "generation": 34,
                "diversity": 31.107064390532184
            },
            {
                "best": {
                    "class_name": "warrior",
                    "performance": 41.07860646276557
                },
                "mean": 36.72837498653925,
                "generation": 35,
                "diversity": 34.118466416478995
            },
            {
                "best": {
                    "class_name": "warrior",
                    "performance": 40.77601411673185
                },
                "mean": 36.73632292146711,
                "generation": 36,
                "diversity": 33.30398625903314
            },
            {
                "best": {
                    "class_name": "warrior",
                    "performance": 40.77601411673185
                },
                "mean": 37.185978346562294,
                "generation": 37,
                "diversity": 31.545544676025596
            },
            {
                "best": {
                    "class_name": "warrior",
                    "performance": 40.97256369523573
                },
                "mean": 37.415863844854,
                "generation": 38,
                "diversity": 34.550255525207255
            },
            {
                "best": {
                    "class_name": "warrior",
                    "performance": 41.05607162819318
                },
                "mean": 36.85260784234986,
                "generation": 39,
                "diversity": 38.807492474299174
            },
            {
                "best": {
                    "class_name": "warrior",
                    "performance": 41.149755444216076
                },
                "mean": 37.030804528172254,
                "generation": 40,
                "diversity": 30.747204002776567
            },
            {
                "best": {
                    "class_name": "warrior",
                    "performance": 40.997581373357924
                },
                "mean": 37.32916245635917,
                "generation": 41,
                "diversity": 35.73381408773586
            },
            {
                "best": {
                    "class_name": "warrior",
                    "performance": 41.1133383945205
                },
                "mean": 37.3037320009024,
                "generation": 42,
                "diversity": 35.433769685740835
            },
            {
                "best": {
                    "class_name": "warrior",
                    "performance": 41.11564168824041
                },
                "mean": 37.19164090811473,
                "generation": 43,
                "diversity": 37.12076341795855
            },
            {
                "best": {
                    "class_name": "warrior",
                    "performance": 41.180842857948655
                },
                "mean": 37.54490284498043,
                "generation": 44,
                "diversity": 34.82903217050653
            },
            {
                "best": {
                    "class_name": "warrior",
                    "performance": 41.180842857948655
                },
                "mean": 37.4251395362318,
                "generation": 45,
                "diversity": 32.090006878713304
            },
            {
                "best": {
                    "class_name": "warrior",
                    "performance": 41.1456181532823
                },
                "mean": 37.79705491146471,
                "generation": 46,
                "diversity": 28.395921779073433
            },
            {
                "best": {
                    "class_name": "warrior",
                    "performance": 41.1133383945205
                },
                "mean": 37.9070699851447,
                "generation": 47,
                "diversity": 27.190183227603416
            },
            {
                "best": {
                    "class_name": "warrior",
                    "performance": 41.1133383945205
                },
                "mean": 38.47358760843494,
                "generation": 48,
                "diversity": 21.30605567035276
            },
            {
                "best": {
                    "class_name": "warrior",
                    "performance": 41.1133383945205
                },
                "mean": 38.332335506821394,
                "generation": 49,
                "diversity": 21.40374895911671
            },
            {
                "best": {
                    "class_name": "warrior",
                    "performance": 41.1133383945205
                },
                "mean": 38.01999350504521,
                "generation": 50,
                "diversity": 21.384163510483194
            },
            {
                "best": {
                    "class_name": "warrior",
                    "performance": 41.1133383945205
                },
                "mean": 37.96282509320564,
                "generation": 51,
                "diversity": 21.030909016652064
            },
            {
                "best": {
                    "class_name": "warrior",
                    "performance": 41.023238680401256
                },
                "mean": 38.16538818028444,
                "generation": 52,
                "diversity": 21.822392541934104
            },
            {
                "best": {
                    "class_name": "warrior",
                    "performance": 41.20607459574102
                },
                "mean": 38.30568438037227,
                "generation": 53,
                "diversity": 23.34119338219178
            },
            {
                "best": {
                    "class_name": "warrior",
                    "performance": 41.22013041795193
                },
                "mean": 38.01970022715132,
                "generation": 54,
                "diversity": 21.408275353344234
            },
            {
                "best": {
                    "class_name": "warrior",
                    "performance": 41.13406377247735
                },
                "mean": 38.11343385764942,
                "generation": 55,
                "diversity": 21.498072197961548
            },
            {
                "best": {
                    "class_name": "warrior",
                    "performance": 41.20836827182948
                },
                "mean": 37.90381779860356,
                "generation": 56,
                "diversity": 24.387481296955652
            },
            {
                "best": {
                    "class_name": "warrior",
                    "performance": 41.15078486946726
                },
                "mean": 37.90514060339783,
                "generation": 57,
                "diversity": 23.724574233491868
            },
            {
                "best": {
                    "class_name": "warrior",
                    "performance": 41.15078486946726
                },
                "mean": 38.17209590628703,
                "generation": 58,
                "diversity": 22.345912571068805
            },
            {
                "best": {
                    "class_name": "warrior",
                    "performance": 41.23584289349646
                },
                "mean": 38.15877488987297,
                "generation": 59,
                "diversity": 27.354256391160607
            },
            {
                "best": {
                    "class_name": "warrior",
                    "performance": 41.23584289349646
                },
                "mean": 38.52299832720175,
                "generation": 60,
                "diversity": 24.263479833493495
            },
            {
                "best": {
                    "class_name": "warrior",
                    "performance": 41.23037890510546
                },
                "mean": 38.425199060001525,
                "generation": 61,
                "diversity": 26.99228316877848
            },
            {
                "best": {
                    "class_name": "warrior",
                    "performance": 41.13825330654579
                },
                "mean": 38.350779617262745,
                "generation": 62,
                "diversity": 23.806095572446242
            },
            {
                "best": {
                    "class_name": "warrior",
                    "performance": 41.217504612134825
                },
                "mean": 38.489423946948094,
                "generation": 63,
                "diversity": 22.875908361197645
            },
            {
                "best": {
                    "class_name": "warrior",
                    "performance": 41.23062179079987
                },
                "mean": 38.31866044817243,
                "generation": 64,
                "diversity": 23.205718578054597
            },
            {
                "best": {
                    "class_name": "warrior",
                    "performance": 41.240174964610354
                },
                "mean": 38.38826201931886,
                "generation": 65,
                "diversity": 23.784048523311608
            },
            {
                "best": {
                    "class_name": "warrior",
                    "performance": 41.240174964610354
                },
                "mean": 38.25523402679038,
                "generation": 66,
                "diversity": 23.787193712561958
            },
            {
                "best": {
                    "class_name": "warrior",
                    "performance": 41.22808377211254
                },
                "mean": 38.37763948742047,
                "generation": 67,
                "diversity": 21.640449244363428
            },
            {
                "best": {
                    "class_name": "warrior",
                    "performance": 41.169612680498545
                },
                "mean": 38.416212214911724,
                "generation": 68,
                "diversity": 21.099868316597746
            },
            {
                "best": {
                    "class_name": "warrior",
                    "performance": 41.12664481969104
                },
                "mean": 38.122666061323095,
                "generation": 69,
                "diversity": 18.56464651024467
            },
            {
                "best": {
                    "class_name": "warrior",
                    "performance": 41.18783239319885
                },
                "mean": 38.270613954353365,
                "generation": 70,
                "diversity": 19.603975708389203
            },
            {
                "best": {
                    "class_name": "warrior",
                    "performance": 41.18783239319885
                },
                "mean": 38.13316309874257,
                "generation": 71,
                "diversity": 20.161147242025482
            },
            {
                "best": {
                    "class_name": "warrior",
                    "performance": 41.15258425801464
                },
                "mean": 37.778263145234035,
                "generation": 72,
                "diversity": 21.113969947091707
            },
            {
                "best": {
                    "class_name": "warrior",
                    "performance": 41.217981613517956
                },
                "mean": 38.11393975668544,
                "generation": 73,
                "diversity": 23.410605731785395
            },
            {
                "best": {
                    "class_name": "warrior",
                    "performance": 41.243889931310235
                },
                "mean": 37.97556535621578,
                "generation": 74,
                "diversity": 25.69149425433827
            },
            {
                "best": {
                    "class_name": "warrior",
                    "performance": 41.24131352262009
                },
                "mean": 38.394883367057716,
                "generation": 75,
                "diversity": 24.12934112632369
            },
            {
                "best": {
                    "class_name": "warrior",
                    "performance": 41.23892080067661
                },
                "mean": 38.69910797825149,
                "generation": 76,
                "diversity": 22.432762232253577
            },
            {
                "best": {
                    "class_name": "warrior",
                    "performance": 41.243403199157044
                },
                "mean": 38.80823061617107,
                "generation": 77,
                "diversity": 21.997763384331563
            },
            {
                "best": {
                    "class_name": "warrior",
                    "performance": 41.24449501306185
                },
                "mean": 38.632662784874164,
                "generation": 78,
                "diversity": 22.625899631157637
            },
            {
                "best": {
                    "class_name": "warrior",
                    "performance": 41.24449501306185
                },
                "mean": 38.28814893656036,
                "generation": 79,
                "diversity": 24.78041179217503
            }
        ]
    },
    "config": {
        "population_size": 400,
        "population_to_keep": 200,
        "class_name": "warrior",
        "selection_config_a": {
            "selection_type": "elite",
            "population_to_keep": 100,
            "tournament_size": 50,
            "threshold": 0.75,
            "initial_temperature": 30,
            "temperature_decay": 0.6,
            "min_temperature": 5
        },
        "selection_config_b": {
            "selection_type": "roulette",
            "population_to_keep": 100,
            "tournament_size": 50,
            "threshold": 0.75,
            "initial_temperature": 30,
            "temperature_decay": 0.6,
            "min_temperature": 5
        },
        "selection_config_rate": 0.5,
        "crossover_config": {
            "method": "uniform"
        },
        "mutation_config": {
            "mutation_type": "multi_gen",
            "mutation_rate": 0.2,
            "delta_mutation": 15
        },
        "replacement_config_a": {
            "type": "traditional",
            "quantity": 100,
            "gen_gap": 0.5
        },
        "replacement_config_b": {
            "type": "young_bias",
            "quantity": 100,
            "gen_gap": 0.5
        },
        "replacement_config_rate": 0.5,
        "end_condition_config": {
            "type": "content",
            "generations_to_check": 20,
            "generations": 500,
            "optimum_value": 61.5,
            "tolerance": 0.1,
            "structure_tolerance": 0.01,
            "structure_relevant_proportion": 0.98
        }
    }
}