{
    "results": {
        "best": {
            "solution": {
                "class_name": "warrior",
                "variables": {
                    "strength": 75.54755898628875,
                    "agility": 74.19019332454147,
                    "expertise": 0.262247689169788,
                    "resistance": 0.0,
                    "life": 0.0,
                    "height": 1.9200000000000002
                },
                "performance": 41.24167662615171
            },
            "generation": 31
        },
        "last_iterations": [
            {
                "best": {
                    "class_name": "warrior",
                    "performance": 32.35246011528131
                },
                "mean": 15.896826313254353,
                "generation": 1,
                "diversity": 233.62052822791895
            },
            {
                "best": {
                    "class_name": "warrior",
                    "performance": 33.72977710038476
                },
                "mean": 16.896400964551198,
                "generation": 2,
                "diversity": 213.27609643680367
            },
            {
                "best": {
                    "class_name": "warrior",
                    "performance": 34.59164548904003
                },
                "mean": 18.251385291614568,
                "generation": 3,
                "diversity": 187.67214326343972
            },
            {
                "best": {
                    "class_name": "warrior",
                    "performance": 37.53357956497663
                },
                "mean": 18.638520868736386,
                "generation": 4,
                "diversity": 176.50761330544162
            },
            {
                "best": {
                    "class_name": "warrior",
                    "performance": 37.53357956497663
                },
                "mean": 19.666647779013488,
                "generation": 5,
                "diversity": 167.36223864106054
            },
            {
                "best": {
                    "class_name": "warrior",
                    "performance": 35.69927888654952
                },
                "mean": 20.356162057519075,
                "generation": 6,
                "diversity": 157.41793309218906
            },
            {
                "best": {
                    "class_name": "warrior",
                    "performance": 36.42598471843651
                },
                "mean": 21.071213756518343,
                "generation": 7,
                "diversity": 149.6359845416586
            },
            {
                "best": {
                    "class_name": "warrior",
                    "performance": 37.78748580489763
                },
                "mean": 22.168360148709475,
                "generation": 8,
                "diversity": 135.47914206395794
            },
            {
                "best": {
                    "class_name": "warrior",
                    "performance": 37.74986993980831
                },
                "mean": 23.348942787198006,
                "generation": 9,
                "diversity": 122.6231484826849
            },
            {
                "best": {
                    "class_name": "warrior",
                    "performance": 38.45066755178666
                },
                "mean": 24.447651243917193,
                "generation": 10,
                "diversity": 113.49382871288556
            },
            {
                "best": {
                    "class_name": "warrior",
                    "performance": 38.70914476327463
                },
                "mean": 25.500999458264317,
                "generation": 11,
                "diversity": 111.08117080585906
            },
            {
                "best": {
                    "class_name": "warrior",
                    "performance": 39.173199584247186
                },
                "mean": 26.388562733064933,
                "generation": 12,
                "diversity": 102.42973075225757
            },
            {
                "best": {
                    "class_name": "warrior",
                    "performance": 40.25114347142457
                },
                "mean": 27.752901167460777,
                "generation": 13,
                "diversity": 92.16992553675851
            },
            {
                "best": {
                    "class_name": "warrior",
                    "performance": 39.91761530587143
                },
                "mean": 28.391851592568646,
                "generation": 14,
                "diversity": 83.46747539923938
            },
            {
                "best": {
                    "class_name": "warrior",
                    "performance": 40.67399599211501
                },
                "mean": 29.563727008632615,
                "generation": 15,
                "diversity": 73.59984117239703
            },
            {
                "best": {
                    "class_name": "warrior",
                    "performance": 40.24253423804891
                },
                "mean": 30.534098610461555,
                "generation": 16,
                "diversity": 66.47097710342187
            },
            {
                "best": {
                    "class_name": "warrior",
                    "performance": 39.94573832278497
                },
                "mean": 31.53929045727435,
                "generation": 17,
                "diversity": 59.45895090966803
            },
            {
                "best": {
                    "class_name": "warrior",
                    "performance": 40.71795022830966
                },
                "mean": 32.174793237153686,
                "generation": 18,
                "diversity": 53.94171714734776
            },
            {
                "best": {
                    "class_name": "warrior",
                    "performance": 40.846382792349964
                },
                "mean": 33.07664661054462,
                "generation": 19,
                "diversity": 50.15357228908914
            },
            {
                "best": {
                    "class_name": "warrior",
                    "performance": 40.55268285896984
                },
                "mean": 33.661026397515826,
                "generation": 20,
                "diversity": 48.57909910241139
            },
            {
                "best": {
                    "class_name": "warrior",
                    "performance": 40.60056648435064
                },
                "mean": 34.24686448775186,
                "generation": 21,
                "diversity": 48.72104231527453
            },
            {
                "best": {
                    "class_name": "warrior",
                    "performance": 40.58158154631463
                },
                "mean": 34.669166768243585,
                "generation": 22,
                "diversity": 46.43305631927382
            },
            {
                "best": {
                    "class_name": "warrior",
                    "performance": 40.84559873831384
                },
                "mean": 35.142890585258435,
                "generation": 23,
                "diversity": 43.717453250492156
            },
            {
                "best": {
                    "class_name": "warrior",
                    "performance": 40.870364283107726
                },
                "mean": 35.44540271887325,
                "generation": 24,
                "diversity": 40.894977604278985
            },
            {
                "best": {
                    "class_name": "warrior",
                    "performance": 40.87981414512546
                },
                "mean": 35.68145056161518,
                "generation": 25,
                "diversity": 39.97093810666203
            },
            {
                "best": {
                    "class_name": "warrior",
                    "performance": 40.87981414512546
                },
                "mean": 36.06621948376352,
                "generation": 26,
                "diversity": 35.35819710647207
            },
            {
                "best": {
                    "class_name": "warrior",
                    "performance": 40.848739057920575
                },
                "mean": 36.43706880983178,
                "generation": 27,
                "diversity": 35.11185420621685
            },
            {
                "best": {
                    "class_name": "warrior",
                    "performance": 40.88547383233192
                },
                "mean": 36.55926347029686,
                "generation": 28,
                "diversity": 34.425589953048195
            },
            {
                "best": {
                    "class_name": "warrior",
                    "performance": 41.13672427865444
                },
                "mean": 36.68502159531095,
                "generation": 29,
                "diversity": 32.67071424795861
            },
            {
                "best": {
                    "class_name": "warrior",
                    "performance": 40.97733864520844
                },
                "mean": 36.797213722147426,
                "generation": 30,
                "diversity": 30.824610880776802
            },
            {
                "best": {
                    "class_name": "warrior",
                    "performance": 41.24167662615171
                },
                "mean": 36.94534209664908,
                "generation": 31,
                "diversity": 29.126082307932194
            },
            {
                "best": {
                    "class_name": "warrior",
                    "performance": 41.117988327060324
                },
                "mean": 37.13773546048162,
                "generation": 32,
                "diversity": 29.362678025410855
            },
            {
                "best": {
                    "class_name": "warrior",
                    "performance": 40.85438187450627
                },
                "mean": 37.40162201666512,
                "generation": 33,
                "diversity": 27.727537001764926
            },
            {
                "best": {
                    "class_name": "warrior",
                    "performance": 41.07601809440104
                },
                "mean": 37.475920319095415,
                "generation": 34,
                "diversity": 24.938296660544655
            },
            {
                "best": {
                    "class_name": "warrior",
                    "performance": 41.0797136119062
                },
                "mean": 37.344925847207364,
                "generation": 35,
                "diversity": 24.975528561426728
            },
            {
                "best": {
                    "class_name": "warrior",
                    "performance": 40.962671249705245
                },
                "mean": 37.405922178998026,
                "generation": 36,
                "diversity": 24.760119992985718
            },
            {
                "best": {
                    "class_name": "warrior",
                    "performance": 41.22230504851441
                },
                "mean": 37.467664313749424,
                "generation": 37,
                "diversity": 24.948818735507995
            },
            {
                "best": {
                    "class_name": "warrior",
                    "performance": 41.22230504851441
                },
                "mean": 37.59279540336527,
                "generation": 38,
                "diversity": 23.532787851424757
            },
            {
                "best": {
                    "class_name": "warrior",
                    "performance": 41.07072692358531
                },
                "mean": 37.3711169670128,
                "generation": 39,
                "diversity": 25.41158426859161
            },
            {
                "best": {
                    "class_name": "warrior",
                    "performance": 41.06414337662948
                },
                "mean": 37.470661255235214,
                "generation": 40,
                "diversity": 24.473740579742387
            },
            {
                "best": {
                    "class_name": "warrior",
                    "performance": 41.03780401891746
                },
                "mean": 37.61239539586647,
                "generation": 41,
                "diversity": 24.45190896446033
            },
            {
                "best": {
                    "class_name": "warrior",
                    "performance": 41.0881326254949
                },
                "mean": 37.63773391715797,
                "generation": 42,
                "diversity": 23.457034736717194
            },
            {
                "best": {
                    "class_name": "warrior",
                    "performance": 41.1824035858236
                },
                "mean": 37.564189547898714,
                "generation": 43,
                "diversity": 24.720157390934812
            },
            {
                "best": {
                    "class_name": "warrior",
                    "performance": 41.162765452253
                },
                "mean": 37.48731359516393,
                "generation": 44,
                "diversity": 25.88102339128451
            },
            {
                "best": {
                    "class_name": "warrior",
                    "performance": 41.162765452253
                },
                "mean": 37.449381222016825,
                "generation": 45,
                "diversity": 26.24759297707651
            },
            {
                "best": {
                    "class_name": "warrior",
                    "performance": 41.12214635938093
                },
                "mean": 37.465600354491585,
                "generation": 46,
                "diversity": 25.276093714289583
            },
            {
                "best": {
                    "class_name": "warrior",
                    "performance": 41.153646557118215
                },
                "mean": 37.64355728842732,
                "generation": 47,
                "diversity": 26.050997553628196
            },
            {
                "best": {
                    "class_name": "warrior",
                    "performance": 41.153646557118215
                },
                "mean": 37.75227082096952,
                "generation": 48,
                "diversity": 26.7716315471928
            },
            {
                "best": {
                    "class_name": "warrior",
                    "performance": 41.169672244543804
                },
                "mean": 37.75786375769779,
                "generation": 49,
                "diversity": 27.182967301584167
            },
            {
                "best": {
                    "class_name": "warrior",
                    "performance": 41.229445859570404
                },
                "mean": 37.80264286973449,
                "generation": 50,
                "diversity": 25.099281247192494
            },
            {
                "best": {
                    "class_name": "warrior",
                    "performance": 41.08710024954882
                },
                "mean": 37.69478757475886,
                "generation": 51,
                "diversity": 25.454614294062978
            }
        ]
    },
    "config": {
        "population_size": 1800,
        "population_to_keep": 900,
        "class_name": "warrior",
        "selection_config_a": {
            "selection_type": "elite",
            "population_to_keep": 450,
            "tournament_size": 50,
            "threshold": 0.75,
            "initial_temperature": 30,
            "temperature_decay": 0.6,
            "min_temperature": 5
        },
        "selection_config_b": {
            "selection_type": "roulette",
            "population_to_keep": 450,
            "tournament_size": 50,
            "threshold": 0.75,
            "initial_temperature": 30,
            "temperature_decay": 0.6,
            "min_temperature": 5
        },
        "selection_config_rate": 0.5,
        "crossover_config": {
            "method": "uniform"
        },
        "mutation_config": {
            "mutation_type": "multi_gen",
            "mutation_rate": 0.2,
            "delta_mutation": 15
        },
        "replacement_config_a": {
            "type": "traditional",
            "quantity": 450,
            "gen_gap": 0.5
        },
        "replacement_config_b": {
            "type": "young_bias",
            "quantity": 450,
            "gen_gap": 0.5
        },
        "replacement_config_rate": 0.5,
        "end_condition_config": {
            "type": "content",
            "generations_to_check": 20,
            "generations": 500,
            "optimum_value": 61.5,
            "tolerance": 0.1,
            "structure_tolerance": 0.01,
            "structure_relevant_proportion": 0.98
        }
    }
}