{
    "results": {
        "best": {
            "solution": {
                "class_name": "warrior",
                "variables": {
                    "strength": 76.52719976691604,
                    "agility": 68.56872367410985,
                    "expertise": 4.904076558974129,
                    "resistance": 0.0,
                    "life": 0.0,
                    "height": 1.9100000000000001
                },
                "performance": 41.13458300084455
            },
            "generation": 42
        },
        "last_iterations": [
            {
                "best": {
                    "class_name": "warrior",
                    "performance": 31.37679926653797
                },
                "mean": 16.322523079711935,
                "generation": 1,
                "diversity": 214.6202721008469
            },
            {
                "best": {
                    "class_name": "warrior",
                    "performance": 31.633117655230656
                },
                "mean": 17.074543652547533,
                "generation": 2,
                "diversity": 209.50193003663063
            },
            {
                "best": {
                    "class_name": "warrior",
                    "performance": 28.60649361970333
                },
                "mean": 17.355356309439014,
                "generation": 3,
                "diversity": 202.85471698753972
            },
            {
                "best": {
                    "class_name": "warrior",
                    "performance": 28.33136266119882
                },
                "mean": 18.291202511499602,
                "generation": 4,
                "diversity": 191.0950220638379
            },
            {
                "best": {
                    "class_name": "warrior",
                    "performance": 28.19390960231499
                },
                "mean": 18.69612095802317,
                "generation": 5,
                "diversity": 164.92515365023505
            },
            {
                "best": {
                    "class_name": "warrior",
                    "performance": 32.16438454257171
                },
                "mean": 19.236482683560492,
                "generation": 6,
                "diversity": 163.45174283969806
            },
            {
                "best": {
                    "class_name": "warrior",
                    "performance": 32.16438454257171
                },
                "mean": 19.67049453945685,
                "generation": 7,
                "diversity": 157.57739594074076
            },
            {
                "best": {
                    "class_name": "warrior",
                    "performance": 32.16438454257171
                },
                "mean": 20.754563325434614,
                "generation": 8,
                "diversity": 142.6661537430256
            },
            {
                "best": {
                    "class_name": "warrior",
                    "performance": 32.16438454257171
                },
                "mean": 22.06572760821298,
                "generation": 9,
                "diversity": 116.01920143507844
            },
            {
                "best": {
                    "class_name": "warrior",
                    "performance": 32.594690453877185
                },
                "mean": 23.229354728041216,
                "generation": 10,
                "diversity": 96.66260345544369
            },
            {
                "best": {
                    "class_name": "warrior",
                    "performance": 34.04090985374952
                },
                "mean": 23.99267930393531,
                "generation": 11,
                "diversity": 89.05702949559759
            },
            {
                "best": {
                    "class_name": "warrior",
                    "performance": 36.418268989836136
                },
                "mean": 24.503500086824396,
                "generation": 12,
                "diversity": 80.86167745173992
            },
            {
                "best": {
                    "class_name": "warrior",
                    "performance": 36.560458813285315
                },
                "mean": 25.178001914701948,
                "generation": 13,
                "diversity": 74.73675721232881
            },
            {
                "best": {
                    "class_name": "warrior",
                    "performance": 39.98068054975198
                },
                "mean": 25.78921956273834,
                "generation": 14,
                "diversity": 74.34516972446744
            },
            {
                "best": {
                    "class_name": "warrior",
                    "performance": 36.35502280834562
                },
                "mean": 26.774612658887865,
                "generation": 15,
                "diversity": 65.70715571231706
            },
            {
                "best": {
                    "class_name": "warrior",
                    "performance": 37.250167121621836
                },
                "mean": 27.237047343760583,
                "generation": 16,
                "diversity": 59.943502831909264
            },
            {
                "best": {
                    "class_name": "warrior",
                    "performance": 37.65728503569596
                },
                "mean": 28.48369414856807,
                "generation": 17,
                "diversity": 62.01770495495908
            },
            {
                "best": {
                    "class_name": "warrior",
                    "performance": 38.85177029031287
                },
                "mean": 29.629330090041186,
                "generation": 18,
                "diversity": 56.59076467274835
            },
            {
                "best": {
                    "class_name": "warrior",
                    "performance": 39.00790742034974
                },
                "mean": 31.09320625039887,
                "generation": 19,
                "diversity": 56.587920360922205
            },
            {
                "best": {
                    "class_name": "warrior",
                    "performance": 40.186757954748124
                },
                "mean": 31.820336770532467,
                "generation": 20,
                "diversity": 48.58940508232919
            },
            {
                "best": {
                    "class_name": "warrior",
                    "performance": 40.186757954748124
                },
                "mean": 32.213436411181654,
                "generation": 21,
                "diversity": 45.72906372846983
            },
            {
                "best": {
                    "class_name": "warrior",
                    "performance": 39.85169570198527
                },
                "mean": 33.14066195476963,
                "generation": 22,
                "diversity": 40.430721467784416
            },
            {
                "best": {
                    "class_name": "warrior",
                    "performance": 40.81645043214925
                },
                "mean": 33.20815562394445,
                "generation": 23,
                "diversity": 39.726713389496275
            },
            {
                "best": {
                    "class_name": "warrior",
                    "performance": 39.06937706560212
                },
                "mean": 34.126436262931264,
                "generation": 24,
                "diversity": 32.56661007487068
            },
            {
                "best": {
                    "class_name": "warrior",
                    "performance": 39.45330872350358
                },
                "mean": 34.411214439829756,
                "generation": 25,
                "diversity": 30.66492639275172
            },
            {
                "best": {
                    "class_name": "warrior",
                    "performance": 39.384087804920945
                },
                "mean": 34.346255330559096,
                "generation": 26,
                "diversity": 27.704290015903695
            },
            {
                "best": {
                    "class_name": "warrior",
                    "performance": 39.804622470441664
                },
                "mean": 34.75470418129366,
                "generation": 27,
                "diversity": 23.48624776785363
            },
            {
                "best": {
                    "class_name": "warrior",
                    "performance": 39.57767289798418
                },
                "mean": 35.16273807986741,
                "generation": 28,
                "diversity": 20.371311830895117
            },
            {
                "best": {
                    "class_name": "warrior",
                    "performance": 39.812193059421574
                },
                "mean": 35.197825020095586,
                "generation": 29,
                "diversity": 21.79299059526173
            },
            {
                "best": {
                    "class_name": "warrior",
                    "performance": 39.43355900203904
                },
                "mean": 35.382140807135364,
                "generation": 30,
                "diversity": 21.949607466958586
            },
            {
                "best": {
                    "class_name": "warrior",
                    "performance": 39.37968058220466
                },
                "mean": 35.36894268753241,
                "generation": 31,
                "diversity": 20.929818905947922
            },
            {
                "best": {
                    "class_name": "warrior",
                    "performance": 39.43733659354863
                },
                "mean": 35.12242302348277,
                "generation": 32,
                "diversity": 21.96814196926617
            },
            {
                "best": {
                    "class_name": "warrior",
                    "performance": 40.00762287982689
                },
                "mean": 35.55177828746032,
                "generation": 33,
                "diversity": 19.58955021273338
            },
            {
                "best": {
                    "class_name": "warrior",
                    "performance": 40.00762287982689
                },
                "mean": 35.852934909518446,
                "generation": 34,
                "diversity": 23.27600337183541
            },
            {
                "best": {
                    "class_name": "warrior",
                    "performance": 40.08874659150663
                },
                "mean": 36.28466000966287,
                "generation": 35,
                "diversity": 19.20505008620396
            },
            {
                "best": {
                    "class_name": "warrior",
                    "performance": 40.08874659150663
                },
                "mean": 36.31889882363264,
                "generation": 36,
                "diversity": 20.570246087281877
            },
            {
                "best": {
                    "class_name": "warrior",
                    "performance": 40.42695937111991
                },
                "mean": 36.36136822651574,
                "generation": 37,
                "diversity": 18.440281912707356
            },
            {
                "best": {
                    "class_name": "warrior",
                    "performance": 40.1365728624945
                },
                "mean": 36.50338624650787,
                "generation": 38,
                "diversity": 18.344710059379754
            },
            {
                "best": {
                    "class_name": "warrior",
                    "performance": 40.76727396096079
                },
                "mean": 36.42827401259749,
                "generation": 39,
                "diversity": 18.593250635214947
            },
            {
                "best": {
                    "class_name": "warrior",
                    "performance": 40.26933481873604
                },
                "mean": 36.2430452115728,
                "generation": 40,
                "diversity": 20.03115704492417
            },
            {
                "best": {
                    "class_name": "warrior",
                    "performance": 40.508684609099674
                },
                "mean": 36.486035243865956,
                "generation": 41,
                "diversity": 18.123679885069702
            },
            {
                "best": {
                    "class_name": "warrior",
                    "performance": 41.13458300084455
                },
                "mean": 36.629492741246956,
                "generation": 42,
                "diversity": 18.339555461263732
            },
            {
                "best": {
                    "class_name": "warrior",
                    "performance": 41.13458300084455
                },
                "mean": 36.397498827799765,
                "generation": 43,
                "diversity": 19.303624031056007
            },
            {
                "best": {
                    "class_name": "warrior",
                    "performance": 40.60577836405379
                },
                "mean": 36.67246713448902,
                "generation": 44,
                "diversity": 20.749570510751017
            },
            {
                "best": {
                    "class_name": "warrior",
                    "performance": 40.60577836405379
                },
                "mean": 36.69870224715523,
                "generation": 45,
                "diversity": 22.412955295412427
            },
            {
                "best": {
                    "class_name": "warrior",
                    "performance": 40.96739172430842
                },
                "mean": 36.955442394190406,
                "generation": 46,
                "diversity": 23.84627368451832
            },
            {
                "best": {
                    "class_name": "warrior",
                    "performance": 40.864119082849676
                },
                "mean": 37.08046252185919,
                "generation": 47,
                "diversity": 26.500581431676938
            },
            {
                "best": {
                    "class_name": "warrior",
                    "performance": 40.894709851106484
                },
                "mean": 36.9674753992211,
                "generation": 48,
                "diversity": 22.524068885885686
            },
            {
                "best": {
                    "class_name": "warrior",
                    "performance": 41.072481037994585
                },
                "mean": 37.19373862123999,
                "generation": 49,
                "diversity": 24.545127951631628
            },
            {
                "best": {
                    "class_name": "warrior",
                    "performance": 40.67650974520428
                },
                "mean": 37.31437771658559,
                "generation": 50,
                "diversity": 25.92853494309807
            },
            {
                "best": {
                    "class_name": "warrior",
                    "performance": 40.40989181686416
                },
                "mean": 37.29077493140956,
                "generation": 51,
                "diversity": 27.584164563475355
            },
            {
                "best": {
                    "class_name": "warrior",
                    "performance": 40.54523798248918
                },
                "mean": 37.26632675867714,
                "generation": 52,
                "diversity": 27.169864507056854
            },
            {
                "best": {
                    "class_name": "warrior",
                    "performance": 41.013154139870906
                },
                "mean": 37.189913945143694,
                "generation": 53,
                "diversity": 26.742012269870248
            },
            {
                "best": {
                    "class_name": "warrior",
                    "performance": 41.013154139870906
                },
                "mean": 37.24873256379737,
                "generation": 54,
                "diversity": 28.067780789209056
            },
            {
                "best": {
                    "class_name": "warrior",
                    "performance": 41.013154139870906
                },
                "mean": 37.24588422744348,
                "generation": 55,
                "diversity": 31.842132213846156
            },
            {
                "best": {
                    "class_name": "warrior",
                    "performance": 41.10399410355909
                },
                "mean": 36.9491649370936,
                "generation": 56,
                "diversity": 32.39204698729882
            },
            {
                "best": {
                    "class_name": "warrior",
                    "performance": 41.090042734848616
                },
                "mean": 37.37897302399585,
                "generation": 57,
                "diversity": 31.351681964969284
            },
            {
                "best": {
                    "class_name": "warrior",
                    "performance": 41.090042734848616
                },
                "mean": 37.32573208015839,
                "generation": 58,
                "diversity": 32.13330265123859
            },
            {
                "best": {
                    "class_name": "warrior",
                    "performance": 40.971486285678445
                },
                "mean": 37.39088505313764,
                "generation": 59,
                "diversity": 31.374634431444225
            },
            {
                "best": {
                    "class_name": "warrior",
                    "performance": 40.88465515758714
                },
                "mean": 37.00504338051861,
                "generation": 60,
                "diversity": 33.99380181679585
            },
            {
                "best": {
                    "class_name": "warrior",
                    "performance": 40.84024652499543
                },
                "mean": 36.636580229365244,
                "generation": 61,
                "diversity": 30.234744723724575
            },
            {
                "best": {
                    "class_name": "warrior",
                    "performance": 40.84024652499543
                },
                "mean": 36.90548479074676,
                "generation": 62,
                "diversity": 31.462597204469812
            }
        ]
    },
    "config": {
        "population_size": 400,
        "population_to_keep": 200,
        "class_name": "warrior",
        "selection_config_a": {
            "selection_type": "elite",
            "population_to_keep": 100,
            "tournament_size": 50,
            "threshold": 0.75,
            "initial_temperature": 30,
            "temperature_decay": 0.6,
            "min_temperature": 5
        },
        "selection_config_b": {
            "selection_type": "roulette",
            "population_to_keep": 100,
            "tournament_size": 50,
            "threshold": 0.75,
            "initial_temperature": 30,
            "temperature_decay": 0.6,
            "min_temperature": 5
        },
        "selection_config_rate": 0.5,
        "crossover_config": {
            "method": "uniform"
        },
        "mutation_config": {
            "mutation_type": "multi_gen",
            "mutation_rate": 0.2,
            "delta_mutation": 15
        },
        "replacement_config_a": {
            "type": "traditional",
            "quantity": 100,
            "gen_gap": 0.5
        },
        "replacement_config_b": {
            "type": "young_bias",
            "quantity": 100,
            "gen_gap": 0.5
        },
        "replacement_config_rate": 0.5,
        "end_condition_config": {
            "type": "content",
            "generations_to_check": 20,
            "generations": 500,
            "optimum_value": 61.5,
            "tolerance": 0.1,
            "structure_tolerance": 0.01,
            "structure_relevant_proportion": 0.98
        }
    }
}