{
    "results": {
        "best": {
            "solution": {
                "class_name": "warrior",
                "variables": {
                    "strength": 74.99548563243415,
                    "agility": 75.00451436756585,
                    "expertise": 0,
                    "resistance": 0.0,
                    "life": 0.0,
                    "height": 1.9200000000000002
                },
                "performance": 41.24454008929918
            },
            "generation": 45
        },
        "last_iterations": [
            {
                "best": {
                    "class_name": "warrior",
                    "performance": 30.155239609057826
                },
                "mean": 16.19920284689889,
                "generation": 1,
                "diversity": 238.81804287693947
            },
            {
                "best": {
                    "class_name": "warrior",
                    "performance": 33.01358612971963
                },
                "mean": 17.2116924413541,
                "generation": 2,
                "diversity": 214.94323917815765
            },
            {
                "best": {
                    "class_name": "warrior",
                    "performance": 32.908428383229065
                },
                "mean": 18.0308847207326,
                "generation": 3,
                "diversity": 192.5120596241701
            },
            {
                "best": {
                    "class_name": "warrior",
                    "performance": 31.419824613580083
                },
                "mean": 18.619147118246005,
                "generation": 4,
                "diversity": 178.84891222737215
            },
            {
                "best": {
                    "class_name": "warrior",
                    "performance": 32.39853757576339
                },
                "mean": 19.576809327391107,
                "generation": 5,
                "diversity": 159.76660534607822
            },
            {
                "best": {
                    "class_name": "warrior",
                    "performance": 33.030044416153125
                },
                "mean": 21.012324284646215,
                "generation": 6,
                "diversity": 153.1427776975606
            },
            {
                "best": {
                    "class_name": "warrior",
                    "performance": 35.12686941767399
                },
                "mean": 21.878971873967213,
                "generation": 7,
                "diversity": 131.97503393083775
            },
            {
                "best": {
                    "class_name": "warrior",
                    "performance": 37.95932406301302
                },
                "mean": 22.88780059317426,
                "generation": 8,
                "diversity": 128.62980432578806
            },
            {
                "best": {
                    "class_name": "warrior",
                    "performance": 38.3724356015317
                },
                "mean": 23.97855715402474,
                "generation": 9,
                "diversity": 116.13872851399206
            },
            {
                "best": {
                    "class_name": "warrior",
                    "performance": 38.888689136456726
                },
                "mean": 25.060453225740183,
                "generation": 10,
                "diversity": 103.01741691497432
            },
            {
                "best": {
                    "class_name": "warrior",
                    "performance": 40.27503048727015
                },
                "mean": 26.182142823018637,
                "generation": 11,
                "diversity": 92.13376821686713
            },
            {
                "best": {
                    "class_name": "warrior",
                    "performance": 40.27503048727015
                },
                "mean": 27.068964899886684,
                "generation": 12,
                "diversity": 92.0263799968174
            },
            {
                "best": {
                    "class_name": "warrior",
                    "performance": 40.27503048727015
                },
                "mean": 27.98294031686794,
                "generation": 13,
                "diversity": 87.50182964822592
            },
            {
                "best": {
                    "class_name": "warrior",
                    "performance": 40.92413169601
                },
                "mean": 29.06384757431641,
                "generation": 14,
                "diversity": 88.6027763951076
            },
            {
                "best": {
                    "class_name": "warrior",
                    "performance": 40.001607067889104
                },
                "mean": 29.814812528731448,
                "generation": 15,
                "diversity": 80.41389331137226
            },
            {
                "best": {
                    "class_name": "warrior",
                    "performance": 39.84582189685978
                },
                "mean": 30.303701671344076,
                "generation": 16,
                "diversity": 75.99837372445403
            },
            {
                "best": {
                    "class_name": "warrior",
                    "performance": 39.479566963793644
                },
                "mean": 31.244840472994223,
                "generation": 17,
                "diversity": 65.47317977545073
            },
            {
                "best": {
                    "class_name": "warrior",
                    "performance": 39.96903622139091
                },
                "mean": 31.91501150929047,
                "generation": 18,
                "diversity": 60.803192585884794
            },
            {
                "best": {
                    "class_name": "warrior",
                    "performance": 40.10397332816922
                },
                "mean": 32.9258286228993,
                "generation": 19,
                "diversity": 52.82429923272938
            },
            {
                "best": {
                    "class_name": "warrior",
                    "performance": 40.962289846935704
                },
                "mean": 33.72420009632827,
                "generation": 20,
                "diversity": 47.04234993477106
            },
            {
                "best": {
                    "class_name": "warrior",
                    "performance": 40.85524190527065
                },
                "mean": 34.301372927222815,
                "generation": 21,
                "diversity": 46.22713979946877
            },
            {
                "best": {
                    "class_name": "warrior",
                    "performance": 40.713014907603224
                },
                "mean": 34.72003607020644,
                "generation": 22,
                "diversity": 46.656256708091995
            },
            {
                "best": {
                    "class_name": "warrior",
                    "performance": 40.75896238940413
                },
                "mean": 35.1695997816502,
                "generation": 23,
                "diversity": 42.55066398956866
            },
            {
                "best": {
                    "class_name": "warrior",
                    "performance": 40.81039858284305
                },
                "mean": 35.59558519107104,
                "generation": 24,
                "diversity": 37.32096096246434
            },
            {
                "best": {
                    "class_name": "warrior",
                    "performance": 40.96402239126513
                },
                "mean": 36.13919273957512,
                "generation": 25,
                "diversity": 35.06504667777158
            },
            {
                "best": {
                    "class_name": "warrior",
                    "performance": 41.242730957711245
                },
                "mean": 36.27254990614263,
                "generation": 26,
                "diversity": 36.46142692440428
            },
            {
                "best": {
                    "class_name": "warrior",
                    "performance": 41.17810546945023
                },
                "mean": 36.399618472975945,
                "generation": 27,
                "diversity": 36.21227380422496
            },
            {
                "best": {
                    "class_name": "warrior",
                    "performance": 41.17810546945023
                },
                "mean": 36.614931550164684,
                "generation": 28,
                "diversity": 35.01191432535372
            },
            {
                "best": {
                    "class_name": "warrior",
                    "performance": 41.13673072814231
                },
                "mean": 36.64312420631182,
                "generation": 29,
                "diversity": 35.40795202839295
            },
            {
                "best": {
                    "class_name": "warrior",
                    "performance": 41.177115793698924
                },
                "mean": 36.63753362123235,
                "generation": 30,
                "diversity": 36.23991206211933
            },
            {
                "best": {
                    "class_name": "warrior",
                    "performance": 41.095545203915435
                },
                "mean": 36.598580292327334,
                "generation": 31,
                "diversity": 35.69638192943848
            },
            {
                "best": {
                    "class_name": "warrior",
                    "performance": 41.05861215004112
                },
                "mean": 36.59031563975002,
                "generation": 32,
                "diversity": 34.00421302912942
            },
            {
                "best": {
                    "class_name": "warrior",
                    "performance": 41.08393582272919
                },
                "mean": 36.72482550275189,
                "generation": 33,
                "diversity": 31.987955481511204
            },
            {
                "best": {
                    "class_name": "warrior",
                    "performance": 41.01328215799657
                },
                "mean": 36.74822894845026,
                "generation": 34,
                "diversity": 32.16606707228842
            },
            {
                "best": {
                    "class_name": "warrior",
                    "performance": 41.22990518059212
                },
                "mean": 36.83671005680974,
                "generation": 35,
                "diversity": 32.5173764802679
            },
            {
                "best": {
                    "class_name": "warrior",
                    "performance": 41.14388158335472
                },
                "mean": 36.852941387466004,
                "generation": 36,
                "diversity": 32.492674745498185
            },
            {
                "best": {
                    "class_name": "warrior",
                    "performance": 41.24095348894402
                },
                "mean": 37.05375043549407,
                "generation": 37,
                "diversity": 31.951976907541454
            },
            {
                "best": {
                    "class_name": "warrior",
                    "performance": 41.11800764690032
                },
                "mean": 37.45812850656827,
                "generation": 38,
                "diversity": 29.71571152879287
            },
            {
                "best": {
                    "class_name": "warrior",
                    "performance": 41.24247181282442
                },
                "mean": 37.40194713235154,
                "generation": 39,
                "diversity": 28.23625724461804
            },
            {
                "best": {
                    "class_name": "warrior",
                    "performance": 40.942427557741034
                },
                "mean": 37.4332691065651,
                "generation": 40,
                "diversity": 28.341599971685415
            },
            {
                "best": {
                    "class_name": "warrior",
                    "performance": 41.0878763129839
                },
                "mean": 37.647537264465434,
                "generation": 41,
                "diversity": 29.520385768385996
            },
            {
                "best": {
                    "class_name": "warrior",
                    "performance": 41.16367113114055
                },
                "mean": 37.44318619278564,
                "generation": 42,
                "diversity": 26.25249147034999
            },
            {
                "best": {
                    "class_name": "warrior",
                    "performance": 41.21714828075027
                },
                "mean": 37.622437511531274,
                "generation": 43,
                "diversity": 25.54761202986973
            },
            {
                "best": {
                    "class_name": "warrior",
                    "performance": 41.21714828075027
                },
                "mean": 37.65057960177959,
                "generation": 44,
                "diversity": 26.14052687291777
            },
            {
                "best": {
                    "class_name": "warrior",
                    "performance": 41.24454008929918
                },
                "mean": 37.61787708516026,
                "generation": 45,
                "diversity": 24.1033611223129
            },
            {
                "best": {
                    "class_name": "warrior",
                    "performance": 41.23851801540929
                },
                "mean": 37.755456585158456,
                "generation": 46,
                "diversity": 24.64694045315966
            }
        ]
    },
    "config": {
        "population_size": 1400,
        "population_to_keep": 700,
        "class_name": "warrior",
        "selection_config_a": {
            "selection_type": "elite",
            "population_to_keep": 350,
            "tournament_size": 50,
            "threshold": 0.75,
            "initial_temperature": 30,
            "temperature_decay": 0.6,
            "min_temperature": 5
        },
        "selection_config_b": {
            "selection_type": "roulette",
            "population_to_keep": 350,
            "tournament_size": 50,
            "threshold": 0.75,
            "initial_temperature": 30,
            "temperature_decay": 0.6,
            "min_temperature": 5
        },
        "selection_config_rate": 0.5,
        "crossover_config": {
            "method": "uniform"
        },
        "mutation_config": {
            "mutation_type": "multi_gen",
            "mutation_rate": 0.2,
            "delta_mutation": 15
        },
        "replacement_config_a": {
            "type": "traditional",
            "quantity": 350,
            "gen_gap": 0.5
        },
        "replacement_config_b": {
            "type": "young_bias",
            "quantity": 350,
            "gen_gap": 0.5
        },
        "replacement_config_rate": 0.5,
        "end_condition_config": {
            "type": "content",
            "generations_to_check": 20,
            "generations": 500,
            "optimum_value": 61.5,
            "tolerance": 0.1,
            "structure_tolerance": 0.01,
            "structure_relevant_proportion": 0.98
        }
    }
}