{
    "results": {
        "best": {
            "solution": {
                "class_name": "warrior",
                "variables": {
                    "strength": 72.96706697386392,
                    "agility": 73.34770765296297,
                    "expertise": 3.6852253731731115,
                    "resistance": 0.0,
                    "life": 0.0,
                    "height": 1.9200000000000002
                },
                "performance": 41.219892306671134
            },
            "generation": 28
        },
        "last_iterations": [
            {
                "best": {
                    "class_name": "warrior",
                    "performance": 30.811907690973296
                },
                "mean": 15.933316704658477,
                "generation": 1,
                "diversity": 233.86882004577024
            },
            {
                "best": {
                    "class_name": "warrior",
                    "performance": 33.904234056179085
                },
                "mean": 17.006816045753453,
                "generation": 2,
                "diversity": 206.31381151051036
            },
            {
                "best": {
                    "class_name": "warrior",
                    "performance": 32.354847662777104
                },
                "mean": 17.60130881827842,
                "generation": 3,
                "diversity": 192.9915799385717
            },
            {
                "best": {
                    "class_name": "warrior",
                    "performance": 32.34070920393815
                },
                "mean": 18.027399527884256,
                "generation": 4,
                "diversity": 178.61082384838232
            },
            {
                "best": {
                    "class_name": "warrior",
                    "performance": 33.89893516976122
                },
                "mean": 19.308931527624402,
                "generation": 5,
                "diversity": 166.7864191829972
            },
            {
                "best": {
                    "class_name": "warrior",
                    "performance": 34.77229871950261
                },
                "mean": 20.934610673944846,
                "generation": 6,
                "diversity": 150.03807300234993
            },
            {
                "best": {
                    "class_name": "warrior",
                    "performance": 37.2214344214887
                },
                "mean": 22.2231400567791,
                "generation": 7,
                "diversity": 130.57726961315205
            },
            {
                "best": {
                    "class_name": "warrior",
                    "performance": 38.725913219186005
                },
                "mean": 22.74481823352961,
                "generation": 8,
                "diversity": 128.25048319251945
            },
            {
                "best": {
                    "class_name": "warrior",
                    "performance": 41.03770492108494
                },
                "mean": 23.59515135410668,
                "generation": 9,
                "diversity": 116.4484745831059
            },
            {
                "best": {
                    "class_name": "warrior",
                    "performance": 38.0074987475421
                },
                "mean": 24.070943836731708,
                "generation": 10,
                "diversity": 108.52125518801928
            },
            {
                "best": {
                    "class_name": "warrior",
                    "performance": 36.03173283959207
                },
                "mean": 24.74528594096743,
                "generation": 11,
                "diversity": 102.96771449705086
            },
            {
                "best": {
                    "class_name": "warrior",
                    "performance": 39.31764613371786
                },
                "mean": 26.086689903494772,
                "generation": 12,
                "diversity": 90.21009180641575
            },
            {
                "best": {
                    "class_name": "warrior",
                    "performance": 39.92371889574557
                },
                "mean": 26.756783932982966,
                "generation": 13,
                "diversity": 80.6609146217318
            },
            {
                "best": {
                    "class_name": "warrior",
                    "performance": 39.422140877605415
                },
                "mean": 27.552477896942552,
                "generation": 14,
                "diversity": 76.65602847432636
            },
            {
                "best": {
                    "class_name": "warrior",
                    "performance": 39.422140877605415
                },
                "mean": 28.330900372505045,
                "generation": 15,
                "diversity": 70.29224095092177
            },
            {
                "best": {
                    "class_name": "warrior",
                    "performance": 40.226087448618536
                },
                "mean": 29.2505330665833,
                "generation": 16,
                "diversity": 67.39638453886576
            },
            {
                "best": {
                    "class_name": "warrior",
                    "performance": 40.026559686366014
                },
                "mean": 29.420043059939363,
                "generation": 17,
                "diversity": 61.63384515812507
            },
            {
                "best": {
                    "class_name": "warrior",
                    "performance": 40.20945357153111
                },
                "mean": 30.273983046038797,
                "generation": 18,
                "diversity": 59.46481325906288
            },
            {
                "best": {
                    "class_name": "warrior",
                    "performance": 40.63928870526511
                },
                "mean": 31.08361945734419,
                "generation": 19,
                "diversity": 52.4310601545244
            },
            {
                "best": {
                    "class_name": "warrior",
                    "performance": 40.084359527506464
                },
                "mean": 31.648459862191377,
                "generation": 20,
                "diversity": 50.32653807340915
            },
            {
                "best": {
                    "class_name": "warrior",
                    "performance": 40.72416795383258
                },
                "mean": 32.47673965113222,
                "generation": 21,
                "diversity": 48.42778362013408
            },
            {
                "best": {
                    "class_name": "warrior",
                    "performance": 40.69271042615223
                },
                "mean": 33.157875615355124,
                "generation": 22,
                "diversity": 46.69526784545409
            },
            {
                "best": {
                    "class_name": "warrior",
                    "performance": 40.02759946650992
                },
                "mean": 33.95884835434002,
                "generation": 23,
                "diversity": 40.94007352114604
            },
            {
                "best": {
                    "class_name": "warrior",
                    "performance": 40.89500581041923
                },
                "mean": 34.24462308551248,
                "generation": 24,
                "diversity": 40.57229341359986
            },
            {
                "best": {
                    "class_name": "warrior",
                    "performance": 41.21837884228007
                },
                "mean": 34.39484596579146,
                "generation": 25,
                "diversity": 39.214616233923685
            },
            {
                "best": {
                    "class_name": "warrior",
                    "performance": 41.21837884228007
                },
                "mean": 34.97029365441579,
                "generation": 26,
                "diversity": 34.493785249521174
            },
            {
                "best": {
                    "class_name": "warrior",
                    "performance": 41.04863465671471
                },
                "mean": 35.25299570054871,
                "generation": 27,
                "diversity": 33.35672761667718
            },
            {
                "best": {
                    "class_name": "warrior",
                    "performance": 41.219892306671134
                },
                "mean": 35.802110056109655,
                "generation": 28,
                "diversity": 27.760444075660626
            },
            {
                "best": {
                    "class_name": "warrior",
                    "performance": 41.219892306671134
                },
                "mean": 35.974184353025706,
                "generation": 29,
                "diversity": 27.493638514244
            },
            {
                "best": {
                    "class_name": "warrior",
                    "performance": 40.99730929812241
                },
                "mean": 36.28008764945316,
                "generation": 30,
                "diversity": 25.144989045487147
            },
            {
                "best": {
                    "class_name": "warrior",
                    "performance": 40.99730929812241
                },
                "mean": 36.4824825731679,
                "generation": 31,
                "diversity": 23.78283631171064
            },
            {
                "best": {
                    "class_name": "warrior",
                    "performance": 40.62795979655174
                },
                "mean": 37.03795067986283,
                "generation": 32,
                "diversity": 21.027826453226524
            },
            {
                "best": {
                    "class_name": "warrior",
                    "performance": 40.6162030356911
                },
                "mean": 36.76432323319,
                "generation": 33,
                "diversity": 18.155656440990697
            },
            {
                "best": {
                    "class_name": "warrior",
                    "performance": 40.65290914187665
                },
                "mean": 36.696225269399235,
                "generation": 34,
                "diversity": 20.091272220548017
            },
            {
                "best": {
                    "class_name": "warrior",
                    "performance": 40.83165898239886
                },
                "mean": 36.84635411644956,
                "generation": 35,
                "diversity": 19.407728194047035
            },
            {
                "best": {
                    "class_name": "warrior",
                    "performance": 40.83165898239886
                },
                "mean": 36.94734914667996,
                "generation": 36,
                "diversity": 19.391314446318933
            },
            {
                "best": {
                    "class_name": "warrior",
                    "performance": 40.78918128673787
                },
                "mean": 36.907597456285444,
                "generation": 37,
                "diversity": 18.287426489885647
            },
            {
                "best": {
                    "class_name": "warrior",
                    "performance": 40.818820866474184
                },
                "mean": 36.99072828496389,
                "generation": 38,
                "diversity": 18.227968816528886
            },
            {
                "best": {
                    "class_name": "warrior",
                    "performance": 40.94679107362954
                },
                "mean": 37.346216694475096,
                "generation": 39,
                "diversity": 17.657706596584912
            },
            {
                "best": {
                    "class_name": "warrior",
                    "performance": 41.038699452968686
                },
                "mean": 37.325140009688006,
                "generation": 40,
                "diversity": 20.394828584521985
            },
            {
                "best": {
                    "class_name": "warrior",
                    "performance": 41.21881657771216
                },
                "mean": 37.593804697435345,
                "generation": 41,
                "diversity": 21.54640039718758
            },
            {
                "best": {
                    "class_name": "warrior",
                    "performance": 41.21881657771216
                },
                "mean": 37.724206137475846,
                "generation": 42,
                "diversity": 22.91234176595034
            },
            {
                "best": {
                    "class_name": "warrior",
                    "performance": 41.21881657771216
                },
                "mean": 37.64144830304469,
                "generation": 43,
                "diversity": 23.65361499258609
            },
            {
                "best": {
                    "class_name": "warrior",
                    "performance": 41.21945358630041
                },
                "mean": 37.724960545059055,
                "generation": 44,
                "diversity": 21.16819396744741
            },
            {
                "best": {
                    "class_name": "warrior",
                    "performance": 40.991497206950285
                },
                "mean": 37.73064417398459,
                "generation": 45,
                "diversity": 21.467945910871833
            }
        ]
    },
    "config": {
        "population_size": 1400,
        "population_to_keep": 700,
        "class_name": "warrior",
        "selection_config_a": {
            "selection_type": "elite",
            "population_to_keep": 350,
            "tournament_size": 50,
            "threshold": 0.75,
            "initial_temperature": 30,
            "temperature_decay": 0.6,
            "min_temperature": 5
        },
        "selection_config_b": {
            "selection_type": "roulette",
            "population_to_keep": 350,
            "tournament_size": 50,
            "threshold": 0.75,
            "initial_temperature": 30,
            "temperature_decay": 0.6,
            "min_temperature": 5
        },
        "selection_config_rate": 0.5,
        "crossover_config": {
            "method": "uniform"
        },
        "mutation_config": {
            "mutation_type": "multi_gen",
            "mutation_rate": 0.2,
            "delta_mutation": 15
        },
        "replacement_config_a": {
            "type": "traditional",
            "quantity": 350,
            "gen_gap": 0.5
        },
        "replacement_config_b": {
            "type": "young_bias",
            "quantity": 350,
            "gen_gap": 0.5
        },
        "replacement_config_rate": 0.5,
        "end_condition_config": {
            "type": "content",
            "generations_to_check": 20,
            "generations": 500,
            "optimum_value": 61.5,
            "tolerance": 0.1,
            "structure_tolerance": 0.01,
            "structure_relevant_proportion": 0.98
        }
    }
}