{
    "results": {
        "best": {
            "solution": {
                "class_name": "warrior",
                "variables": {
                    "strength": 75.00741363445222,
                    "agility": 74.99258636554777,
                    "expertise": 0.0,
                    "resistance": 0.0,
                    "life": 0.0,
                    "height": 1.91
                },
                "performance": 41.243071769046196
            },
            "generation": 33
        },
        "last_iterations": [
            {
                "best": {
                    "class_name": "warrior",
                    "performance": 35.60739612984113
                },
                "mean": 16.20787754245493,
                "generation": 1,
                "diversity": 231.44331028596864
            },
            {
                "best": {
                    "class_name": "warrior",
                    "performance": 33.4715917604164
                },
                "mean": 17.028135659699313,
                "generation": 2,
                "diversity": 215.1497921998613
            },
            {
                "best": {
                    "class_name": "warrior",
                    "performance": 33.4715917604164
                },
                "mean": 17.821206550570107,
                "generation": 3,
                "diversity": 189.03793720407828
            },
            {
                "best": {
                    "class_name": "warrior",
                    "performance": 34.23264794110622
                },
                "mean": 18.788060570788286,
                "generation": 4,
                "diversity": 167.03720677983037
            },
            {
                "best": {
                    "class_name": "warrior",
                    "performance": 34.95582996584776
                },
                "mean": 19.565373351119263,
                "generation": 5,
                "diversity": 156.56343304138286
            },
            {
                "best": {
                    "class_name": "warrior",
                    "performance": 33.160513232968015
                },
                "mean": 19.91393048846392,
                "generation": 6,
                "diversity": 158.56836817348233
            },
            {
                "best": {
                    "class_name": "warrior",
                    "performance": 33.75440192094051
                },
                "mean": 20.720859523716253,
                "generation": 7,
                "diversity": 146.2362556561267
            },
            {
                "best": {
                    "class_name": "warrior",
                    "performance": 37.17687025629248
                },
                "mean": 21.43054268291872,
                "generation": 8,
                "diversity": 132.77284231830689
            },
            {
                "best": {
                    "class_name": "warrior",
                    "performance": 39.395627274623145
                },
                "mean": 23.01624693761844,
                "generation": 9,
                "diversity": 118.72549143940074
            },
            {
                "best": {
                    "class_name": "warrior",
                    "performance": 39.561102395741855
                },
                "mean": 24.038474231813506,
                "generation": 10,
                "diversity": 108.31736334111156
            },
            {
                "best": {
                    "class_name": "warrior",
                    "performance": 39.561102395741855
                },
                "mean": 24.737798744790748,
                "generation": 11,
                "diversity": 108.67358820505923
            },
            {
                "best": {
                    "class_name": "warrior",
                    "performance": 39.395627274623145
                },
                "mean": 25.86005649056649,
                "generation": 12,
                "diversity": 97.05117907861388
            },
            {
                "best": {
                    "class_name": "warrior",
                    "performance": 37.22140864273384
                },
                "mean": 26.604188910602435,
                "generation": 13,
                "diversity": 88.83093889233965
            },
            {
                "best": {
                    "class_name": "warrior",
                    "performance": 39.668932039801454
                },
                "mean": 27.558288968891738,
                "generation": 14,
                "diversity": 76.50975358179134
            },
            {
                "best": {
                    "class_name": "warrior",
                    "performance": 39.668932039801454
                },
                "mean": 28.23270071935081,
                "generation": 15,
                "diversity": 75.28260852206293
            },
            {
                "best": {
                    "class_name": "warrior",
                    "performance": 39.610930694634874
                },
                "mean": 29.38925219778758,
                "generation": 16,
                "diversity": 74.96634076341537
            },
            {
                "best": {
                    "class_name": "warrior",
                    "performance": 40.36011641973169
                },
                "mean": 30.342407070262233,
                "generation": 17,
                "diversity": 68.91565910591153
            },
            {
                "best": {
                    "class_name": "warrior",
                    "performance": 40.5258143250702
                },
                "mean": 31.048758254571926,
                "generation": 18,
                "diversity": 66.48448084645999
            },
            {
                "best": {
                    "class_name": "warrior",
                    "performance": 40.5258143250702
                },
                "mean": 31.862140452195963,
                "generation": 19,
                "diversity": 64.67456548525874
            },
            {
                "best": {
                    "class_name": "warrior",
                    "performance": 39.888070363495515
                },
                "mean": 32.45317851752602,
                "generation": 20,
                "diversity": 58.935911805060925
            },
            {
                "best": {
                    "class_name": "warrior",
                    "performance": 39.888070363495515
                },
                "mean": 33.05747392722314,
                "generation": 21,
                "diversity": 58.249782460315025
            },
            {
                "best": {
                    "class_name": "warrior",
                    "performance": 40.01486877110575
                },
                "mean": 33.74096443028731,
                "generation": 22,
                "diversity": 52.46456965438358
            },
            {
                "best": {
                    "class_name": "warrior",
                    "performance": 40.17971311633652
                },
                "mean": 34.42517517219794,
                "generation": 23,
                "diversity": 49.74609550588979
            },
            {
                "best": {
                    "class_name": "warrior",
                    "performance": 40.77918643531472
                },
                "mean": 34.89948150338982,
                "generation": 24,
                "diversity": 47.03349759395169
            },
            {
                "best": {
                    "class_name": "warrior",
                    "performance": 40.77918643531472
                },
                "mean": 35.034514104750116,
                "generation": 25,
                "diversity": 50.55382799111524
            },
            {
                "best": {
                    "class_name": "warrior",
                    "performance": 39.9752199380513
                },
                "mean": 35.57256364513304,
                "generation": 26,
                "diversity": 48.53617191547679
            },
            {
                "best": {
                    "class_name": "warrior",
                    "performance": 41.01848652687804
                },
                "mean": 35.80302150390239,
                "generation": 27,
                "diversity": 47.94818563952077
            },
            {
                "best": {
                    "class_name": "warrior",
                    "performance": 40.77754440900439
                },
                "mean": 36.05751336848669,
                "generation": 28,
                "diversity": 47.51627409643262
            },
            {
                "best": {
                    "class_name": "warrior",
                    "performance": 40.7880655161082
                },
                "mean": 36.49507018790758,
                "generation": 29,
                "diversity": 48.067750821287156
            },
            {
                "best": {
                    "class_name": "warrior",
                    "performance": 41.18909186581679
                },
                "mean": 36.68933868275775,
                "generation": 30,
                "diversity": 52.40447957295908
            },
            {
                "best": {
                    "class_name": "warrior",
                    "performance": 41.20457428786022
                },
                "mean": 36.824209806305674,
                "generation": 31,
                "diversity": 52.57275942900696
            },
            {
                "best": {
                    "class_name": "warrior",
                    "performance": 41.215430318669696
                },
                "mean": 36.97210765491801,
                "generation": 32,
                "diversity": 54.955581986150065
            },
            {
                "best": {
                    "class_name": "warrior",
                    "performance": 41.243071769046196
                },
                "mean": 36.939443231724425,
                "generation": 33,
                "diversity": 51.83875991212624
            },
            {
                "best": {
                    "class_name": "warrior",
                    "performance": 41.243071769046196
                },
                "mean": 37.0112389720038,
                "generation": 34,
                "diversity": 48.81618382570321
            },
            {
                "best": {
                    "class_name": "warrior",
                    "performance": 41.14455106809734
                },
                "mean": 36.959830397756484,
                "generation": 35,
                "diversity": 47.259861675402306
            },
            {
                "best": {
                    "class_name": "warrior",
                    "performance": 41.163679548153006
                },
                "mean": 36.88296087600479,
                "generation": 36,
                "diversity": 45.92695505304163
            },
            {
                "best": {
                    "class_name": "warrior",
                    "performance": 41.2402249906836
                },
                "mean": 37.07873148228689,
                "generation": 37,
                "diversity": 43.77496127541574
            },
            {
                "best": {
                    "class_name": "warrior",
                    "performance": 41.2402249906836
                },
                "mean": 37.11487847801843,
                "generation": 38,
                "diversity": 43.44619847892617
            },
            {
                "best": {
                    "class_name": "warrior",
                    "performance": 41.11977381763159
                },
                "mean": 37.266648267128446,
                "generation": 39,
                "diversity": 42.289247246522585
            },
            {
                "best": {
                    "class_name": "warrior",
                    "performance": 41.1972147215231
                },
                "mean": 37.45922018339604,
                "generation": 40,
                "diversity": 39.949210964937656
            },
            {
                "best": {
                    "class_name": "warrior",
                    "performance": 41.2252715599762
                },
                "mean": 37.52696390871561,
                "generation": 41,
                "diversity": 37.08411127763308
            },
            {
                "best": {
                    "class_name": "warrior",
                    "performance": 41.233220066750356
                },
                "mean": 37.47049450814022,
                "generation": 42,
                "diversity": 38.56805300610544
            },
            {
                "best": {
                    "class_name": "warrior",
                    "performance": 41.178559054518864
                },
                "mean": 37.285765581659504,
                "generation": 43,
                "diversity": 39.49253653406009
            },
            {
                "best": {
                    "class_name": "warrior",
                    "performance": 41.2300949597662
                },
                "mean": 37.34326605928517,
                "generation": 44,
                "diversity": 37.9492251033987
            },
            {
                "best": {
                    "class_name": "warrior",
                    "performance": 41.2300949597662
                },
                "mean": 37.42074485302813,
                "generation": 45,
                "diversity": 37.57178268288273
            },
            {
                "best": {
                    "class_name": "warrior",
                    "performance": 41.24307019184205
                },
                "mean": 37.637287849150745,
                "generation": 46,
                "diversity": 37.461506888710595
            },
            {
                "best": {
                    "class_name": "warrior",
                    "performance": 41.10719444564789
                },
                "mean": 37.75317983217343,
                "generation": 47,
                "diversity": 36.05584633576129
            },
            {
                "best": {
                    "class_name": "warrior",
                    "performance": 41.21422745385731
                },
                "mean": 37.82877933567712,
                "generation": 48,
                "diversity": 32.611288634947975
            },
            {
                "best": {
                    "class_name": "warrior",
                    "performance": 41.2326273691263
                },
                "mean": 37.94309563679616,
                "generation": 49,
                "diversity": 31.849922220384254
            },
            {
                "best": {
                    "class_name": "warrior",
                    "performance": 41.23939026134614
                },
                "mean": 37.77567191370771,
                "generation": 50,
                "diversity": 32.16025895923513
            },
            {
                "best": {
                    "class_name": "warrior",
                    "performance": 41.222336463698745
                },
                "mean": 37.8524568035375,
                "generation": 51,
                "diversity": 30.083607339364264
            },
            {
                "best": {
                    "class_name": "warrior",
                    "performance": 41.24300888402851
                },
                "mean": 37.73640042452309,
                "generation": 52,
                "diversity": 30.53887129168575
            },
            {
                "best": {
                    "class_name": "warrior",
                    "performance": 41.24300888402851
                },
                "mean": 37.757156516619396,
                "generation": 53,
                "diversity": 29.38679526978096
            }
        ]
    },
    "config": {
        "population_size": 1200,
        "population_to_keep": 600,
        "class_name": "warrior",
        "selection_config_a": {
            "selection_type": "elite",
            "population_to_keep": 300,
            "tournament_size": 50,
            "threshold": 0.75,
            "initial_temperature": 30,
            "temperature_decay": 0.6,
            "min_temperature": 5
        },
        "selection_config_b": {
            "selection_type": "roulette",
            "population_to_keep": 300,
            "tournament_size": 50,
            "threshold": 0.75,
            "initial_temperature": 30,
            "temperature_decay": 0.6,
            "min_temperature": 5
        },
        "selection_config_rate": 0.5,
        "crossover_config": {
            "method": "uniform"
        },
        "mutation_config": {
            "mutation_type": "multi_gen",
            "mutation_rate": 0.2,
            "delta_mutation": 15
        },
        "replacement_config_a": {
            "type": "traditional",
            "quantity": 300,
            "gen_gap": 0.5
        },
        "replacement_config_b": {
            "type": "young_bias",
            "quantity": 300,
            "gen_gap": 0.5
        },
        "replacement_config_rate": 0.5,
        "end_condition_config": {
            "type": "content",
            "generations_to_check": 20,
            "generations": 500,
            "optimum_value": 61.5,
            "tolerance": 0.1,
            "structure_tolerance": 0.01,
            "structure_relevant_proportion": 0.98
        }
    }
}