{
    "results": {
        "best": {
            "solution": {
                "class_name": "warrior",
                "variables": {
                    "strength": 73.36563264658774,
                    "agility": 59.87266796566367,
                    "expertise": 16.761699387748614,
                    "resistance": 0.0,
                    "life": 0.0,
                    "height": 1.92
                },
                "performance": 40.64524674908028
            },
            "generation": 68
        },
        "last_iterations": [
            {
                "best": {
                    "class_name": "warrior",
                    "performance": 27.110076537940195
                },
                "mean": 17.225412039714662,
                "generation": 1,
                "diversity": 201.58188071891018
            },
            {
                "best": {
                    "class_name": "warrior",
                    "performance": 27.110076537940195
                },
                "mean": 18.527747823933243,
                "generation": 2,
                "diversity": 151.42371431271107
            },
            {
                "best": {
                    "class_name": "warrior",
                    "performance": 27.110076537940195
                },
                "mean": 19.42078539459009,
                "generation": 3,
                "diversity": 165.00158243030054
            },
            {
                "best": {
                    "class_name": "warrior",
                    "performance": 33.451485308686024
                },
                "mean": 20.519333895732153,
                "generation": 4,
                "diversity": 183.04307482389424
            },
            {
                "best": {
                    "class_name": "warrior",
                    "performance": 33.975361813885165
                },
                "mean": 20.39856520575428,
                "generation": 5,
                "diversity": 167.05843803491686
            },
            {
                "best": {
                    "class_name": "warrior",
                    "performance": 33.451485308686024
                },
                "mean": 20.401785682178858,
                "generation": 6,
                "diversity": 174.90658927695554
            },
            {
                "best": {
                    "class_name": "warrior",
                    "performance": 33.66010047541879
                },
                "mean": 21.48228474465627,
                "generation": 7,
                "diversity": 158.55230513251715
            },
            {
                "best": {
                    "class_name": "warrior",
                    "performance": 34.3464216022585
                },
                "mean": 22.49601659131814,
                "generation": 8,
                "diversity": 153.68301236481986
            },
            {
                "best": {
                    "class_name": "warrior",
                    "performance": 34.3464216022585
                },
                "mean": 24.266327669213446,
                "generation": 9,
                "diversity": 147.7675191175989
            },
            {
                "best": {
                    "class_name": "warrior",
                    "performance": 32.759532994809135
                },
                "mean": 24.233934346664682,
                "generation": 10,
                "diversity": 105.75064915114358
            },
            {
                "best": {
                    "class_name": "warrior",
                    "performance": 32.54439782275707
                },
                "mean": 24.889356673710427,
                "generation": 11,
                "diversity": 80.48605965154447
            },
            {
                "best": {
                    "class_name": "warrior",
                    "performance": 34.4810269087851
                },
                "mean": 25.44499312504984,
                "generation": 12,
                "diversity": 71.42586383885579
            },
            {
                "best": {
                    "class_name": "warrior",
                    "performance": 31.3547494769107
                },
                "mean": 25.598453489003514,
                "generation": 13,
                "diversity": 58.42250917900859
            },
            {
                "best": {
                    "class_name": "warrior",
                    "performance": 32.77215956020125
                },
                "mean": 26.17982996339232,
                "generation": 14,
                "diversity": 55.29112426209693
            },
            {
                "best": {
                    "class_name": "warrior",
                    "performance": 34.1639244159047
                },
                "mean": 26.779528041778743,
                "generation": 15,
                "diversity": 65.3604498315759
            },
            {
                "best": {
                    "class_name": "warrior",
                    "performance": 32.94696442589741
                },
                "mean": 26.345254408435466,
                "generation": 16,
                "diversity": 62.66396239705162
            },
            {
                "best": {
                    "class_name": "warrior",
                    "performance": 34.63835704022091
                },
                "mean": 27.356473983834505,
                "generation": 17,
                "diversity": 56.36848381056661
            },
            {
                "best": {
                    "class_name": "warrior",
                    "performance": 35.61765476500957
                },
                "mean": 27.438156761833106,
                "generation": 18,
                "diversity": 54.50018223208946
            },
            {
                "best": {
                    "class_name": "warrior",
                    "performance": 37.576429158092616
                },
                "mean": 27.484076255757817,
                "generation": 19,
                "diversity": 49.06325600604572
            },
            {
                "best": {
                    "class_name": "warrior",
                    "performance": 37.576429158092616
                },
                "mean": 28.162771537036306,
                "generation": 20,
                "diversity": 47.48227107066683
            },
            {
                "best": {
                    "class_name": "warrior",
                    "performance": 37.55313891656157
                },
                "mean": 29.861956083504694,
                "generation": 21,
                "diversity": 43.78789547228189
            },
            {
                "best": {
                    "class_name": "warrior",
                    "performance": 37.553138916561586
                },
                "mean": 30.633789245507252,
                "generation": 22,
                "diversity": 40.06555552430751
            },
            {
                "best": {
                    "class_name": "warrior",
                    "performance": 37.63922016785261
                },
                "mean": 32.07820141081128,
                "generation": 23,
                "diversity": 32.16111292338979
            },
            {
                "best": {
                    "class_name": "warrior",
                    "performance": 37.553138916561586
                },
                "mean": 32.10197849725268,
                "generation": 24,
                "diversity": 29.09589983052896
            },
            {
                "best": {
                    "class_name": "warrior",
                    "performance": 38.05976179813924
                },
                "mean": 32.649218722581594,
                "generation": 25,
                "diversity": 30.289696319180468
            },
            {
                "best": {
                    "class_name": "warrior",
                    "performance": 37.553138916561586
                },
                "mean": 33.59286884483747,
                "generation": 26,
                "diversity": 28.67341829431172
            },
            {
                "best": {
                    "class_name": "warrior",
                    "performance": 38.41782743234651
                },
                "mean": 33.50443404335288,
                "generation": 27,
                "diversity": 25.262053412938908
            },
            {
                "best": {
                    "class_name": "warrior",
                    "performance": 38.56951125004882
                },
                "mean": 33.988107354141036,
                "generation": 28,
                "diversity": 25.353367280927326
            },
            {
                "best": {
                    "class_name": "warrior",
                    "performance": 38.860802892842194
                },
                "mean": 34.25219992958066,
                "generation": 29,
                "diversity": 26.926950261984924
            },
            {
                "best": {
                    "class_name": "warrior",
                    "performance": 38.860802892842194
                },
                "mean": 34.45433881903868,
                "generation": 30,
                "diversity": 21.076849157205817
            },
            {
                "best": {
                    "class_name": "warrior",
                    "performance": 39.05706563212046
                },
                "mean": 34.51869192484284,
                "generation": 31,
                "diversity": 17.744336555962047
            },
            {
                "best": {
                    "class_name": "warrior",
                    "performance": 39.05706563212046
                },
                "mean": 35.200627781033724,
                "generation": 32,
                "diversity": 18.017086600942886
            },
            {
                "best": {
                    "class_name": "warrior",
                    "performance": 39.05706563212046
                },
                "mean": 35.637290993817444,
                "generation": 33,
                "diversity": 17.967110889373494
            },
            {
                "best": {
                    "class_name": "warrior",
                    "performance": 38.4087275902027
                },
                "mean": 35.57636240719456,
                "generation": 34,
                "diversity": 16.29663234959433
            },
            {
                "best": {
                    "class_name": "warrior",
                    "performance": 39.459386750256876
                },
                "mean": 35.26390209968015,
                "generation": 35,
                "diversity": 17.25027225344139
            },
            {
                "best": {
                    "class_name": "warrior",
                    "performance": 39.12541872604471
                },
                "mean": 35.841163020360085,
                "generation": 36,
                "diversity": 18.340836482246598
            },
            {
                "best": {
                    "class_name": "warrior",
                    "performance": 38.66903551724421
                },
                "mean": 35.38744585778235,
                "generation": 37,
                "diversity": 17.134947434347406
            },
            {
                "best": {
                    "class_name": "warrior",
                    "performance": 39.07383353712884
                },
                "mean": 34.93547347836174,
                "generation": 38,
                "diversity": 13.700173604398154
            },
            {
                "best": {
                    "class_name": "warrior",
                    "performance": 38.99113773223046
                },
                "mean": 34.76305880164933,
                "generation": 39,
                "diversity": 13.051761555378372
            },
            {
                "best": {
                    "class_name": "warrior",
                    "performance": 39.615473457326424
                },
                "mean": 34.9655966572969,
                "generation": 40,
                "diversity": 13.052866692176709
            },
            {
                "best": {
                    "class_name": "warrior",
                    "performance": 38.84661765205646
                },
                "mean": 34.8831161338945,
                "generation": 41,
                "diversity": 13.526979908079277
            },
            {
                "best": {
                    "class_name": "warrior",
                    "performance": 38.82550977711231
                },
                "mean": 34.58614320111656,
                "generation": 42,
                "diversity": 14.912316614633601
            },
            {
                "best": {
                    "class_name": "warrior",
                    "performance": 39.26764185064797
                },
                "mean": 34.79011996666149,
                "generation": 43,
                "diversity": 14.494885408789832
            },
            {
                "best": {
                    "class_name": "warrior",
                    "performance": 38.578848663572735
                },
                "mean": 35.01910861929853,
                "generation": 44,
                "diversity": 15.707597417455565
            },
            {
                "best": {
                    "class_name": "warrior",
                    "performance": 39.73013496634149
                },
                "mean": 35.30189310973095,
                "generation": 45,
                "diversity": 15.5205532323069
            },
            {
                "best": {
                    "class_name": "warrior",
                    "performance": 38.4224815771329
                },
                "mean": 35.44250538747253,
                "generation": 46,
                "diversity": 17.277159861526975
            },
            {
                "best": {
                    "class_name": "warrior",
                    "performance": 39.339465614623265
                },
                "mean": 35.168467591506094,
                "generation": 47,
                "diversity": 16.705977743906747
            },
            {
                "best": {
                    "class_name": "warrior",
                    "performance": 39.51670189491889
                },
                "mean": 34.94822435761776,
                "generation": 48,
                "diversity": 17.00703119335748
            },
            {
                "best": {
                    "class_name": "warrior",
                    "performance": 39.69086617848939
                },
                "mean": 34.99851955664712,
                "generation": 49,
                "diversity": 19.977457570678173
            },
            {
                "best": {
                    "class_name": "warrior",
                    "performance": 39.69086617848939
                },
                "mean": 35.74151195830256,
                "generation": 50,
                "diversity": 23.99177403267446
            },
            {
                "best": {
                    "class_name": "warrior",
                    "performance": 38.331931599593005
                },
                "mean": 35.378304873114054,
                "generation": 51,
                "diversity": 21.59461210086073
            },
            {
                "best": {
                    "class_name": "warrior",
                    "performance": 40.40086813604636
                },
                "mean": 35.22133307826878,
                "generation": 52,
                "diversity": 22.420955513649364
            },
            {
                "best": {
                    "class_name": "warrior",
                    "performance": 40.40086813604636
                },
                "mean": 34.83723307634065,
                "generation": 53,
                "diversity": 23.982262326725948
            },
            {
                "best": {
                    "class_name": "warrior",
                    "performance": 39.23093778170968
                },
                "mean": 35.18967973234519,
                "generation": 54,
                "diversity": 20.610695675797512
            },
            {
                "best": {
                    "class_name": "warrior",
                    "performance": 38.25321633697448
                },
                "mean": 34.63540030880846,
                "generation": 55,
                "diversity": 21.00438069493214
            },
            {
                "best": {
                    "class_name": "warrior",
                    "performance": 39.336319140001194
                },
                "mean": 35.37749179052544,
                "generation": 56,
                "diversity": 20.166659922243014
            },
            {
                "best": {
                    "class_name": "warrior",
                    "performance": 39.84286365470286
                },
                "mean": 34.9855856340934,
                "generation": 57,
                "diversity": 18.51572691918121
            },
            {
                "best": {
                    "class_name": "warrior",
                    "performance": 39.102055141799745
                },
                "mean": 35.144123034439914,
                "generation": 58,
                "diversity": 18.352316378152903
            },
            {
                "best": {
                    "class_name": "warrior",
                    "performance": 39.102055141799745
                },
                "mean": 35.07857678731241,
                "generation": 59,
                "diversity": 19.46373376717786
            },
            {
                "best": {
                    "class_name": "warrior",
                    "performance": 39.102055141799745
                },
                "mean": 34.31377322073042,
                "generation": 60,
                "diversity": 18.352512657491314
            },
            {
                "best": {
                    "class_name": "warrior",
                    "performance": 38.47611542215978
                },
                "mean": 34.66903181038165,
                "generation": 61,
                "diversity": 17.194415544438133
            },
            {
                "best": {
                    "class_name": "warrior",
                    "performance": 39.08003105605105
                },
                "mean": 34.43260087904578,
                "generation": 62,
                "diversity": 16.095267227541452
            },
            {
                "best": {
                    "class_name": "warrior",
                    "performance": 39.358251326522684
                },
                "mean": 34.28521438568647,
                "generation": 63,
                "diversity": 16.83179931668579
            },
            {
                "best": {
                    "class_name": "warrior",
                    "performance": 39.59374905031899
                },
                "mean": 34.6610381013833,
                "generation": 64,
                "diversity": 15.313675714261578
            },
            {
                "best": {
                    "class_name": "warrior",
                    "performance": 39.86488637859876
                },
                "mean": 34.21229963816411,
                "generation": 65,
                "diversity": 20.049394914246772
            },
            {
                "best": {
                    "class_name": "warrior",
                    "performance": 39.86488637859876
                },
                "mean": 35.50298756994731,
                "generation": 66,
                "diversity": 19.390502547558576
            },
            {
                "best": {
                    "class_name": "warrior",
                    "performance": 39.86488637859876
                },
                "mean": 36.60798289896462,
                "generation": 67,
                "diversity": 20.24755881135033
            },
            {
                "best": {
                    "class_name": "warrior",
                    "performance": 40.64524674908028
                },
                "mean": 36.88875981602442,
                "generation": 68,
                "diversity": 17.41874702707275
            },
            {
                "best": {
                    "class_name": "warrior",
                    "performance": 40.64524674908028
                },
                "mean": 36.86474362793379,
                "generation": 69,
                "diversity": 21.85942325829154
            },
            {
                "best": {
                    "class_name": "warrior",
                    "performance": 40.64524674908028
                },
                "mean": 37.44625619959133,
                "generation": 70,
                "diversity": 17.061979209639404
            },
            {
                "best": {
                    "class_name": "warrior",
                    "performance": 40.27714286341545
                },
                "mean": 37.054610766698346,
                "generation": 71,
                "diversity": 16.037615256765687
            },
            {
                "best": {
                    "class_name": "warrior",
                    "performance": 39.53934140922594
                },
                "mean": 36.93743620088788,
                "generation": 72,
                "diversity": 17.604958501730323
            },
            {
                "best": {
                    "class_name": "warrior",
                    "performance": 39.91450114455799
                },
                "mean": 37.3682400302339,
                "generation": 73,
                "diversity": 11.14621427597075
            },
            {
                "best": {
                    "class_name": "warrior",
                    "performance": 39.91450114455799
                },
                "mean": 37.418894656639694,
                "generation": 74,
                "diversity": 10.685095461369643
            },
            {
                "best": {
                    "class_name": "warrior",
                    "performance": 40.38572403831778
                },
                "mean": 37.47689169708314,
                "generation": 75,
                "diversity": 10.812514957089045
            },
            {
                "best": {
                    "class_name": "warrior",
                    "performance": 40.38572403831778
                },
                "mean": 37.360736806346566,
                "generation": 76,
                "diversity": 11.072651435605792
            },
            {
                "best": {
                    "class_name": "warrior",
                    "performance": 40.38572403831778
                },
                "mean": 37.572166207129065,
                "generation": 77,
                "diversity": 10.928755449606948
            },
            {
                "best": {
                    "class_name": "warrior",
                    "performance": 40.28664173296608
                },
                "mean": 37.59690210847526,
                "generation": 78,
                "diversity": 10.955779558652234
            },
            {
                "best": {
                    "class_name": "warrior",
                    "performance": 40.15479642527428
                },
                "mean": 37.52931077208687,
                "generation": 79,
                "diversity": 11.117344235565751
            },
            {
                "best": {
                    "class_name": "warrior",
                    "performance": 40.388808416984844
                },
                "mean": 37.566674918424255,
                "generation": 80,
                "diversity": 14.048042293826652
            },
            {
                "best": {
                    "class_name": "warrior",
                    "performance": 40.29491111858773
                },
                "mean": 37.28692188529945,
                "generation": 81,
                "diversity": 18.470333904634185
            },
            {
                "best": {
                    "class_name": "warrior",
                    "performance": 40.29491111858773
                },
                "mean": 37.4977078061402,
                "generation": 82,
                "diversity": 16.979833379419016
            },
            {
                "best": {
                    "class_name": "warrior",
                    "performance": 40.40538137136918
                },
                "mean": 37.679849868517174,
                "generation": 83,
                "diversity": 17.985392476692656
            },
            {
                "best": {
                    "class_name": "warrior",
                    "performance": 40.35608337025249
                },
                "mean": 37.7401668729799,
                "generation": 84,
                "diversity": 15.691034638086615
            },
            {
                "best": {
                    "class_name": "warrior",
                    "performance": 40.20390393770809
                },
                "mean": 36.96191174352798,
                "generation": 85,
                "diversity": 13.163877712376449
            },
            {
                "best": {
                    "class_name": "warrior",
                    "performance": 40.20390393770809
                },
                "mean": 37.297669235370364,
                "generation": 86,
                "diversity": 15.252246568081553
            },
            {
                "best": {
                    "class_name": "warrior",
                    "performance": 40.235771687340666
                },
                "mean": 36.60659472348,
                "generation": 87,
                "diversity": 18.24306813272602
            },
            {
                "best": {
                    "class_name": "warrior",
                    "performance": 40.14873948387207
                },
                "mean": 37.2084294442282,
                "generation": 88,
                "diversity": 17.251816015024392
            }
        ]
    },
    "config": {
        "population_size": 100,
        "population_to_keep": 50,
        "class_name": "warrior",
        "selection_config_a": {
            "selection_type": "elite",
            "population_to_keep": 25,
            "tournament_size": 50,
            "threshold": 0.75,
            "initial_temperature": 30,
            "temperature_decay": 0.6,
            "min_temperature": 5
        },
        "selection_config_b": {
            "selection_type": "roulette",
            "population_to_keep": 25,
            "tournament_size": 50,
            "threshold": 0.75,
            "initial_temperature": 30,
            "temperature_decay": 0.6,
            "min_temperature": 5
        },
        "selection_config_rate": 0.5,
        "crossover_config": {
            "method": "uniform"
        },
        "mutation_config": {
            "mutation_type": "multi_gen",
            "mutation_rate": 0.2,
            "delta_mutation": 15
        },
        "replacement_config_a": {
            "type": "traditional",
            "quantity": 25,
            "gen_gap": 0.5
        },
        "replacement_config_b": {
            "type": "young_bias",
            "quantity": 25,
            "gen_gap": 0.5
        },
        "replacement_config_rate": 0.5,
        "end_condition_config": {
            "type": "content",
            "generations_to_check": 20,
            "generations": 500,
            "optimum_value": 61.5,
            "tolerance": 0.1,
            "structure_tolerance": 0.01,
            "structure_relevant_proportion": 0.98
        }
    }
}