{
    "results": {
        "best": {
            "solution": {
                "class_name": "warrior",
                "variables": {
                    "strength": 73.96937079873805,
                    "agility": 74.26510582780882,
                    "expertise": 1.7655233734531202,
                    "resistance": 0.0,
                    "life": 0.0,
                    "height": 1.9100000000000001
                },
                "performance": 41.23905376204929
            },
            "generation": 55
        },
        "last_iterations": [
            {
                "best": {
                    "class_name": "warrior",
                    "performance": 30.432911783644606
                },
                "mean": 15.628909059236063,
                "generation": 0,
                "diversity": 233.50722489070347
            },
            {
                "best": {
                    "class_name": "warrior",
                    "performance": 26.09837922182324
                },
                "mean": 16.842003783630023,
                "generation": 1,
                "diversity": 213.14246167893108
            },
            {
                "best": {
                    "class_name": "warrior",
                    "performance": 26.05962872041672
                },
                "mean": 16.751816568533567,
                "generation": 2,
                "diversity": 189.28256902820556
            },
            {
                "best": {
                    "class_name": "warrior",
                    "performance": 30.595961757155397
                },
                "mean": 18.26696874570479,
                "generation": 3,
                "diversity": 175.78846702455908
            },
            {
                "best": {
                    "class_name": "warrior",
                    "performance": 26.937018650143532
                },
                "mean": 19.54310502468628,
                "generation": 4,
                "diversity": 131.51825688277057
            },
            {
                "best": {
                    "class_name": "warrior",
                    "performance": 30.644893763745475
                },
                "mean": 20.278062379312612,
                "generation": 5,
                "diversity": 141.3237971508108
            },
            {
                "best": {
                    "class_name": "warrior",
                    "performance": 30.0268377467886
                },
                "mean": 21.4056431166761,
                "generation": 6,
                "diversity": 149.6234224637993
            },
            {
                "best": {
                    "class_name": "warrior",
                    "performance": 28.529101082456794
                },
                "mean": 21.790548462008733,
                "generation": 7,
                "diversity": 129.23176859895293
            },
            {
                "best": {
                    "class_name": "warrior",
                    "performance": 32.12231994959963
                },
                "mean": 22.263869943384645,
                "generation": 8,
                "diversity": 102.58854898377875
            },
            {
                "best": {
                    "class_name": "warrior",
                    "performance": 33.85110916272496
                },
                "mean": 22.90633520219694,
                "generation": 9,
                "diversity": 93.7044688009254
            },
            {
                "best": {
                    "class_name": "warrior",
                    "performance": 33.72196346391736
                },
                "mean": 23.577733662771315,
                "generation": 10,
                "diversity": 95.49515816613467
            },
            {
                "best": {
                    "class_name": "warrior",
                    "performance": 33.20376916949251
                },
                "mean": 23.986841959816175,
                "generation": 11,
                "diversity": 91.25187908058273
            },
            {
                "best": {
                    "class_name": "warrior",
                    "performance": 35.84848283536386
                },
                "mean": 24.436891261251432,
                "generation": 12,
                "diversity": 100.42066777965967
            },
            {
                "best": {
                    "class_name": "warrior",
                    "performance": 38.09458873460668
                },
                "mean": 24.51818100198462,
                "generation": 13,
                "diversity": 100.99725935829514
            },
            {
                "best": {
                    "class_name": "warrior",
                    "performance": 38.09458873460668
                },
                "mean": 27.338568964211028,
                "generation": 14,
                "diversity": 86.59978635100867
            },
            {
                "best": {
                    "class_name": "warrior",
                    "performance": 39.41581629230071
                },
                "mean": 29.397058350484823,
                "generation": 15,
                "diversity": 70.99453957762871
            },
            {
                "best": {
                    "class_name": "warrior",
                    "performance": 39.41581629230075
                },
                "mean": 30.453262708469865,
                "generation": 16,
                "diversity": 83.9734168935161
            },
            {
                "best": {
                    "class_name": "warrior",
                    "performance": 40.12168816136517
                },
                "mean": 30.53629376043381,
                "generation": 17,
                "diversity": 67.97471778335102
            },
            {
                "best": {
                    "class_name": "warrior",
                    "performance": 40.37363020472424
                },
                "mean": 30.149126081057716,
                "generation": 18,
                "diversity": 79.85105500131972
            },
            {
                "best": {
                    "class_name": "warrior",
                    "performance": 40.37363020472424
                },
                "mean": 31.59977627335532,
                "generation": 19,
                "diversity": 71.51812931690279
            },
            {
                "best": {
                    "class_name": "warrior",
                    "performance": 39.77279065077076
                },
                "mean": 32.04169621033639,
                "generation": 20,
                "diversity": 62.73511128154639
            },
            {
                "best": {
                    "class_name": "warrior",
                    "performance": 38.60839828749962
                },
                "mean": 31.945722557468997,
                "generation": 21,
                "diversity": 62.31517864877191
            },
            {
                "best": {
                    "class_name": "warrior",
                    "performance": 39.39119798248696
                },
                "mean": 31.615393036412467,
                "generation": 22,
                "diversity": 66.7785967909564
            },
            {
                "best": {
                    "class_name": "warrior",
                    "performance": 39.39525727838589
                },
                "mean": 31.119690564149337,
                "generation": 23,
                "diversity": 74.37957124529858
            },
            {
                "best": {
                    "class_name": "warrior",
                    "performance": 39.87281413165501
                },
                "mean": 31.554354713710868,
                "generation": 24,
                "diversity": 84.66812232989037
            },
            {
                "best": {
                    "class_name": "warrior",
                    "performance": 39.87281413165501
                },
                "mean": 32.4335999853565,
                "generation": 25,
                "diversity": 79.74035941990915
            },
            {
                "best": {
                    "class_name": "warrior",
                    "performance": 39.94384768140043
                },
                "mean": 31.835396544495257,
                "generation": 26,
                "diversity": 70.69887379985316
            },
            {
                "best": {
                    "class_name": "warrior",
                    "performance": 39.296828164127724
                },
                "mean": 32.8578542107667,
                "generation": 27,
                "diversity": 59.406360383153036
            },
            {
                "best": {
                    "class_name": "warrior",
                    "performance": 39.296828164127724
                },
                "mean": 31.8481848398788,
                "generation": 28,
                "diversity": 65.27598888120151
            },
            {
                "best": {
                    "class_name": "warrior",
                    "performance": 39.921420298531565
                },
                "mean": 31.846525609922022,
                "generation": 29,
                "diversity": 78.36818999258857
            },
            {
                "best": {
                    "class_name": "warrior",
                    "performance": 39.87549246880919
                },
                "mean": 32.07565336729631,
                "generation": 30,
                "diversity": 74.38363371932716
            },
            {
                "best": {
                    "class_name": "warrior",
                    "performance": 41.213786705707
                },
                "mean": 32.73036656803067,
                "generation": 31,
                "diversity": 78.54974205202872
            },
            {
                "best": {
                    "class_name": "warrior",
                    "performance": 39.91077807832395
                },
                "mean": 34.182225821456,
                "generation": 32,
                "diversity": 48.23792215096213
            },
            {
                "best": {
                    "class_name": "warrior",
                    "performance": 40.87127892485001
                },
                "mean": 34.4221067981397,
                "generation": 33,
                "diversity": 61.59550648574811
            },
            {
                "best": {
                    "class_name": "warrior",
                    "performance": 40.4543164410725
                },
                "mean": 34.158409781628535,
                "generation": 34,
                "diversity": 60.75497504762041
            },
            {
                "best": {
                    "class_name": "warrior",
                    "performance": 40.11412881566754
                },
                "mean": 32.77451955083526,
                "generation": 35,
                "diversity": 53.58587640558155
            },
            {
                "best": {
                    "class_name": "warrior",
                    "performance": 39.83628850171401
                },
                "mean": 32.82105304057467,
                "generation": 36,
                "diversity": 45.756527119130375
            },
            {
                "best": {
                    "class_name": "warrior",
                    "performance": 39.44375547234112
                },
                "mean": 32.424268360460985,
                "generation": 37,
                "diversity": 50.93564565369383
            },
            {
                "best": {
                    "class_name": "warrior",
                    "performance": 41.236531963658685
                },
                "mean": 31.908756984883592,
                "generation": 38,
                "diversity": 64.53292118022966
            },
            {
                "best": {
                    "class_name": "warrior",
                    "performance": 37.44274605154865
                },
                "mean": 30.229669773856568,
                "generation": 39,
                "diversity": 73.47933319208406
            },
            {
                "best": {
                    "class_name": "warrior",
                    "performance": 37.98940335463169
                },
                "mean": 31.540990768300404,
                "generation": 40,
                "diversity": 67.47662420607566
            },
            {
                "best": {
                    "class_name": "warrior",
                    "performance": 39.09916541975364
                },
                "mean": 31.96649116541298,
                "generation": 41,
                "diversity": 57.49431614787483
            },
            {
                "best": {
                    "class_name": "warrior",
                    "performance": 39.46630846456582
                },
                "mean": 31.80860127200041,
                "generation": 42,
                "diversity": 69.72502442561657
            },
            {
                "best": {
                    "class_name": "warrior",
                    "performance": 39.53002766852248
                },
                "mean": 31.28660767164693,
                "generation": 43,
                "diversity": 84.01644645874936
            },
            {
                "best": {
                    "class_name": "warrior",
                    "performance": 39.71429088928374
                },
                "mean": 31.333245251648375,
                "generation": 44,
                "diversity": 71.05279660028457
            },
            {
                "best": {
                    "class_name": "warrior",
                    "performance": 40.3429294114302
                },
                "mean": 32.21632182663484,
                "generation": 45,
                "diversity": 73.14375207988168
            },
            {
                "best": {
                    "class_name": "warrior",
                    "performance": 40.9303362906872
                },
                "mean": 32.96241293647115,
                "generation": 46,
                "diversity": 78.03499710067543
            },
            {
                "best": {
                    "class_name": "warrior",
                    "performance": 40.3429294114302
                },
                "mean": 33.128481994652,
                "generation": 47,
                "diversity": 69.1376295956674
            },
            {
                "best": {
                    "class_name": "warrior",
                    "performance": 40.11816664544402
                },
                "mean": 32.881303727108225,
                "generation": 48,
                "diversity": 66.14806773067994
            },
            {
                "best": {
                    "class_name": "warrior",
                    "performance": 40.14794042921907
                },
                "mean": 33.411176484560045,
                "generation": 49,
                "diversity": 81.11769471540298
            },
            {
                "best": {
                    "class_name": "warrior",
                    "performance": 40.90623309080878
                },
                "mean": 33.10176664894598,
                "generation": 50,
                "diversity": 76.79590858427434
            },
            {
                "best": {
                    "class_name": "warrior",
                    "performance": 40.502520312751194
                },
                "mean": 33.05660981556167,
                "generation": 51,
                "diversity": 67.69310515518204
            },
            {
                "best": {
                    "class_name": "warrior",
                    "performance": 40.284588139760174
                },
                "mean": 33.32943611861521,
                "generation": 52,
                "diversity": 67.07330406737451
            },
            {
                "best": {
                    "class_name": "warrior",
                    "performance": 40.82758815106981
                },
                "mean": 33.48914058724026,
                "generation": 53,
                "diversity": 60.361007510408335
            },
            {
                "best": {
                    "class_name": "warrior",
                    "performance": 40.006310837411085
                },
                "mean": 34.61542262335524,
                "generation": 54,
                "diversity": 63.546795222194326
            },
            {
                "best": {
                    "class_name": "warrior",
                    "performance": 41.23905376204929
                },
                "mean": 33.38379049287438,
                "generation": 55,
                "diversity": 70.57548220421195
            },
            {
                "best": {
                    "class_name": "warrior",
                    "performance": 41.19797029186635
                },
                "mean": 34.421596465558686,
                "generation": 56,
                "diversity": 74.35344055918354
            },
            {
                "best": {
                    "class_name": "warrior",
                    "performance": 40.9503942805008
                },
                "mean": 34.44443477701204,
                "generation": 57,
                "diversity": 76.678323616682
            },
            {
                "best": {
                    "class_name": "warrior",
                    "performance": 40.9503942805008
                },
                "mean": 34.512358217278376,
                "generation": 58,
                "diversity": 75.18208250362925
            }
        ]
    },
    "config": {
        "population_size": 100,
        "population_to_keep": 75,
        "class_name": "warrior",
        "selection_config_a": {
            "selection_type": "elite",
            "population_to_keep": 30,
            "tournament_size": 50,
            "threshold": 0.75,
            "initial_temperature": 30,
            "temperature_decay": 0.6,
            "min_temperature": 5
        },
        "selection_config_b": {
            "selection_type": "ranking",
            "population_to_keep": 45,
            "tournament_size": 50,
            "threshold": 0.75,
            "initial_temperature": 30,
            "temperature_decay": 0.6,
            "min_temperature": 5
        },
        "selection_config_rate": 0.4,
        "crossover_config": {
            "method": "uniform"
        },
        "mutation_config": {
            "mutation_type": "multi_gen",
            "mutation_rate": 0.3,
            "delta_mutation": 30
        },
        "replacement_config_a": {
            "type": "traditional",
            "quantity": 22,
            "gen_gap": 0.5
        },
        "replacement_config_b": {
            "type": "young_bias",
            "quantity": 53,
            "gen_gap": 0.5
        },
        "replacement_config_rate": 0.3,
        "end_condition_config": {
            "type": "content",
            "generations_to_check": 20,
            "generations": 500,
            "optimum_value": 61.5,
            "tolerance": 0.1,
            "structure_tolerance": 0.01,
            "structure_relevant_proportion": 0.98
        }
    }
}