{
    "results": {
        "best": {
            "solution": {
                "class_name": "warrior",
                "variables": {
                    "strength": 75.16840902179128,
                    "agility": 74.83159097820872,
                    "expertise": 0,
                    "resistance": 0.0,
                    "life": 0.0,
                    "height": 1.9200000000000002
                },
                "performance": 41.24429748847053
            },
            "generation": 39
        },
        "last_iterations": [
            {
                "best": {
                    "class_name": "warrior",
                    "performance": 32.25286939310788
                },
                "mean": 15.749151141443786,
                "generation": 1,
                "diversity": 241.4758009280259
            },
            {
                "best": {
                    "class_name": "warrior",
                    "performance": 33.80724633468535
                },
                "mean": 16.565560130059435,
                "generation": 2,
                "diversity": 219.46859393003172
            },
            {
                "best": {
                    "class_name": "warrior",
                    "performance": 31.80444148545517
                },
                "mean": 17.246325342925974,
                "generation": 3,
                "diversity": 200.26753692268247
            },
            {
                "best": {
                    "class_name": "warrior",
                    "performance": 33.89485965955377
                },
                "mean": 18.201315764768793,
                "generation": 4,
                "diversity": 183.51954550132248
            },
            {
                "best": {
                    "class_name": "warrior",
                    "performance": 37.41367936167752
                },
                "mean": 20.04186423439923,
                "generation": 5,
                "diversity": 151.44722571015203
            },
            {
                "best": {
                    "class_name": "warrior",
                    "performance": 38.36536916153639
                },
                "mean": 20.63640160026746,
                "generation": 6,
                "diversity": 140.99209245267363
            },
            {
                "best": {
                    "class_name": "warrior",
                    "performance": 38.890502259676545
                },
                "mean": 21.33627930692718,
                "generation": 7,
                "diversity": 136.36347000063537
            },
            {
                "best": {
                    "class_name": "warrior",
                    "performance": 35.64845954745553
                },
                "mean": 22.211340960851928,
                "generation": 8,
                "diversity": 130.26311186637318
            },
            {
                "best": {
                    "class_name": "warrior",
                    "performance": 38.63523958559397
                },
                "mean": 23.489381059141635,
                "generation": 9,
                "diversity": 127.06279840376209
            },
            {
                "best": {
                    "class_name": "warrior",
                    "performance": 38.63523958559397
                },
                "mean": 24.56058592114742,
                "generation": 10,
                "diversity": 121.35083647065098
            },
            {
                "best": {
                    "class_name": "warrior",
                    "performance": 40.95102416437262
                },
                "mean": 25.728858189773685,
                "generation": 11,
                "diversity": 111.43626619150946
            },
            {
                "best": {
                    "class_name": "warrior",
                    "performance": 39.81865047008328
                },
                "mean": 26.933346311738838,
                "generation": 12,
                "diversity": 97.44877439847834
            },
            {
                "best": {
                    "class_name": "warrior",
                    "performance": 39.993686037692115
                },
                "mean": 28.026066381268713,
                "generation": 13,
                "diversity": 88.77478121908156
            },
            {
                "best": {
                    "class_name": "warrior",
                    "performance": 39.993686037692115
                },
                "mean": 28.76576003527365,
                "generation": 14,
                "diversity": 83.88543307993984
            },
            {
                "best": {
                    "class_name": "warrior",
                    "performance": 40.03732660011608
                },
                "mean": 29.66751937182441,
                "generation": 15,
                "diversity": 83.9553437378784
            },
            {
                "best": {
                    "class_name": "warrior",
                    "performance": 40.20808587905844
                },
                "mean": 30.813067195192083,
                "generation": 16,
                "diversity": 77.36404123882556
            },
            {
                "best": {
                    "class_name": "warrior",
                    "performance": 40.96034032802382
                },
                "mean": 31.840907564749784,
                "generation": 17,
                "diversity": 67.06102053764444
            },
            {
                "best": {
                    "class_name": "warrior",
                    "performance": 40.73833069427646
                },
                "mean": 32.75024354772922,
                "generation": 18,
                "diversity": 64.29428441469335
            },
            {
                "best": {
                    "class_name": "warrior",
                    "performance": 41.06489736920548
                },
                "mean": 33.48335419285036,
                "generation": 19,
                "diversity": 59.39879762037888
            },
            {
                "best": {
                    "class_name": "warrior",
                    "performance": 40.73833069427646
                },
                "mean": 34.00958450537503,
                "generation": 20,
                "diversity": 53.584119567126486
            },
            {
                "best": {
                    "class_name": "warrior",
                    "performance": 41.22745564963872
                },
                "mean": 34.42479794337809,
                "generation": 21,
                "diversity": 48.98324162433912
            },
            {
                "best": {
                    "class_name": "warrior",
                    "performance": 41.22745564963872
                },
                "mean": 34.87191080727623,
                "generation": 22,
                "diversity": 44.63339498490351
            },
            {
                "best": {
                    "class_name": "warrior",
                    "performance": 41.22745564963872
                },
                "mean": 35.360898349758166,
                "generation": 23,
                "diversity": 43.46437179062418
            },
            {
                "best": {
                    "class_name": "warrior",
                    "performance": 41.13883264999793
                },
                "mean": 36.05976036266275,
                "generation": 24,
                "diversity": 39.62850786775954
            },
            {
                "best": {
                    "class_name": "warrior",
                    "performance": 41.18837148662278
                },
                "mean": 36.485111246016125,
                "generation": 25,
                "diversity": 41.12109822840679
            },
            {
                "best": {
                    "class_name": "warrior",
                    "performance": 41.23593649187207
                },
                "mean": 36.49620981008115,
                "generation": 26,
                "diversity": 41.31120663213972
            },
            {
                "best": {
                    "class_name": "warrior",
                    "performance": 41.157706712455195
                },
                "mean": 36.722881697421684,
                "generation": 27,
                "diversity": 39.84621087696279
            },
            {
                "best": {
                    "class_name": "warrior",
                    "performance": 41.208517471164804
                },
                "mean": 36.78043793610364,
                "generation": 28,
                "diversity": 39.28352649488719
            },
            {
                "best": {
                    "class_name": "warrior",
                    "performance": 41.24149789284909
                },
                "mean": 37.04288095200351,
                "generation": 29,
                "diversity": 41.78655790207005
            },
            {
                "best": {
                    "class_name": "warrior",
                    "performance": 41.24149789284909
                },
                "mean": 37.07047144578331,
                "generation": 30,
                "diversity": 39.58262532815275
            },
            {
                "best": {
                    "class_name": "warrior",
                    "performance": 41.22593701320296
                },
                "mean": 37.34327115302278,
                "generation": 31,
                "diversity": 38.36201110383761
            },
            {
                "best": {
                    "class_name": "warrior",
                    "performance": 41.13693143406231
                },
                "mean": 37.452235158670845,
                "generation": 32,
                "diversity": 38.32311964149027
            },
            {
                "best": {
                    "class_name": "warrior",
                    "performance": 41.238808858562344
                },
                "mean": 37.58425060217161,
                "generation": 33,
                "diversity": 38.88570072555714
            },
            {
                "best": {
                    "class_name": "warrior",
                    "performance": 41.234550253053705
                },
                "mean": 37.74569436744953,
                "generation": 34,
                "diversity": 37.43542308853304
            },
            {
                "best": {
                    "class_name": "warrior",
                    "performance": 41.238808858562344
                },
                "mean": 37.81026578275653,
                "generation": 35,
                "diversity": 35.312532444599384
            },
            {
                "best": {
                    "class_name": "warrior",
                    "performance": 41.24226236332338
                },
                "mean": 37.96271587144297,
                "generation": 36,
                "diversity": 35.57357589618599
            },
            {
                "best": {
                    "class_name": "warrior",
                    "performance": 41.24374493585011
                },
                "mean": 37.90114310032741,
                "generation": 37,
                "diversity": 34.85175762442315
            },
            {
                "best": {
                    "class_name": "warrior",
                    "performance": 41.243765835192335
                },
                "mean": 38.05737889986678,
                "generation": 38,
                "diversity": 34.57015349497082
            },
            {
                "best": {
                    "class_name": "warrior",
                    "performance": 41.24429748847053
                },
                "mean": 38.11200443181759,
                "generation": 39,
                "diversity": 33.90977623726922
            },
            {
                "best": {
                    "class_name": "warrior",
                    "performance": 41.24264956380482
                },
                "mean": 38.11645859667027,
                "generation": 40,
                "diversity": 34.77281028785935
            },
            {
                "best": {
                    "class_name": "warrior",
                    "performance": 41.237535314513146
                },
                "mean": 38.31716563788094,
                "generation": 41,
                "diversity": 30.260318781213627
            },
            {
                "best": {
                    "class_name": "warrior",
                    "performance": 41.237535314513146
                },
                "mean": 38.14261553770596,
                "generation": 42,
                "diversity": 30.28397636859516
            },
            {
                "best": {
                    "class_name": "warrior",
                    "performance": 41.17519963501877
                },
                "mean": 38.04812518030395,
                "generation": 43,
                "diversity": 30.20616457446356
            },
            {
                "best": {
                    "class_name": "warrior",
                    "performance": 41.243710600275826
                },
                "mean": 38.28805259693248,
                "generation": 44,
                "diversity": 30.036478116649153
            },
            {
                "best": {
                    "class_name": "warrior",
                    "performance": 41.20741714654535
                },
                "mean": 38.534966959002496,
                "generation": 45,
                "diversity": 28.924356466575972
            },
            {
                "best": {
                    "class_name": "warrior",
                    "performance": 41.24403002578588
                },
                "mean": 38.584057600460966,
                "generation": 46,
                "diversity": 27.114440748679144
            }
        ]
    },
    "config": {
        "population_size": 1700,
        "population_to_keep": 850,
        "class_name": "warrior",
        "selection_config_a": {
            "selection_type": "elite",
            "population_to_keep": 425,
            "tournament_size": 50,
            "threshold": 0.75,
            "initial_temperature": 30,
            "temperature_decay": 0.6,
            "min_temperature": 5
        },
        "selection_config_b": {
            "selection_type": "roulette",
            "population_to_keep": 425,
            "tournament_size": 50,
            "threshold": 0.75,
            "initial_temperature": 30,
            "temperature_decay": 0.6,
            "min_temperature": 5
        },
        "selection_config_rate": 0.5,
        "crossover_config": {
            "method": "uniform"
        },
        "mutation_config": {
            "mutation_type": "multi_gen",
            "mutation_rate": 0.2,
            "delta_mutation": 15
        },
        "replacement_config_a": {
            "type": "traditional",
            "quantity": 425,
            "gen_gap": 0.5
        },
        "replacement_config_b": {
            "type": "young_bias",
            "quantity": 425,
            "gen_gap": 0.5
        },
        "replacement_config_rate": 0.5,
        "end_condition_config": {
            "type": "content",
            "generations_to_check": 20,
            "generations": 500,
            "optimum_value": 61.5,
            "tolerance": 0.1,
            "structure_tolerance": 0.01,
            "structure_relevant_proportion": 0.98
        }
    }
}