{
    "results": {
        "best": {
            "solution": {
                "class_name": "warrior",
                "variables": {
                    "strength": 74.46899974809757,
                    "agility": 75.53100025190243,
                    "expertise": 0.0,
                    "resistance": 0.0,
                    "life": 0.0,
                    "height": 1.91
                },
                "performance": 41.24065875314157
            },
            "generation": 33
        },
        "last_iterations": [
            {
                "best": {
                    "class_name": "warrior",
                    "performance": 32.587252671456014
                },
                "mean": 15.930204401594391,
                "generation": 1,
                "diversity": 234.64080969686825
            },
            {
                "best": {
                    "class_name": "warrior",
                    "performance": 32.587252671456014
                },
                "mean": 17.210706283795083,
                "generation": 2,
                "diversity": 194.2371884928116
            },
            {
                "best": {
                    "class_name": "warrior",
                    "performance": 33.32127313300874
                },
                "mean": 17.869458066771976,
                "generation": 3,
                "diversity": 186.960505844587
            },
            {
                "best": {
                    "class_name": "warrior",
                    "performance": 33.32127313300874
                },
                "mean": 18.685835387323564,
                "generation": 4,
                "diversity": 169.76714236740472
            },
            {
                "best": {
                    "class_name": "warrior",
                    "performance": 33.32127313300874
                },
                "mean": 19.651904929901544,
                "generation": 5,
                "diversity": 149.32971494531407
            },
            {
                "best": {
                    "class_name": "warrior",
                    "performance": 33.32127313300874
                },
                "mean": 20.69903760976544,
                "generation": 6,
                "diversity": 136.23459067474093
            },
            {
                "best": {
                    "class_name": "warrior",
                    "performance": 35.00188926240398
                },
                "mean": 21.559235289120874,
                "generation": 7,
                "diversity": 123.66656834250237
            },
            {
                "best": {
                    "class_name": "warrior",
                    "performance": 36.158752263854396
                },
                "mean": 22.45798360091125,
                "generation": 8,
                "diversity": 114.81461333767105
            },
            {
                "best": {
                    "class_name": "warrior",
                    "performance": 35.773884695015816
                },
                "mean": 23.350993788874565,
                "generation": 9,
                "diversity": 107.51776159666527
            },
            {
                "best": {
                    "class_name": "warrior",
                    "performance": 37.295072437745844
                },
                "mean": 24.551851167091908,
                "generation": 10,
                "diversity": 88.35920037805072
            },
            {
                "best": {
                    "class_name": "warrior",
                    "performance": 39.329848987016504
                },
                "mean": 25.59807751834515,
                "generation": 11,
                "diversity": 85.18623485590963
            },
            {
                "best": {
                    "class_name": "warrior",
                    "performance": 38.16430263072865
                },
                "mean": 26.28692706253579,
                "generation": 12,
                "diversity": 80.56471083833492
            },
            {
                "best": {
                    "class_name": "warrior",
                    "performance": 40.29605963320373
                },
                "mean": 27.462815683422445,
                "generation": 13,
                "diversity": 77.44966093257555
            },
            {
                "best": {
                    "class_name": "warrior",
                    "performance": 40.34665996826771
                },
                "mean": 28.194560671353507,
                "generation": 14,
                "diversity": 75.67153930121638
            },
            {
                "best": {
                    "class_name": "warrior",
                    "performance": 40.23195164187624
                },
                "mean": 29.430784776422275,
                "generation": 15,
                "diversity": 70.83636357631458
            },
            {
                "best": {
                    "class_name": "warrior",
                    "performance": 40.10051858740783
                },
                "mean": 30.04287865253231,
                "generation": 16,
                "diversity": 71.67952819362851
            },
            {
                "best": {
                    "class_name": "warrior",
                    "performance": 40.43861117149779
                },
                "mean": 30.923920638257286,
                "generation": 17,
                "diversity": 66.32038641029045
            },
            {
                "best": {
                    "class_name": "warrior",
                    "performance": 40.43861117149779
                },
                "mean": 31.474014466656442,
                "generation": 18,
                "diversity": 61.023555556054625
            },
            {
                "best": {
                    "class_name": "warrior",
                    "performance": 40.34527269928831
                },
                "mean": 32.24884697397185,
                "generation": 19,
                "diversity": 53.62585621096425
            },
            {
                "best": {
                    "class_name": "warrior",
                    "performance": 40.16738939804275
                },
                "mean": 32.84681910272824,
                "generation": 20,
                "diversity": 49.83317789218014
            },
            {
                "best": {
                    "class_name": "warrior",
                    "performance": 40.695879599717706
                },
                "mean": 33.44176772284233,
                "generation": 21,
                "diversity": 45.80327378144909
            },
            {
                "best": {
                    "class_name": "warrior",
                    "performance": 40.5130452946197
                },
                "mean": 34.09844418934234,
                "generation": 22,
                "diversity": 41.89547992027415
            },
            {
                "best": {
                    "class_name": "warrior",
                    "performance": 40.5130452946197
                },
                "mean": 34.528445807048286,
                "generation": 23,
                "diversity": 39.40514692260732
            },
            {
                "best": {
                    "class_name": "warrior",
                    "performance": 40.21183436592602
                },
                "mean": 34.71510478703685,
                "generation": 24,
                "diversity": 36.10936698247077
            },
            {
                "best": {
                    "class_name": "warrior",
                    "performance": 40.67973157665099
                },
                "mean": 35.247585879472815,
                "generation": 25,
                "diversity": 34.35283296630145
            },
            {
                "best": {
                    "class_name": "warrior",
                    "performance": 40.712484751530226
                },
                "mean": 35.56962534451905,
                "generation": 26,
                "diversity": 32.200334567452124
            },
            {
                "best": {
                    "class_name": "warrior",
                    "performance": 41.05128331507947
                },
                "mean": 35.97461555752631,
                "generation": 27,
                "diversity": 31.149024272609626
            },
            {
                "best": {
                    "class_name": "warrior",
                    "performance": 41.153421361149945
                },
                "mean": 36.2886027320178,
                "generation": 28,
                "diversity": 31.89405721181794
            },
            {
                "best": {
                    "class_name": "warrior",
                    "performance": 41.06157087727739
                },
                "mean": 36.51163481729609,
                "generation": 29,
                "diversity": 31.48998104155248
            },
            {
                "best": {
                    "class_name": "warrior",
                    "performance": 41.06157087727739
                },
                "mean": 36.48795787614048,
                "generation": 30,
                "diversity": 29.033271140656108
            },
            {
                "best": {
                    "class_name": "warrior",
                    "performance": 40.90311395247441
                },
                "mean": 36.97280080316696,
                "generation": 31,
                "diversity": 25.94034873284021
            },
            {
                "best": {
                    "class_name": "warrior",
                    "performance": 40.84872075221907
                },
                "mean": 37.10276251812304,
                "generation": 32,
                "diversity": 26.782292280685894
            },
            {
                "best": {
                    "class_name": "warrior",
                    "performance": 41.24065875314157
                },
                "mean": 37.15611809582109,
                "generation": 33,
                "diversity": 29.273680620292577
            },
            {
                "best": {
                    "class_name": "warrior",
                    "performance": 40.921684647528224
                },
                "mean": 37.19032175081782,
                "generation": 34,
                "diversity": 28.14860849485601
            },
            {
                "best": {
                    "class_name": "warrior",
                    "performance": 41.0571058153952
                },
                "mean": 37.36722062172407,
                "generation": 35,
                "diversity": 29.26962970727526
            },
            {
                "best": {
                    "class_name": "warrior",
                    "performance": 41.0571058153952
                },
                "mean": 37.386103538634245,
                "generation": 36,
                "diversity": 30.15103133438502
            },
            {
                "best": {
                    "class_name": "warrior",
                    "performance": 41.0571058153952
                },
                "mean": 37.506023227899924,
                "generation": 37,
                "diversity": 27.208199992033915
            },
            {
                "best": {
                    "class_name": "warrior",
                    "performance": 41.0571058153952
                },
                "mean": 37.55779320957712,
                "generation": 38,
                "diversity": 28.425555766781745
            },
            {
                "best": {
                    "class_name": "warrior",
                    "performance": 41.23720339183461
                },
                "mean": 37.57287228835766,
                "generation": 39,
                "diversity": 28.011206487534565
            },
            {
                "best": {
                    "class_name": "warrior",
                    "performance": 41.14834656939177
                },
                "mean": 37.50423873774794,
                "generation": 40,
                "diversity": 26.36171603957816
            },
            {
                "best": {
                    "class_name": "warrior",
                    "performance": 41.14834656939177
                },
                "mean": 37.619807550864195,
                "generation": 41,
                "diversity": 24.6151180965858
            },
            {
                "best": {
                    "class_name": "warrior",
                    "performance": 41.12173618937689
                },
                "mean": 37.60689418367943,
                "generation": 42,
                "diversity": 25.609029189287572
            },
            {
                "best": {
                    "class_name": "warrior",
                    "performance": 41.12173618937689
                },
                "mean": 37.58212247822036,
                "generation": 43,
                "diversity": 24.96184949363457
            },
            {
                "best": {
                    "class_name": "warrior",
                    "performance": 41.154459247394065
                },
                "mean": 37.765454049267184,
                "generation": 44,
                "diversity": 26.31971420898672
            },
            {
                "best": {
                    "class_name": "warrior",
                    "performance": 41.1016143922097
                },
                "mean": 37.64445898465998,
                "generation": 45,
                "diversity": 26.217893879396943
            },
            {
                "best": {
                    "class_name": "warrior",
                    "performance": 41.092951261651045
                },
                "mean": 37.57703128784234,
                "generation": 46,
                "diversity": 27.278384691662136
            },
            {
                "best": {
                    "class_name": "warrior",
                    "performance": 41.02158137895709
                },
                "mean": 37.88728130611896,
                "generation": 47,
                "diversity": 25.077643947265486
            },
            {
                "best": {
                    "class_name": "warrior",
                    "performance": 41.105048752430804
                },
                "mean": 38.04642712768151,
                "generation": 48,
                "diversity": 24.8541377186009
            },
            {
                "best": {
                    "class_name": "warrior",
                    "performance": 41.04915666834008
                },
                "mean": 37.92853580699411,
                "generation": 49,
                "diversity": 25.18752359921577
            },
            {
                "best": {
                    "class_name": "warrior",
                    "performance": 41.16679756769444
                },
                "mean": 37.973312019054475,
                "generation": 50,
                "diversity": 26.392560743553688
            },
            {
                "best": {
                    "class_name": "warrior",
                    "performance": 41.16679756769444
                },
                "mean": 38.04972626748733,
                "generation": 51,
                "diversity": 24.602894163229333
            },
            {
                "best": {
                    "class_name": "warrior",
                    "performance": 41.15546060094176
                },
                "mean": 38.079271809584235,
                "generation": 52,
                "diversity": 24.97102480835474
            },
            {
                "best": {
                    "class_name": "warrior",
                    "performance": 41.21398419671504
                },
                "mean": 38.027432479531114,
                "generation": 53,
                "diversity": 24.916824625209298
            }
        ]
    },
    "config": {
        "population_size": 1600,
        "population_to_keep": 800,
        "class_name": "warrior",
        "selection_config_a": {
            "selection_type": "elite",
            "population_to_keep": 400,
            "tournament_size": 50,
            "threshold": 0.75,
            "initial_temperature": 30,
            "temperature_decay": 0.6,
            "min_temperature": 5
        },
        "selection_config_b": {
            "selection_type": "roulette",
            "population_to_keep": 400,
            "tournament_size": 50,
            "threshold": 0.75,
            "initial_temperature": 30,
            "temperature_decay": 0.6,
            "min_temperature": 5
        },
        "selection_config_rate": 0.5,
        "crossover_config": {
            "method": "uniform"
        },
        "mutation_config": {
            "mutation_type": "multi_gen",
            "mutation_rate": 0.2,
            "delta_mutation": 15
        },
        "replacement_config_a": {
            "type": "traditional",
            "quantity": 400,
            "gen_gap": 0.5
        },
        "replacement_config_b": {
            "type": "young_bias",
            "quantity": 400,
            "gen_gap": 0.5
        },
        "replacement_config_rate": 0.5,
        "end_condition_config": {
            "type": "content",
            "generations_to_check": 20,
            "generations": 500,
            "optimum_value": 61.5,
            "tolerance": 0.1,
            "structure_tolerance": 0.01,
            "structure_relevant_proportion": 0.98
        }
    }
}