{
    "results": {
        "best": {
            "solution": {
                "class_name": "warrior",
                "variables": {
                    "strength": 75.43668246467043,
                    "agility": 74.56331753532957,
                    "expertise": 0.0,
                    "resistance": 0.0,
                    "life": 0.0,
                    "height": 1.92
                },
                "performance": 41.24290795088738
            },
            "generation": 40
        },
        "last_iterations": [
            {
                "best": {
                    "class_name": "warrior",
                    "performance": 34.3818854731409
                },
                "mean": 16.224092602055737,
                "generation": 1,
                "diversity": 217.60316611972118
            },
            {
                "best": {
                    "class_name": "warrior",
                    "performance": 31.231400065357942
                },
                "mean": 17.131344772676588,
                "generation": 2,
                "diversity": 203.9682414985342
            },
            {
                "best": {
                    "class_name": "warrior",
                    "performance": 31.821501572689137
                },
                "mean": 18.68374271252559,
                "generation": 3,
                "diversity": 162.01707854510187
            },
            {
                "best": {
                    "class_name": "warrior",
                    "performance": 31.958436545175992
                },
                "mean": 19.542531008034405,
                "generation": 4,
                "diversity": 147.69800182656977
            },
            {
                "best": {
                    "class_name": "warrior",
                    "performance": 37.69163321891212
                },
                "mean": 20.15760638690238,
                "generation": 5,
                "diversity": 139.39306949530314
            },
            {
                "best": {
                    "class_name": "warrior",
                    "performance": 35.795342808143246
                },
                "mean": 21.018340576516948,
                "generation": 6,
                "diversity": 127.67428497519775
            },
            {
                "best": {
                    "class_name": "warrior",
                    "performance": 39.05087167232156
                },
                "mean": 21.787356345924213,
                "generation": 7,
                "diversity": 126.65300827997528
            },
            {
                "best": {
                    "class_name": "warrior",
                    "performance": 39.08889326573548
                },
                "mean": 22.539616411715368,
                "generation": 8,
                "diversity": 113.86094817663222
            },
            {
                "best": {
                    "class_name": "warrior",
                    "performance": 36.62137394861261
                },
                "mean": 23.528937568974047,
                "generation": 9,
                "diversity": 105.7806274994709
            },
            {
                "best": {
                    "class_name": "warrior",
                    "performance": 38.080706701519325
                },
                "mean": 24.322887235937145,
                "generation": 10,
                "diversity": 98.84503580590142
            },
            {
                "best": {
                    "class_name": "warrior",
                    "performance": 40.53176843674793
                },
                "mean": 25.332402919128455,
                "generation": 11,
                "diversity": 91.6942078845363
            },
            {
                "best": {
                    "class_name": "warrior",
                    "performance": 40.53176843674793
                },
                "mean": 26.105947443362282,
                "generation": 12,
                "diversity": 87.96091271861945
            },
            {
                "best": {
                    "class_name": "warrior",
                    "performance": 38.87151872182384
                },
                "mean": 26.93809631170624,
                "generation": 13,
                "diversity": 80.48942280887194
            },
            {
                "best": {
                    "class_name": "warrior",
                    "performance": 40.15518132879016
                },
                "mean": 27.56547912306228,
                "generation": 14,
                "diversity": 77.12368083589475
            },
            {
                "best": {
                    "class_name": "warrior",
                    "performance": 39.14625648214342
                },
                "mean": 28.602790237952767,
                "generation": 15,
                "diversity": 72.6094139868345
            },
            {
                "best": {
                    "class_name": "warrior",
                    "performance": 39.66077895431088
                },
                "mean": 29.197564731858392,
                "generation": 16,
                "diversity": 68.82723320994026
            },
            {
                "best": {
                    "class_name": "warrior",
                    "performance": 40.25902949663732
                },
                "mean": 29.94972515784142,
                "generation": 17,
                "diversity": 64.39263275022182
            },
            {
                "best": {
                    "class_name": "warrior",
                    "performance": 39.62815381331229
                },
                "mean": 31.08402816214469,
                "generation": 18,
                "diversity": 59.51715712282658
            },
            {
                "best": {
                    "class_name": "warrior",
                    "performance": 40.88654091167737
                },
                "mean": 31.83376090575424,
                "generation": 19,
                "diversity": 53.3478407664801
            },
            {
                "best": {
                    "class_name": "warrior",
                    "performance": 40.88654091167737
                },
                "mean": 32.8543121376266,
                "generation": 20,
                "diversity": 46.26380420680135
            },
            {
                "best": {
                    "class_name": "warrior",
                    "performance": 40.511848056338096
                },
                "mean": 33.40744938930369,
                "generation": 21,
                "diversity": 42.32692908905933
            },
            {
                "best": {
                    "class_name": "warrior",
                    "performance": 40.715654692314416
                },
                "mean": 34.02673548832353,
                "generation": 22,
                "diversity": 38.84006259595271
            },
            {
                "best": {
                    "class_name": "warrior",
                    "performance": 40.600068999274804
                },
                "mean": 34.48977842363829,
                "generation": 23,
                "diversity": 33.810977082410815
            },
            {
                "best": {
                    "class_name": "warrior",
                    "performance": 40.75795161032703
                },
                "mean": 34.730280071865785,
                "generation": 24,
                "diversity": 31.11209209655007
            },
            {
                "best": {
                    "class_name": "warrior",
                    "performance": 40.94614682780661
                },
                "mean": 35.199616736122394,
                "generation": 25,
                "diversity": 28.58029429635347
            },
            {
                "best": {
                    "class_name": "warrior",
                    "performance": 40.500096529871286
                },
                "mean": 35.51659216687698,
                "generation": 26,
                "diversity": 28.7836301245778
            },
            {
                "best": {
                    "class_name": "warrior",
                    "performance": 40.70843102642897
                },
                "mean": 35.93492188091159,
                "generation": 27,
                "diversity": 26.44881970194302
            },
            {
                "best": {
                    "class_name": "warrior",
                    "performance": 40.436282688599356
                },
                "mean": 36.01295529389244,
                "generation": 28,
                "diversity": 25.914702043724223
            },
            {
                "best": {
                    "class_name": "warrior",
                    "performance": 40.524770114598184
                },
                "mean": 36.24748893420899,
                "generation": 29,
                "diversity": 24.43537593038525
            },
            {
                "best": {
                    "class_name": "warrior",
                    "performance": 40.46848985286654
                },
                "mean": 36.21867533984052,
                "generation": 30,
                "diversity": 23.726697455747416
            },
            {
                "best": {
                    "class_name": "warrior",
                    "performance": 41.126056342639814
                },
                "mean": 36.3253276324927,
                "generation": 31,
                "diversity": 23.7863945368447
            },
            {
                "best": {
                    "class_name": "warrior",
                    "performance": 41.126056342639814
                },
                "mean": 36.49534253369396,
                "generation": 32,
                "diversity": 23.972640718904714
            },
            {
                "best": {
                    "class_name": "warrior",
                    "performance": 41.126056342639814
                },
                "mean": 36.88915708246248,
                "generation": 33,
                "diversity": 23.846641309449286
            },
            {
                "best": {
                    "class_name": "warrior",
                    "performance": 40.85446640157242
                },
                "mean": 36.91782690970825,
                "generation": 34,
                "diversity": 22.606011858009122
            },
            {
                "best": {
                    "class_name": "warrior",
                    "performance": 40.85446640157242
                },
                "mean": 37.077320010499754,
                "generation": 35,
                "diversity": 22.727635526693703
            },
            {
                "best": {
                    "class_name": "warrior",
                    "performance": 40.86698472631176
                },
                "mean": 37.003290114021176,
                "generation": 36,
                "diversity": 21.778190966792934
            },
            {
                "best": {
                    "class_name": "warrior",
                    "performance": 40.85446640157242
                },
                "mean": 37.37715334800072,
                "generation": 37,
                "diversity": 21.951524615576147
            },
            {
                "best": {
                    "class_name": "warrior",
                    "performance": 41.10613552963327
                },
                "mean": 37.492875216821204,
                "generation": 38,
                "diversity": 22.72345940534495
            },
            {
                "best": {
                    "class_name": "warrior",
                    "performance": 41.10613552963327
                },
                "mean": 37.47812268280665,
                "generation": 39,
                "diversity": 21.36636909171526
            },
            {
                "best": {
                    "class_name": "warrior",
                    "performance": 41.24290795088738
                },
                "mean": 37.299217233207145,
                "generation": 40,
                "diversity": 22.702998801888864
            },
            {
                "best": {
                    "class_name": "warrior",
                    "performance": 41.13322002691199
                },
                "mean": 37.24520825112423,
                "generation": 41,
                "diversity": 21.424045386046213
            },
            {
                "best": {
                    "class_name": "warrior",
                    "performance": 40.806575535418204
                },
                "mean": 37.21044988361975,
                "generation": 42,
                "diversity": 20.832538590936608
            },
            {
                "best": {
                    "class_name": "warrior",
                    "performance": 41.010346269032624
                },
                "mean": 37.48185078368131,
                "generation": 43,
                "diversity": 21.783836816844268
            },
            {
                "best": {
                    "class_name": "warrior",
                    "performance": 41.178342708798745
                },
                "mean": 37.33448862672104,
                "generation": 44,
                "diversity": 21.37578171960658
            },
            {
                "best": {
                    "class_name": "warrior",
                    "performance": 40.832984319969846
                },
                "mean": 37.398821835975475,
                "generation": 45,
                "diversity": 22.808102523643203
            },
            {
                "best": {
                    "class_name": "warrior",
                    "performance": 41.079486936645615
                },
                "mean": 37.47454625011276,
                "generation": 46,
                "diversity": 22.457371196127923
            },
            {
                "best": {
                    "class_name": "warrior",
                    "performance": 41.02088008033626
                },
                "mean": 37.603326326584636,
                "generation": 47,
                "diversity": 23.84234608459803
            },
            {
                "best": {
                    "class_name": "warrior",
                    "performance": 40.959335126197146
                },
                "mean": 37.6329267505505,
                "generation": 48,
                "diversity": 22.763487919885915
            },
            {
                "best": {
                    "class_name": "warrior",
                    "performance": 40.779276005064695
                },
                "mean": 37.55732531511,
                "generation": 49,
                "diversity": 20.213954114587555
            },
            {
                "best": {
                    "class_name": "warrior",
                    "performance": 40.89791238944181
                },
                "mean": 37.33076812337861,
                "generation": 50,
                "diversity": 19.66537107418453
            },
            {
                "best": {
                    "class_name": "warrior",
                    "performance": 40.83566934205661
                },
                "mean": 37.38409479030572,
                "generation": 51,
                "diversity": 20.344782080399145
            },
            {
                "best": {
                    "class_name": "warrior",
                    "performance": 40.97304781044487
                },
                "mean": 37.34638388826655,
                "generation": 52,
                "diversity": 19.93297265965524
            },
            {
                "best": {
                    "class_name": "warrior",
                    "performance": 41.065420392163865
                },
                "mean": 37.51883167216171,
                "generation": 53,
                "diversity": 19.709151761038303
            },
            {
                "best": {
                    "class_name": "warrior",
                    "performance": 40.83445826739281
                },
                "mean": 37.45802723041307,
                "generation": 54,
                "diversity": 19.925857318425013
            },
            {
                "best": {
                    "class_name": "warrior",
                    "performance": 40.845593442999984
                },
                "mean": 37.64834409350907,
                "generation": 55,
                "diversity": 18.75803309481609
            },
            {
                "best": {
                    "class_name": "warrior",
                    "performance": 41.05072087826483
                },
                "mean": 37.56108353547437,
                "generation": 56,
                "diversity": 19.756331536384646
            },
            {
                "best": {
                    "class_name": "warrior",
                    "performance": 41.193519766888514
                },
                "mean": 37.776650710497535,
                "generation": 57,
                "diversity": 19.789461147308526
            },
            {
                "best": {
                    "class_name": "warrior",
                    "performance": 41.193519766888514
                },
                "mean": 37.83270225327383,
                "generation": 58,
                "diversity": 19.2678826492706
            },
            {
                "best": {
                    "class_name": "warrior",
                    "performance": 41.13644377471248
                },
                "mean": 37.772110567694725,
                "generation": 59,
                "diversity": 22.019482246055677
            },
            {
                "best": {
                    "class_name": "warrior",
                    "performance": 41.13644377471248
                },
                "mean": 37.528387967074075,
                "generation": 60,
                "diversity": 23.980370696322414
            }
        ]
    },
    "config": {
        "population_size": 1600,
        "population_to_keep": 800,
        "class_name": "warrior",
        "selection_config_a": {
            "selection_type": "elite",
            "population_to_keep": 400,
            "tournament_size": 50,
            "threshold": 0.75,
            "initial_temperature": 30,
            "temperature_decay": 0.6,
            "min_temperature": 5
        },
        "selection_config_b": {
            "selection_type": "roulette",
            "population_to_keep": 400,
            "tournament_size": 50,
            "threshold": 0.75,
            "initial_temperature": 30,
            "temperature_decay": 0.6,
            "min_temperature": 5
        },
        "selection_config_rate": 0.5,
        "crossover_config": {
            "method": "uniform"
        },
        "mutation_config": {
            "mutation_type": "multi_gen",
            "mutation_rate": 0.2,
            "delta_mutation": 15
        },
        "replacement_config_a": {
            "type": "traditional",
            "quantity": 400,
            "gen_gap": 0.5
        },
        "replacement_config_b": {
            "type": "young_bias",
            "quantity": 400,
            "gen_gap": 0.5
        },
        "replacement_config_rate": 0.5,
        "end_condition_config": {
            "type": "content",
            "generations_to_check": 20,
            "generations": 500,
            "optimum_value": 61.5,
            "tolerance": 0.1,
            "structure_tolerance": 0.01,
            "structure_relevant_proportion": 0.98
        }
    }
}