{
    "results": {
        "best": {
            "solution": {
                "class_name": "warrior",
                "variables": {
                    "strength": 75.07618414151018,
                    "agility": 74.9238158584898,
                    "expertise": 0.0,
                    "resistance": 0,
                    "life": 0.0,
                    "height": 1.9200000000000002
                },
                "performance": 41.244490581279386
            },
            "generation": 69
        },
        "last_iterations": [
            {
                "best": {
                    "class_name": "warrior",
                    "performance": 29.93550135254516
                },
                "mean": 16.370236950539137,
                "generation": 1,
                "diversity": 228.2671044567096
            },
            {
                "best": {
                    "class_name": "warrior",
                    "performance": 32.58067990318657
                },
                "mean": 17.332898746105183,
                "generation": 2,
                "diversity": 204.81901570980543
            },
            {
                "best": {
                    "class_name": "warrior",
                    "performance": 33.035251884827154
                },
                "mean": 18.162912219018548,
                "generation": 3,
                "diversity": 188.43570599246684
            },
            {
                "best": {
                    "class_name": "warrior",
                    "performance": 32.44370251798174
                },
                "mean": 19.151801926976407,
                "generation": 4,
                "diversity": 166.49884913883275
            },
            {
                "best": {
                    "class_name": "warrior",
                    "performance": 32.69150385423391
                },
                "mean": 20.274094021786784,
                "generation": 5,
                "diversity": 142.80827057292572
            },
            {
                "best": {
                    "class_name": "warrior",
                    "performance": 34.67740181786116
                },
                "mean": 21.01578962495796,
                "generation": 6,
                "diversity": 131.93505149566852
            },
            {
                "best": {
                    "class_name": "warrior",
                    "performance": 37.12851371054562
                },
                "mean": 22.385334412584776,
                "generation": 7,
                "diversity": 115.51906924248154
            },
            {
                "best": {
                    "class_name": "warrior",
                    "performance": 36.68215692215432
                },
                "mean": 23.52651786239164,
                "generation": 8,
                "diversity": 105.82368559266239
            },
            {
                "best": {
                    "class_name": "warrior",
                    "performance": 38.35968516305675
                },
                "mean": 24.609375383168448,
                "generation": 9,
                "diversity": 96.12712819979022
            },
            {
                "best": {
                    "class_name": "warrior",
                    "performance": 37.736090658179485
                },
                "mean": 25.342349699861952,
                "generation": 10,
                "diversity": 92.96673875042904
            },
            {
                "best": {
                    "class_name": "warrior",
                    "performance": 38.61828098287148
                },
                "mean": 25.940790239689424,
                "generation": 11,
                "diversity": 96.22150624767515
            },
            {
                "best": {
                    "class_name": "warrior",
                    "performance": 38.22708186811784
                },
                "mean": 26.526752272749178,
                "generation": 12,
                "diversity": 92.05918864969676
            },
            {
                "best": {
                    "class_name": "warrior",
                    "performance": 39.78142574583853
                },
                "mean": 27.87018198160472,
                "generation": 13,
                "diversity": 86.06404262049887
            },
            {
                "best": {
                    "class_name": "warrior",
                    "performance": 39.577861312495244
                },
                "mean": 29.047860755091925,
                "generation": 14,
                "diversity": 80.60325406753347
            },
            {
                "best": {
                    "class_name": "warrior",
                    "performance": 40.44661691851277
                },
                "mean": 29.922170869142878,
                "generation": 15,
                "diversity": 73.42839507354428
            },
            {
                "best": {
                    "class_name": "warrior",
                    "performance": 40.44661691851277
                },
                "mean": 30.446853280077313,
                "generation": 16,
                "diversity": 69.62406755660697
            },
            {
                "best": {
                    "class_name": "warrior",
                    "performance": 40.683778825385026
                },
                "mean": 31.5847037966939,
                "generation": 17,
                "diversity": 64.06233441879863
            },
            {
                "best": {
                    "class_name": "warrior",
                    "performance": 40.934625898064596
                },
                "mean": 32.307889140506525,
                "generation": 18,
                "diversity": 59.67358759534332
            },
            {
                "best": {
                    "class_name": "warrior",
                    "performance": 40.315323742329305
                },
                "mean": 32.747851822867226,
                "generation": 19,
                "diversity": 58.676224610379315
            },
            {
                "best": {
                    "class_name": "warrior",
                    "performance": 39.94735035554794
                },
                "mean": 33.09049944620547,
                "generation": 20,
                "diversity": 53.196747409502144
            },
            {
                "best": {
                    "class_name": "warrior",
                    "performance": 40.71093474102369
                },
                "mean": 33.45979340775017,
                "generation": 21,
                "diversity": 48.10744129150576
            },
            {
                "best": {
                    "class_name": "warrior",
                    "performance": 40.63969270107527
                },
                "mean": 34.005588759036925,
                "generation": 22,
                "diversity": 45.29052791583044
            },
            {
                "best": {
                    "class_name": "warrior",
                    "performance": 41.07009019915156
                },
                "mean": 34.72867920531414,
                "generation": 23,
                "diversity": 39.05208039634892
            },
            {
                "best": {
                    "class_name": "warrior",
                    "performance": 40.62755424037628
                },
                "mean": 35.01881192516401,
                "generation": 24,
                "diversity": 38.793199977715865
            },
            {
                "best": {
                    "class_name": "warrior",
                    "performance": 41.06032372572216
                },
                "mean": 35.466804839721384,
                "generation": 25,
                "diversity": 40.993264145612734
            },
            {
                "best": {
                    "class_name": "warrior",
                    "performance": 41.039679257883606
                },
                "mean": 35.87843240399978,
                "generation": 26,
                "diversity": 36.826748928238864
            },
            {
                "best": {
                    "class_name": "warrior",
                    "performance": 41.10148594681177
                },
                "mean": 36.34223919922219,
                "generation": 27,
                "diversity": 35.77789843816958
            },
            {
                "best": {
                    "class_name": "warrior",
                    "performance": 41.1564178620614
                },
                "mean": 36.269862081632525,
                "generation": 28,
                "diversity": 36.37394942478242
            },
            {
                "best": {
                    "class_name": "warrior",
                    "performance": 41.1564178620614
                },
                "mean": 36.53413089176482,
                "generation": 29,
                "diversity": 35.04956816962015
            },
            {
                "best": {
                    "class_name": "warrior",
                    "performance": 41.10845649605501
                },
                "mean": 36.59450631423736,
                "generation": 30,
                "diversity": 34.85440702168411
            },
            {
                "best": {
                    "class_name": "warrior",
                    "performance": 41.14283041687891
                },
                "mean": 36.81782470117076,
                "generation": 31,
                "diversity": 34.66774502350318
            },
            {
                "best": {
                    "class_name": "warrior",
                    "performance": 41.08940971501665
                },
                "mean": 37.1282566542368,
                "generation": 32,
                "diversity": 30.402760839997516
            },
            {
                "best": {
                    "class_name": "warrior",
                    "performance": 41.08940971501665
                },
                "mean": 37.09659403875267,
                "generation": 33,
                "diversity": 29.677385696431738
            },
            {
                "best": {
                    "class_name": "warrior",
                    "performance": 40.93292769135433
                },
                "mean": 37.19986055921507,
                "generation": 34,
                "diversity": 30.264702783810307
            },
            {
                "best": {
                    "class_name": "warrior",
                    "performance": 40.96749850628671
                },
                "mean": 37.10319566816498,
                "generation": 35,
                "diversity": 33.749933205063954
            },
            {
                "best": {
                    "class_name": "warrior",
                    "performance": 41.062435967118816
                },
                "mean": 37.364377184380835,
                "generation": 36,
                "diversity": 33.926411339775335
            },
            {
                "best": {
                    "class_name": "warrior",
                    "performance": 41.13905530665519
                },
                "mean": 37.54334206411727,
                "generation": 37,
                "diversity": 35.22491122877875
            },
            {
                "best": {
                    "class_name": "warrior",
                    "performance": 41.05500392019704
                },
                "mean": 37.68018450596407,
                "generation": 38,
                "diversity": 33.481300389161
            },
            {
                "best": {
                    "class_name": "warrior",
                    "performance": 41.084976834094114
                },
                "mean": 37.5457764415305,
                "generation": 39,
                "diversity": 34.06575294639486
            },
            {
                "best": {
                    "class_name": "warrior",
                    "performance": 41.12742083734932
                },
                "mean": 37.67480388903426,
                "generation": 40,
                "diversity": 30.888046697966402
            },
            {
                "best": {
                    "class_name": "warrior",
                    "performance": 41.12742083734932
                },
                "mean": 37.67896548049609,
                "generation": 41,
                "diversity": 29.341476626851662
            },
            {
                "best": {
                    "class_name": "warrior",
                    "performance": 41.12742083734932
                },
                "mean": 37.59507938388842,
                "generation": 42,
                "diversity": 29.25956447950004
            },
            {
                "best": {
                    "class_name": "warrior",
                    "performance": 41.12742083734932
                },
                "mean": 37.81543683864317,
                "generation": 43,
                "diversity": 26.555529131069587
            },
            {
                "best": {
                    "class_name": "warrior",
                    "performance": 41.19557772379249
                },
                "mean": 37.7375582112921,
                "generation": 44,
                "diversity": 28.753615033985742
            },
            {
                "best": {
                    "class_name": "warrior",
                    "performance": 41.21490614102355
                },
                "mean": 37.801077517176196,
                "generation": 45,
                "diversity": 29.61805498466148
            },
            {
                "best": {
                    "class_name": "warrior",
                    "performance": 41.2334810533276
                },
                "mean": 37.789778237209255,
                "generation": 46,
                "diversity": 29.42016430181546
            },
            {
                "best": {
                    "class_name": "warrior",
                    "performance": 41.08257607546729
                },
                "mean": 37.8727992079913,
                "generation": 47,
                "diversity": 28.840779963707046
            },
            {
                "best": {
                    "class_name": "warrior",
                    "performance": 41.05360759892175
                },
                "mean": 37.5943065508438,
                "generation": 48,
                "diversity": 28.368966341204167
            },
            {
                "best": {
                    "class_name": "warrior",
                    "performance": 41.21724150385314
                },
                "mean": 37.73629869035105,
                "generation": 49,
                "diversity": 27.111488972373035
            },
            {
                "best": {
                    "class_name": "warrior",
                    "performance": 41.105851865569036
                },
                "mean": 37.8881173151045,
                "generation": 50,
                "diversity": 26.06186950180846
            },
            {
                "best": {
                    "class_name": "warrior",
                    "performance": 41.0609698414042
                },
                "mean": 37.95173208132434,
                "generation": 51,
                "diversity": 25.093897179017176
            },
            {
                "best": {
                    "class_name": "warrior",
                    "performance": 41.13827303205052
                },
                "mean": 38.10768614348497,
                "generation": 52,
                "diversity": 24.102429290281503
            },
            {
                "best": {
                    "class_name": "warrior",
                    "performance": 41.19942682334208
                },
                "mean": 38.137924455096716,
                "generation": 53,
                "diversity": 24.330936085018894
            },
            {
                "best": {
                    "class_name": "warrior",
                    "performance": 41.200090781104464
                },
                "mean": 38.23115239820023,
                "generation": 54,
                "diversity": 25.347252096989425
            },
            {
                "best": {
                    "class_name": "warrior",
                    "performance": 41.223672040032675
                },
                "mean": 38.19949213977321,
                "generation": 55,
                "diversity": 26.26601865096085
            },
            {
                "best": {
                    "class_name": "warrior",
                    "performance": 41.18624477799847
                },
                "mean": 38.172791466460794,
                "generation": 56,
                "diversity": 28.284835436456557
            },
            {
                "best": {
                    "class_name": "warrior",
                    "performance": 41.24296038136398
                },
                "mean": 38.16849001985152,
                "generation": 57,
                "diversity": 27.83836027239394
            },
            {
                "best": {
                    "class_name": "warrior",
                    "performance": 41.140102641432215
                },
                "mean": 38.13849642887943,
                "generation": 58,
                "diversity": 29.49928260292195
            },
            {
                "best": {
                    "class_name": "warrior",
                    "performance": 41.21932703636835
                },
                "mean": 38.22741493850211,
                "generation": 59,
                "diversity": 29.507780891444554
            },
            {
                "best": {
                    "class_name": "warrior",
                    "performance": 41.22807254373704
                },
                "mean": 38.36204784497002,
                "generation": 60,
                "diversity": 29.14503847923549
            },
            {
                "best": {
                    "class_name": "warrior",
                    "performance": 41.217779216871754
                },
                "mean": 38.417446711411515,
                "generation": 61,
                "diversity": 27.94188452784672
            },
            {
                "best": {
                    "class_name": "warrior",
                    "performance": 41.21835912998422
                },
                "mean": 38.461854352333965,
                "generation": 62,
                "diversity": 28.108880316214442
            },
            {
                "best": {
                    "class_name": "warrior",
                    "performance": 41.21835912998422
                },
                "mean": 38.31925127084936,
                "generation": 63,
                "diversity": 27.695317195298813
            },
            {
                "best": {
                    "class_name": "warrior",
                    "performance": 41.24218798655761
                },
                "mean": 38.318447811142995,
                "generation": 64,
                "diversity": 27.79901482024351
            },
            {
                "best": {
                    "class_name": "warrior",
                    "performance": 41.24218798655761
                },
                "mean": 38.111583698147314,
                "generation": 65,
                "diversity": 28.178795043431908
            },
            {
                "best": {
                    "class_name": "warrior",
                    "performance": 41.24389682328282
                },
                "mean": 38.092583825056316,
                "generation": 66,
                "diversity": 27.03325442287171
            },
            {
                "best": {
                    "class_name": "warrior",
                    "performance": 41.23532970237057
                },
                "mean": 38.09689196346027,
                "generation": 67,
                "diversity": 29.809528028652675
            },
            {
                "best": {
                    "class_name": "warrior",
                    "performance": 41.242198063670585
                },
                "mean": 38.21554399295647,
                "generation": 68,
                "diversity": 27.818747367532424
            },
            {
                "best": {
                    "class_name": "warrior",
                    "performance": 41.244490581279386
                },
                "mean": 38.34634543178593,
                "generation": 69,
                "diversity": 28.25937387313583
            },
            {
                "best": {
                    "class_name": "warrior",
                    "performance": 41.23965359539391
                },
                "mean": 38.3941320502302,
                "generation": 70,
                "diversity": 27.910930500116233
            },
            {
                "best": {
                    "class_name": "warrior",
                    "performance": 41.244355879133515
                },
                "mean": 38.49256172917401,
                "generation": 71,
                "diversity": 27.22641818865564
            },
            {
                "best": {
                    "class_name": "warrior",
                    "performance": 41.244355879133515
                },
                "mean": 38.519343898890014,
                "generation": 72,
                "diversity": 26.552922423163167
            },
            {
                "best": {
                    "class_name": "warrior",
                    "performance": 41.24009757908475
                },
                "mean": 38.50127814444305,
                "generation": 73,
                "diversity": 25.721059362359963
            },
            {
                "best": {
                    "class_name": "warrior",
                    "performance": 41.23371762121658
                },
                "mean": 38.532014079115385,
                "generation": 74,
                "diversity": 25.833787607804485
            },
            {
                "best": {
                    "class_name": "warrior",
                    "performance": 41.24120225117069
                },
                "mean": 38.58933344915766,
                "generation": 75,
                "diversity": 24.872023344001445
            },
            {
                "best": {
                    "class_name": "warrior",
                    "performance": 41.24110868133774
                },
                "mean": 38.563103367485645,
                "generation": 76,
                "diversity": 22.06758061026464
            },
            {
                "best": {
                    "class_name": "warrior",
                    "performance": 41.24110868133774
                },
                "mean": 38.60837153724645,
                "generation": 77,
                "diversity": 22.90613092347891
            }
        ]
    },
    "config": {
        "population_size": 1600,
        "population_to_keep": 800,
        "class_name": "warrior",
        "selection_config_a": {
            "selection_type": "elite",
            "population_to_keep": 400,
            "tournament_size": 50,
            "threshold": 0.75,
            "initial_temperature": 30,
            "temperature_decay": 0.6,
            "min_temperature": 5
        },
        "selection_config_b": {
            "selection_type": "roulette",
            "population_to_keep": 400,
            "tournament_size": 50,
            "threshold": 0.75,
            "initial_temperature": 30,
            "temperature_decay": 0.6,
            "min_temperature": 5
        },
        "selection_config_rate": 0.5,
        "crossover_config": {
            "method": "uniform"
        },
        "mutation_config": {
            "mutation_type": "multi_gen",
            "mutation_rate": 0.2,
            "delta_mutation": 15
        },
        "replacement_config_a": {
            "type": "traditional",
            "quantity": 400,
            "gen_gap": 0.5
        },
        "replacement_config_b": {
            "type": "young_bias",
            "quantity": 400,
            "gen_gap": 0.5
        },
        "replacement_config_rate": 0.5,
        "end_condition_config": {
            "type": "content",
            "generations_to_check": 20,
            "generations": 500,
            "optimum_value": 61.5,
            "tolerance": 0.1,
            "structure_tolerance": 0.01,
            "structure_relevant_proportion": 0.98
        }
    }
}