{
    "results": {
        "best": {
            "solution": {
                "class_name": "warrior",
                "variables": {
                    "strength": 74.98015958949536,
                    "agility": 75.01984041050464,
                    "expertise": 0.0,
                    "resistance": 0.0,
                    "life": 0,
                    "height": 1.92
                },
                "performance": 41.244536894171
            },
            "generation": 23
        },
        "last_iterations": [
            {
                "best": {
                    "class_name": "warrior",
                    "performance": 31.044510514758603
                },
                "mean": 15.683583407416348,
                "generation": 1,
                "diversity": 234.68886525380063
            },
            {
                "best": {
                    "class_name": "warrior",
                    "performance": 36.146431124789174
                },
                "mean": 17.237111347786705,
                "generation": 2,
                "diversity": 210.61659130652444
            },
            {
                "best": {
                    "class_name": "warrior",
                    "performance": 32.38984767105964
                },
                "mean": 18.88049317336824,
                "generation": 3,
                "diversity": 180.1084061105294
            },
            {
                "best": {
                    "class_name": "warrior",
                    "performance": 36.214760542302216
                },
                "mean": 19.98100966702425,
                "generation": 4,
                "diversity": 169.34754278964047
            },
            {
                "best": {
                    "class_name": "warrior",
                    "performance": 36.6497954087887
                },
                "mean": 20.912604142211,
                "generation": 5,
                "diversity": 156.15351739954886
            },
            {
                "best": {
                    "class_name": "warrior",
                    "performance": 37.559948029598374
                },
                "mean": 22.11322294270713,
                "generation": 6,
                "diversity": 140.65072275187615
            },
            {
                "best": {
                    "class_name": "warrior",
                    "performance": 38.821744288612386
                },
                "mean": 23.34119094399243,
                "generation": 7,
                "diversity": 132.4601827456133
            },
            {
                "best": {
                    "class_name": "warrior",
                    "performance": 38.45501883608478
                },
                "mean": 24.948781998642634,
                "generation": 8,
                "diversity": 116.9871649856738
            },
            {
                "best": {
                    "class_name": "warrior",
                    "performance": 39.94070712967126
                },
                "mean": 25.568898112387853,
                "generation": 9,
                "diversity": 110.60502219521213
            },
            {
                "best": {
                    "class_name": "warrior",
                    "performance": 39.28743858163772
                },
                "mean": 26.402882129075046,
                "generation": 10,
                "diversity": 99.45995555544958
            },
            {
                "best": {
                    "class_name": "warrior",
                    "performance": 40.997470816424176
                },
                "mean": 27.295623305216616,
                "generation": 11,
                "diversity": 89.26573094649073
            },
            {
                "best": {
                    "class_name": "warrior",
                    "performance": 40.997470816424176
                },
                "mean": 28.40201937116184,
                "generation": 12,
                "diversity": 84.8442682557324
            },
            {
                "best": {
                    "class_name": "warrior",
                    "performance": 40.61868418378689
                },
                "mean": 29.63100772577945,
                "generation": 13,
                "diversity": 74.40098106332007
            },
            {
                "best": {
                    "class_name": "warrior",
                    "performance": 40.61868418378689
                },
                "mean": 30.959885333430915,
                "generation": 14,
                "diversity": 66.36238931720395
            },
            {
                "best": {
                    "class_name": "warrior",
                    "performance": 40.25511795236377
                },
                "mean": 31.580066260765744,
                "generation": 15,
                "diversity": 64.59796719856676
            },
            {
                "best": {
                    "class_name": "warrior",
                    "performance": 40.84676630249524
                },
                "mean": 32.50137529400067,
                "generation": 16,
                "diversity": 58.89512029334103
            },
            {
                "best": {
                    "class_name": "warrior",
                    "performance": 40.865937343578764
                },
                "mean": 32.982789687610435,
                "generation": 17,
                "diversity": 55.96869953910868
            },
            {
                "best": {
                    "class_name": "warrior",
                    "performance": 40.61110139910341
                },
                "mean": 33.4681366124808,
                "generation": 18,
                "diversity": 53.300614876812006
            },
            {
                "best": {
                    "class_name": "warrior",
                    "performance": 41.05800164148317
                },
                "mean": 33.992594240819756,
                "generation": 19,
                "diversity": 51.54817187965926
            },
            {
                "best": {
                    "class_name": "warrior",
                    "performance": 41.05800164148317
                },
                "mean": 34.55078361992372,
                "generation": 20,
                "diversity": 47.949410250666155
            },
            {
                "best": {
                    "class_name": "warrior",
                    "performance": 40.87007689739931
                },
                "mean": 34.73457410998559,
                "generation": 21,
                "diversity": 46.94059478213572
            },
            {
                "best": {
                    "class_name": "warrior",
                    "performance": 41.05330604002965
                },
                "mean": 35.32123886608212,
                "generation": 22,
                "diversity": 44.74602582585458
            },
            {
                "best": {
                    "class_name": "warrior",
                    "performance": 41.244536894171
                },
                "mean": 35.62263485219201,
                "generation": 23,
                "diversity": 44.275949966853005
            },
            {
                "best": {
                    "class_name": "warrior",
                    "performance": 41.141737698467324
                },
                "mean": 35.79077878659061,
                "generation": 24,
                "diversity": 37.04654566417621
            },
            {
                "best": {
                    "class_name": "warrior",
                    "performance": 40.93653945496682
                },
                "mean": 36.09358952134495,
                "generation": 25,
                "diversity": 36.73409636664981
            },
            {
                "best": {
                    "class_name": "warrior",
                    "performance": 41.16755634713513
                },
                "mean": 36.224706097927665,
                "generation": 26,
                "diversity": 37.90870526117897
            },
            {
                "best": {
                    "class_name": "warrior",
                    "performance": 40.93213022916351
                },
                "mean": 36.67367365283041,
                "generation": 27,
                "diversity": 37.87902148290789
            },
            {
                "best": {
                    "class_name": "warrior",
                    "performance": 41.093068991386026
                },
                "mean": 36.79742881184143,
                "generation": 28,
                "diversity": 34.496412490422536
            },
            {
                "best": {
                    "class_name": "warrior",
                    "performance": 41.1146987810004
                },
                "mean": 37.08777344285206,
                "generation": 29,
                "diversity": 33.24353816005739
            },
            {
                "best": {
                    "class_name": "warrior",
                    "performance": 41.16683996628729
                },
                "mean": 37.2591178325485,
                "generation": 30,
                "diversity": 31.137974345794177
            },
            {
                "best": {
                    "class_name": "warrior",
                    "performance": 40.946743016176974
                },
                "mean": 37.28364794337348,
                "generation": 31,
                "diversity": 32.22170963008704
            },
            {
                "best": {
                    "class_name": "warrior",
                    "performance": 40.942140543857306
                },
                "mean": 37.13028137734933,
                "generation": 32,
                "diversity": 30.480038031371098
            },
            {
                "best": {
                    "class_name": "warrior",
                    "performance": 40.93820431040473
                },
                "mean": 37.3850741760758,
                "generation": 33,
                "diversity": 32.320905314874395
            },
            {
                "best": {
                    "class_name": "warrior",
                    "performance": 41.02805576659777
                },
                "mean": 37.52945160846571,
                "generation": 34,
                "diversity": 34.473184259339256
            },
            {
                "best": {
                    "class_name": "warrior",
                    "performance": 41.02805576659777
                },
                "mean": 37.34118776726206,
                "generation": 35,
                "diversity": 36.19107013721941
            },
            {
                "best": {
                    "class_name": "warrior",
                    "performance": 41.02805576659777
                },
                "mean": 37.35092244408092,
                "generation": 36,
                "diversity": 35.59764145940801
            },
            {
                "best": {
                    "class_name": "warrior",
                    "performance": 41.087190983652015
                },
                "mean": 37.40206536965662,
                "generation": 37,
                "diversity": 34.310438676954256
            },
            {
                "best": {
                    "class_name": "warrior",
                    "performance": 41.06094443791318
                },
                "mean": 37.44320847728765,
                "generation": 38,
                "diversity": 32.294824839241286
            },
            {
                "best": {
                    "class_name": "warrior",
                    "performance": 41.16415862361422
                },
                "mean": 37.42536606659259,
                "generation": 39,
                "diversity": 32.229886012764744
            },
            {
                "best": {
                    "class_name": "warrior",
                    "performance": 41.21201056255773
                },
                "mean": 37.54283466795057,
                "generation": 40,
                "diversity": 32.31939162816772
            },
            {
                "best": {
                    "class_name": "warrior",
                    "performance": 41.113052194133545
                },
                "mean": 37.60296969210688,
                "generation": 41,
                "diversity": 34.09021195052412
            },
            {
                "best": {
                    "class_name": "warrior",
                    "performance": 41.14907689906344
                },
                "mean": 37.523516188307134,
                "generation": 42,
                "diversity": 31.050474960256867
            },
            {
                "best": {
                    "class_name": "warrior",
                    "performance": 41.11379993944178
                },
                "mean": 37.605053309110744,
                "generation": 43,
                "diversity": 32.76757633425255
            }
        ]
    },
    "config": {
        "population_size": 1500,
        "population_to_keep": 750,
        "class_name": "warrior",
        "selection_config_a": {
            "selection_type": "elite",
            "population_to_keep": 375,
            "tournament_size": 50,
            "threshold": 0.75,
            "initial_temperature": 30,
            "temperature_decay": 0.6,
            "min_temperature": 5
        },
        "selection_config_b": {
            "selection_type": "roulette",
            "population_to_keep": 375,
            "tournament_size": 50,
            "threshold": 0.75,
            "initial_temperature": 30,
            "temperature_decay": 0.6,
            "min_temperature": 5
        },
        "selection_config_rate": 0.5,
        "crossover_config": {
            "method": "uniform"
        },
        "mutation_config": {
            "mutation_type": "multi_gen",
            "mutation_rate": 0.2,
            "delta_mutation": 15
        },
        "replacement_config_a": {
            "type": "traditional",
            "quantity": 375,
            "gen_gap": 0.5
        },
        "replacement_config_b": {
            "type": "young_bias",
            "quantity": 375,
            "gen_gap": 0.5
        },
        "replacement_config_rate": 0.5,
        "end_condition_config": {
            "type": "content",
            "generations_to_check": 20,
            "generations": 500,
            "optimum_value": 61.5,
            "tolerance": 0.1,
            "structure_tolerance": 0.01,
            "structure_relevant_proportion": 0.98
        }
    }
}