{
    "results": {
        "best": {
            "solution": {
                "class_name": "warrior",
                "variables": {
                    "strength": 74.9760016617768,
                    "agility": 74.55739527228107,
                    "expertise": 0.4666030659421103,
                    "resistance": 0.0,
                    "life": 0.0,
                    "height": 1.92
                },
                "performance": 41.24508753720684
            },
            "generation": 46
        },
        "last_iterations": [
            {
                "best": {
                    "class_name": "warrior",
                    "performance": 31.860198769258208
                },
                "mean": 16.24330398454121,
                "generation": 1,
                "diversity": 245.63469852091748
            },
            {
                "best": {
                    "class_name": "warrior",
                    "performance": 29.242045489681317
                },
                "mean": 17.16290099568575,
                "generation": 2,
                "diversity": 213.22820992167587
            },
            {
                "best": {
                    "class_name": "warrior",
                    "performance": 35.43195394958726
                },
                "mean": 18.897611631679087,
                "generation": 3,
                "diversity": 183.17263661353323
            },
            {
                "best": {
                    "class_name": "warrior",
                    "performance": 36.443351057398594
                },
                "mean": 19.51165887486068,
                "generation": 4,
                "diversity": 170.00234315150047
            },
            {
                "best": {
                    "class_name": "warrior",
                    "performance": 37.09308120891486
                },
                "mean": 20.110707361273818,
                "generation": 5,
                "diversity": 150.31488267438618
            },
            {
                "best": {
                    "class_name": "warrior",
                    "performance": 36.894856280038304
                },
                "mean": 20.921602981568164,
                "generation": 6,
                "diversity": 134.37785683551917
            },
            {
                "best": {
                    "class_name": "warrior",
                    "performance": 36.894856280038304
                },
                "mean": 21.63915959092218,
                "generation": 7,
                "diversity": 125.22333331545896
            },
            {
                "best": {
                    "class_name": "warrior",
                    "performance": 38.39018384705059
                },
                "mean": 22.581351721598867,
                "generation": 8,
                "diversity": 117.88134872832934
            },
            {
                "best": {
                    "class_name": "warrior",
                    "performance": 37.3582485688087
                },
                "mean": 24.071674029844996,
                "generation": 9,
                "diversity": 100.75943304370308
            },
            {
                "best": {
                    "class_name": "warrior",
                    "performance": 37.209357126274845
                },
                "mean": 25.175637657973443,
                "generation": 10,
                "diversity": 91.32527751740317
            },
            {
                "best": {
                    "class_name": "warrior",
                    "performance": 39.2366653231722
                },
                "mean": 26.302268408516664,
                "generation": 11,
                "diversity": 81.63424006335688
            },
            {
                "best": {
                    "class_name": "warrior",
                    "performance": 39.2366653231722
                },
                "mean": 27.272514998329704,
                "generation": 12,
                "diversity": 74.25952924417739
            },
            {
                "best": {
                    "class_name": "warrior",
                    "performance": 40.22802235688722
                },
                "mean": 28.534029560985484,
                "generation": 13,
                "diversity": 69.65170039206124
            },
            {
                "best": {
                    "class_name": "warrior",
                    "performance": 40.22802235688722
                },
                "mean": 29.86777011878594,
                "generation": 14,
                "diversity": 66.59500547442458
            },
            {
                "best": {
                    "class_name": "warrior",
                    "performance": 40.22802235688722
                },
                "mean": 30.343708327700632,
                "generation": 15,
                "diversity": 62.42403609679733
            },
            {
                "best": {
                    "class_name": "warrior",
                    "performance": 40.14906208626134
                },
                "mean": 30.59222703278544,
                "generation": 16,
                "diversity": 59.17053258344234
            },
            {
                "best": {
                    "class_name": "warrior",
                    "performance": 39.88907872083572
                },
                "mean": 31.51161791156126,
                "generation": 17,
                "diversity": 57.99387648294692
            },
            {
                "best": {
                    "class_name": "warrior",
                    "performance": 40.31408393372719
                },
                "mean": 32.592236362429695,
                "generation": 18,
                "diversity": 53.32282480613903
            },
            {
                "best": {
                    "class_name": "warrior",
                    "performance": 40.791356453870456
                },
                "mean": 33.015150622318615,
                "generation": 19,
                "diversity": 49.096027679743095
            },
            {
                "best": {
                    "class_name": "warrior",
                    "performance": 40.791356453870456
                },
                "mean": 33.4809935678737,
                "generation": 20,
                "diversity": 48.229104891222214
            },
            {
                "best": {
                    "class_name": "warrior",
                    "performance": 40.807867783505486
                },
                "mean": 34.01307886890621,
                "generation": 21,
                "diversity": 43.53800388391153
            },
            {
                "best": {
                    "class_name": "warrior",
                    "performance": 40.807867783505486
                },
                "mean": 34.56728294105345,
                "generation": 22,
                "diversity": 41.16896800087907
            },
            {
                "best": {
                    "class_name": "warrior",
                    "performance": 40.43277262732148
                },
                "mean": 35.09757440914368,
                "generation": 23,
                "diversity": 38.13809112480346
            },
            {
                "best": {
                    "class_name": "warrior",
                    "performance": 40.934038417091706
                },
                "mean": 35.494501488380564,
                "generation": 24,
                "diversity": 33.15326028109005
            },
            {
                "best": {
                    "class_name": "warrior",
                    "performance": 41.17244037215259
                },
                "mean": 35.61125474925237,
                "generation": 25,
                "diversity": 31.41964555161296
            },
            {
                "best": {
                    "class_name": "warrior",
                    "performance": 40.707972163743456
                },
                "mean": 35.81314149965362,
                "generation": 26,
                "diversity": 29.03603330161111
            },
            {
                "best": {
                    "class_name": "warrior",
                    "performance": 40.56364676274554
                },
                "mean": 36.18741618623999,
                "generation": 27,
                "diversity": 26.598974396072233
            },
            {
                "best": {
                    "class_name": "warrior",
                    "performance": 40.56364676274555
                },
                "mean": 36.46810625290498,
                "generation": 28,
                "diversity": 23.8756252777896
            },
            {
                "best": {
                    "class_name": "warrior",
                    "performance": 40.96388221211175
                },
                "mean": 36.27565314704869,
                "generation": 29,
                "diversity": 24.08133116220446
            },
            {
                "best": {
                    "class_name": "warrior",
                    "performance": 40.96388221211175
                },
                "mean": 36.55053145906519,
                "generation": 30,
                "diversity": 22.156569419151495
            },
            {
                "best": {
                    "class_name": "warrior",
                    "performance": 40.86909006597506
                },
                "mean": 36.55905924174158,
                "generation": 31,
                "diversity": 23.380777656774143
            },
            {
                "best": {
                    "class_name": "warrior",
                    "performance": 40.744161290870046
                },
                "mean": 36.69067006613461,
                "generation": 32,
                "diversity": 23.745889751080067
            },
            {
                "best": {
                    "class_name": "warrior",
                    "performance": 40.77635111446295
                },
                "mean": 36.968998572655906,
                "generation": 33,
                "diversity": 23.953062302831977
            },
            {
                "best": {
                    "class_name": "warrior",
                    "performance": 41.22547949582107
                },
                "mean": 36.869213964849536,
                "generation": 34,
                "diversity": 25.95459028202569
            },
            {
                "best": {
                    "class_name": "warrior",
                    "performance": 41.22547949582107
                },
                "mean": 37.063179692292195,
                "generation": 35,
                "diversity": 27.366369660283258
            },
            {
                "best": {
                    "class_name": "warrior",
                    "performance": 40.87865379362588
                },
                "mean": 37.223060667517565,
                "generation": 36,
                "diversity": 26.36646148105119
            },
            {
                "best": {
                    "class_name": "warrior",
                    "performance": 41.14420083001834
                },
                "mean": 37.48827054412283,
                "generation": 37,
                "diversity": 24.911386642826148
            },
            {
                "best": {
                    "class_name": "warrior",
                    "performance": 41.07696758057322
                },
                "mean": 37.46083566608291,
                "generation": 38,
                "diversity": 22.526838778226885
            },
            {
                "best": {
                    "class_name": "warrior",
                    "performance": 41.168035767060054
                },
                "mean": 37.31312895007061,
                "generation": 39,
                "diversity": 21.547433704454903
            },
            {
                "best": {
                    "class_name": "warrior",
                    "performance": 41.23720111222213
                },
                "mean": 37.426186325759225,
                "generation": 40,
                "diversity": 22.490688570921876
            },
            {
                "best": {
                    "class_name": "warrior",
                    "performance": 41.23720111222213
                },
                "mean": 37.62178337906846,
                "generation": 41,
                "diversity": 22.838512117410406
            },
            {
                "best": {
                    "class_name": "warrior",
                    "performance": 41.04249444780579
                },
                "mean": 37.65725801029569,
                "generation": 42,
                "diversity": 22.433763397868788
            },
            {
                "best": {
                    "class_name": "warrior",
                    "performance": 41.24290770762349
                },
                "mean": 37.84336437870187,
                "generation": 43,
                "diversity": 24.78651270083493
            },
            {
                "best": {
                    "class_name": "warrior",
                    "performance": 41.24290770762349
                },
                "mean": 38.054597403839054,
                "generation": 44,
                "diversity": 26.044208273595554
            },
            {
                "best": {
                    "class_name": "warrior",
                    "performance": 41.24290770762349
                },
                "mean": 38.00950706223053,
                "generation": 45,
                "diversity": 26.018773466536075
            },
            {
                "best": {
                    "class_name": "warrior",
                    "performance": 41.24508753720684
                },
                "mean": 38.21537815436342,
                "generation": 46,
                "diversity": 28.784565110363076
            },
            {
                "best": {
                    "class_name": "warrior",
                    "performance": 41.24508753720684
                },
                "mean": 38.27851460952494,
                "generation": 47,
                "diversity": 27.29217614198262
            },
            {
                "best": {
                    "class_name": "warrior",
                    "performance": 41.168606205180474
                },
                "mean": 38.3314040790396,
                "generation": 48,
                "diversity": 26.476871960275236
            },
            {
                "best": {
                    "class_name": "warrior",
                    "performance": 41.216612445895336
                },
                "mean": 38.251230319466636,
                "generation": 49,
                "diversity": 28.55144961907864
            },
            {
                "best": {
                    "class_name": "warrior",
                    "performance": 41.082713962830375
                },
                "mean": 38.36513757687431,
                "generation": 50,
                "diversity": 30.593293594373677
            },
            {
                "best": {
                    "class_name": "warrior",
                    "performance": 41.073470610289256
                },
                "mean": 38.325475173018155,
                "generation": 51,
                "diversity": 27.9522205002531
            },
            {
                "best": {
                    "class_name": "warrior",
                    "performance": 41.19931509410638
                },
                "mean": 38.3052741471868,
                "generation": 52,
                "diversity": 29.803868327619355
            },
            {
                "best": {
                    "class_name": "warrior",
                    "performance": 41.200720639017796
                },
                "mean": 38.24823910986396,
                "generation": 53,
                "diversity": 28.044035804178886
            },
            {
                "best": {
                    "class_name": "warrior",
                    "performance": 41.24141218439028
                },
                "mean": 38.15321903505389,
                "generation": 54,
                "diversity": 26.66759902689913
            },
            {
                "best": {
                    "class_name": "warrior",
                    "performance": 41.24141218439028
                },
                "mean": 38.03401570914963,
                "generation": 55,
                "diversity": 26.27196400211921
            },
            {
                "best": {
                    "class_name": "warrior",
                    "performance": 41.24141218439028
                },
                "mean": 38.22633342602225,
                "generation": 56,
                "diversity": 24.945754895569962
            },
            {
                "best": {
                    "class_name": "warrior",
                    "performance": 41.13524893301746
                },
                "mean": 38.183029954953604,
                "generation": 57,
                "diversity": 24.620710820564465
            },
            {
                "best": {
                    "class_name": "warrior",
                    "performance": 41.23954458145267
                },
                "mean": 38.153573444586776,
                "generation": 58,
                "diversity": 24.350104098795722
            },
            {
                "best": {
                    "class_name": "warrior",
                    "performance": 41.17217664821885
                },
                "mean": 38.33808047879876,
                "generation": 59,
                "diversity": 26.624798785372864
            },
            {
                "best": {
                    "class_name": "warrior",
                    "performance": 41.243737990222826
                },
                "mean": 38.352487321359234,
                "generation": 60,
                "diversity": 24.751520848948655
            },
            {
                "best": {
                    "class_name": "warrior",
                    "performance": 41.20202429850633
                },
                "mean": 38.199617686576644,
                "generation": 61,
                "diversity": 25.386144461525863
            },
            {
                "best": {
                    "class_name": "warrior",
                    "performance": 41.24322061242904
                },
                "mean": 38.258961416071585,
                "generation": 62,
                "diversity": 23.865748185109506
            },
            {
                "best": {
                    "class_name": "warrior",
                    "performance": 41.24104880841131
                },
                "mean": 38.203008853048374,
                "generation": 63,
                "diversity": 23.133100546372347
            },
            {
                "best": {
                    "class_name": "warrior",
                    "performance": 41.240619120047334
                },
                "mean": 38.404056418379575,
                "generation": 64,
                "diversity": 22.67355050204598
            },
            {
                "best": {
                    "class_name": "warrior",
                    "performance": 41.22812100945797
                },
                "mean": 38.427086978702675,
                "generation": 65,
                "diversity": 23.636864908025434
            },
            {
                "best": {
                    "class_name": "warrior",
                    "performance": 41.22261864915773
                },
                "mean": 38.527573657029066,
                "generation": 66,
                "diversity": 20.99915827499853
            }
        ]
    },
    "config": {
        "population_size": 1100,
        "population_to_keep": 550,
        "class_name": "warrior",
        "selection_config_a": {
            "selection_type": "elite",
            "population_to_keep": 275,
            "tournament_size": 50,
            "threshold": 0.75,
            "initial_temperature": 30,
            "temperature_decay": 0.6,
            "min_temperature": 5
        },
        "selection_config_b": {
            "selection_type": "roulette",
            "population_to_keep": 275,
            "tournament_size": 50,
            "threshold": 0.75,
            "initial_temperature": 30,
            "temperature_decay": 0.6,
            "min_temperature": 5
        },
        "selection_config_rate": 0.5,
        "crossover_config": {
            "method": "uniform"
        },
        "mutation_config": {
            "mutation_type": "multi_gen",
            "mutation_rate": 0.2,
            "delta_mutation": 15
        },
        "replacement_config_a": {
            "type": "traditional",
            "quantity": 275,
            "gen_gap": 0.5
        },
        "replacement_config_b": {
            "type": "young_bias",
            "quantity": 275,
            "gen_gap": 0.5
        },
        "replacement_config_rate": 0.5,
        "end_condition_config": {
            "type": "content",
            "generations_to_check": 20,
            "generations": 500,
            "optimum_value": 61.5,
            "tolerance": 0.1,
            "structure_tolerance": 0.01,
            "structure_relevant_proportion": 0.98
        }
    }
}