{
    "results": {
        "best": {
            "solution": {
                "class_name": "warrior",
                "variables": {
                    "strength": 71.9384455599491,
                    "agility": 71.7085067840915,
                    "expertise": 6.353047655959394,
                    "resistance": 0.0,
                    "life": 0.0,
                    "height": 1.9100000000000001
                },
                "performance": 41.16964901804553
            },
            "generation": 50
        },
        "last_iterations": [
            {
                "best": {
                    "class_name": "warrior",
                    "performance": 35.25498326279898
                },
                "mean": 16.11866603804084,
                "generation": 1,
                "diversity": 244.90317190183939
            },
            {
                "best": {
                    "class_name": "warrior",
                    "performance": 38.58665790999205
                },
                "mean": 17.112469387751023,
                "generation": 2,
                "diversity": 217.43579513574585
            },
            {
                "best": {
                    "class_name": "warrior",
                    "performance": 32.72854333814867
                },
                "mean": 18.45138506785759,
                "generation": 3,
                "diversity": 182.14702589222654
            },
            {
                "best": {
                    "class_name": "warrior",
                    "performance": 33.90761405380849
                },
                "mean": 19.42365368243996,
                "generation": 4,
                "diversity": 172.82431717082372
            },
            {
                "best": {
                    "class_name": "warrior",
                    "performance": 40.333606859313335
                },
                "mean": 20.22189584211475,
                "generation": 5,
                "diversity": 160.1676154049993
            },
            {
                "best": {
                    "class_name": "warrior",
                    "performance": 35.022178298531834
                },
                "mean": 21.310177082446536,
                "generation": 6,
                "diversity": 143.4633137829514
            },
            {
                "best": {
                    "class_name": "warrior",
                    "performance": 36.59297448340622
                },
                "mean": 22.596246964977077,
                "generation": 7,
                "diversity": 122.88724246739349
            },
            {
                "best": {
                    "class_name": "warrior",
                    "performance": 36.638030386450616
                },
                "mean": 23.675082809475146,
                "generation": 8,
                "diversity": 107.242332115389
            },
            {
                "best": {
                    "class_name": "warrior",
                    "performance": 37.352129571754745
                },
                "mean": 24.84099008077534,
                "generation": 9,
                "diversity": 93.6140794764638
            },
            {
                "best": {
                    "class_name": "warrior",
                    "performance": 38.37568401731739
                },
                "mean": 25.833384524565233,
                "generation": 10,
                "diversity": 82.233289009774
            },
            {
                "best": {
                    "class_name": "warrior",
                    "performance": 36.952626592450656
                },
                "mean": 26.555015651350324,
                "generation": 11,
                "diversity": 78.84875589808702
            },
            {
                "best": {
                    "class_name": "warrior",
                    "performance": 39.59267338097106
                },
                "mean": 27.523396158519382,
                "generation": 12,
                "diversity": 76.47881336805352
            },
            {
                "best": {
                    "class_name": "warrior",
                    "performance": 39.59267338097106
                },
                "mean": 28.546341095014633,
                "generation": 13,
                "diversity": 70.37802751595268
            },
            {
                "best": {
                    "class_name": "warrior",
                    "performance": 38.22790060077714
                },
                "mean": 29.067054301927413,
                "generation": 14,
                "diversity": 64.81217951751103
            },
            {
                "best": {
                    "class_name": "warrior",
                    "performance": 39.013115984235895
                },
                "mean": 29.763124016591565,
                "generation": 15,
                "diversity": 58.17288329463599
            },
            {
                "best": {
                    "class_name": "warrior",
                    "performance": 40.77228886166632
                },
                "mean": 30.35241347532441,
                "generation": 16,
                "diversity": 53.74622324157664
            },
            {
                "best": {
                    "class_name": "warrior",
                    "performance": 40.77228886166632
                },
                "mean": 30.998270244036505,
                "generation": 17,
                "diversity": 53.75742953205605
            },
            {
                "best": {
                    "class_name": "warrior",
                    "performance": 40.725909903450805
                },
                "mean": 31.561020409498,
                "generation": 18,
                "diversity": 48.31757417067939
            },
            {
                "best": {
                    "class_name": "warrior",
                    "performance": 40.092147391304614
                },
                "mean": 32.241204962145524,
                "generation": 19,
                "diversity": 43.879813488343274
            },
            {
                "best": {
                    "class_name": "warrior",
                    "performance": 40.22301700896778
                },
                "mean": 32.85871926908928,
                "generation": 20,
                "diversity": 40.47345814150603
            },
            {
                "best": {
                    "class_name": "warrior",
                    "performance": 40.53237693690269
                },
                "mean": 33.53246316422535,
                "generation": 21,
                "diversity": 37.72939020399737
            },
            {
                "best": {
                    "class_name": "warrior",
                    "performance": 40.524917992587106
                },
                "mean": 34.26277240993939,
                "generation": 22,
                "diversity": 34.67346901280364
            },
            {
                "best": {
                    "class_name": "warrior",
                    "performance": 40.41269175351961
                },
                "mean": 34.33943539610959,
                "generation": 23,
                "diversity": 35.78489364860319
            },
            {
                "best": {
                    "class_name": "warrior",
                    "performance": 40.432600877011375
                },
                "mean": 34.769367866993655,
                "generation": 24,
                "diversity": 32.2028127185209
            },
            {
                "best": {
                    "class_name": "warrior",
                    "performance": 40.80949066036634
                },
                "mean": 35.237656776542366,
                "generation": 25,
                "diversity": 29.475668296462334
            },
            {
                "best": {
                    "class_name": "warrior",
                    "performance": 40.80949066036634
                },
                "mean": 35.274080455838074,
                "generation": 26,
                "diversity": 28.857718744236944
            },
            {
                "best": {
                    "class_name": "warrior",
                    "performance": 40.582018148314035
                },
                "mean": 35.46901815193265,
                "generation": 27,
                "diversity": 28.325177342507214
            },
            {
                "best": {
                    "class_name": "warrior",
                    "performance": 40.16075934890432
                },
                "mean": 35.61550484791094,
                "generation": 28,
                "diversity": 27.62538741636206
            },
            {
                "best": {
                    "class_name": "warrior",
                    "performance": 40.397387105557584
                },
                "mean": 35.85039135244989,
                "generation": 29,
                "diversity": 26.60202483172201
            },
            {
                "best": {
                    "class_name": "warrior",
                    "performance": 40.238681396031616
                },
                "mean": 36.14884635322899,
                "generation": 30,
                "diversity": 25.781992776159523
            },
            {
                "best": {
                    "class_name": "warrior",
                    "performance": 40.47214538922613
                },
                "mean": 36.54306414044077,
                "generation": 31,
                "diversity": 21.60359638449042
            },
            {
                "best": {
                    "class_name": "warrior",
                    "performance": 40.80944903129798
                },
                "mean": 36.639029516222855,
                "generation": 32,
                "diversity": 19.95354797067927
            },
            {
                "best": {
                    "class_name": "warrior",
                    "performance": 40.80944903129798
                },
                "mean": 36.759158306101185,
                "generation": 33,
                "diversity": 19.38675402771816
            },
            {
                "best": {
                    "class_name": "warrior",
                    "performance": 40.71859132779459
                },
                "mean": 36.795181595024246,
                "generation": 34,
                "diversity": 20.11567303590368
            },
            {
                "best": {
                    "class_name": "warrior",
                    "performance": 40.86750994042877
                },
                "mean": 36.95424440400701,
                "generation": 35,
                "diversity": 19.789992259479025
            },
            {
                "best": {
                    "class_name": "warrior",
                    "performance": 40.86750994042877
                },
                "mean": 36.9057130514572,
                "generation": 36,
                "diversity": 19.94366574391933
            },
            {
                "best": {
                    "class_name": "warrior",
                    "performance": 40.91008282546259
                },
                "mean": 37.05162717255715,
                "generation": 37,
                "diversity": 19.989001854397767
            },
            {
                "best": {
                    "class_name": "warrior",
                    "performance": 41.168983896500876
                },
                "mean": 37.10062556831352,
                "generation": 38,
                "diversity": 19.423354749428977
            },
            {
                "best": {
                    "class_name": "warrior",
                    "performance": 41.002631538597555
                },
                "mean": 37.29948560964032,
                "generation": 39,
                "diversity": 18.800196126158838
            },
            {
                "best": {
                    "class_name": "warrior",
                    "performance": 41.076128850992596
                },
                "mean": 37.3799513489645,
                "generation": 40,
                "diversity": 18.942723093646954
            },
            {
                "best": {
                    "class_name": "warrior",
                    "performance": 41.076128850992596
                },
                "mean": 37.35831360098787,
                "generation": 41,
                "diversity": 18.42614322149993
            },
            {
                "best": {
                    "class_name": "warrior",
                    "performance": 41.04401535663243
                },
                "mean": 37.32750513584593,
                "generation": 42,
                "diversity": 18.982657503616334
            },
            {
                "best": {
                    "class_name": "warrior",
                    "performance": 41.06738626664388
                },
                "mean": 37.36469244311217,
                "generation": 43,
                "diversity": 18.48913798118493
            },
            {
                "best": {
                    "class_name": "warrior",
                    "performance": 41.06738626664388
                },
                "mean": 37.437148818108206,
                "generation": 44,
                "diversity": 18.40197498637796
            },
            {
                "best": {
                    "class_name": "warrior",
                    "performance": 41.06738626664388
                },
                "mean": 37.4196082231544,
                "generation": 45,
                "diversity": 20.89664440541149
            },
            {
                "best": {
                    "class_name": "warrior",
                    "performance": 41.06738626664388
                },
                "mean": 37.64258915250024,
                "generation": 46,
                "diversity": 19.020049711841835
            },
            {
                "best": {
                    "class_name": "warrior",
                    "performance": 41.002875797982746
                },
                "mean": 37.469439918080525,
                "generation": 47,
                "diversity": 20.982226294284736
            },
            {
                "best": {
                    "class_name": "warrior",
                    "performance": 41.03596350101962
                },
                "mean": 37.48990382026153,
                "generation": 48,
                "diversity": 21.02158991426312
            },
            {
                "best": {
                    "class_name": "warrior",
                    "performance": 41.03596350101962
                },
                "mean": 37.44638110888274,
                "generation": 49,
                "diversity": 21.565973635441797
            },
            {
                "best": {
                    "class_name": "warrior",
                    "performance": 41.16964901804553
                },
                "mean": 37.56114618825946,
                "generation": 50,
                "diversity": 22.15879093370887
            },
            {
                "best": {
                    "class_name": "warrior",
                    "performance": 41.09042048378938
                },
                "mean": 37.69551959686038,
                "generation": 51,
                "diversity": 21.514220710313015
            },
            {
                "best": {
                    "class_name": "warrior",
                    "performance": 41.10743409694766
                },
                "mean": 37.71582374357187,
                "generation": 52,
                "diversity": 20.731712471509393
            },
            {
                "best": {
                    "class_name": "warrior",
                    "performance": 41.06819575386772
                },
                "mean": 37.786350942467806,
                "generation": 53,
                "diversity": 21.06196705467077
            },
            {
                "best": {
                    "class_name": "warrior",
                    "performance": 41.153241487607936
                },
                "mean": 37.73278109589428,
                "generation": 54,
                "diversity": 22.28960443634122
            },
            {
                "best": {
                    "class_name": "warrior",
                    "performance": 41.16798447077052
                },
                "mean": 37.80870368101279,
                "generation": 55,
                "diversity": 23.107734789722752
            },
            {
                "best": {
                    "class_name": "warrior",
                    "performance": 41.08644529940512
                },
                "mean": 37.79774628767668,
                "generation": 56,
                "diversity": 22.72311474149521
            },
            {
                "best": {
                    "class_name": "warrior",
                    "performance": 40.979238630961945
                },
                "mean": 38.02964045985395,
                "generation": 57,
                "diversity": 20.93994865136377
            },
            {
                "best": {
                    "class_name": "warrior",
                    "performance": 41.137687327846706
                },
                "mean": 37.97019695927886,
                "generation": 58,
                "diversity": 23.935254500703405
            }
        ]
    },
    "config": {
        "population_size": 1600,
        "population_to_keep": 800,
        "class_name": "warrior",
        "selection_config_a": {
            "selection_type": "elite",
            "population_to_keep": 400,
            "tournament_size": 50,
            "threshold": 0.75,
            "initial_temperature": 30,
            "temperature_decay": 0.6,
            "min_temperature": 5
        },
        "selection_config_b": {
            "selection_type": "roulette",
            "population_to_keep": 400,
            "tournament_size": 50,
            "threshold": 0.75,
            "initial_temperature": 30,
            "temperature_decay": 0.6,
            "min_temperature": 5
        },
        "selection_config_rate": 0.5,
        "crossover_config": {
            "method": "uniform"
        },
        "mutation_config": {
            "mutation_type": "multi_gen",
            "mutation_rate": 0.2,
            "delta_mutation": 15
        },
        "replacement_config_a": {
            "type": "traditional",
            "quantity": 400,
            "gen_gap": 0.5
        },
        "replacement_config_b": {
            "type": "young_bias",
            "quantity": 400,
            "gen_gap": 0.5
        },
        "replacement_config_rate": 0.5,
        "end_condition_config": {
            "type": "content",
            "generations_to_check": 20,
            "generations": 500,
            "optimum_value": 61.5,
            "tolerance": 0.1,
            "structure_tolerance": 0.01,
            "structure_relevant_proportion": 0.98
        }
    }
}