{
    "results": {
        "best": {
            "solution": {
                "class_name": "warrior",
                "variables": {
                    "strength": 73.98627060775509,
                    "agility": 76.0137293922449,
                    "expertise": 0.0,
                    "resistance": 0.0,
                    "life": 0.0,
                    "height": 1.91
                },
                "performance": 41.23427612352818
            },
            "generation": 44
        },
        "last_iterations": [
            {
                "best": {
                    "class_name": "warrior",
                    "performance": 35.728948134257564
                },
                "mean": 16.9193539384817,
                "generation": 1,
                "diversity": 234.2492094873085
            },
            {
                "best": {
                    "class_name": "warrior",
                    "performance": 37.59818866321221
                },
                "mean": 17.71252027433806,
                "generation": 2,
                "diversity": 227.6445249846017
            },
            {
                "best": {
                    "class_name": "warrior",
                    "performance": 35.75291457062555
                },
                "mean": 18.421113867960344,
                "generation": 3,
                "diversity": 204.45700284322314
            },
            {
                "best": {
                    "class_name": "warrior",
                    "performance": 32.70006948408112
                },
                "mean": 19.21099960129807,
                "generation": 4,
                "diversity": 195.51045232166368
            },
            {
                "best": {
                    "class_name": "warrior",
                    "performance": 32.70006948408112
                },
                "mean": 20.238430248868053,
                "generation": 5,
                "diversity": 163.90355049496952
            },
            {
                "best": {
                    "class_name": "warrior",
                    "performance": 33.85094914668058
                },
                "mean": 20.955914585406383,
                "generation": 6,
                "diversity": 155.39648018419575
            },
            {
                "best": {
                    "class_name": "warrior",
                    "performance": 36.35256876120081
                },
                "mean": 21.791679770414323,
                "generation": 7,
                "diversity": 137.26898649788868
            },
            {
                "best": {
                    "class_name": "warrior",
                    "performance": 36.35256876120081
                },
                "mean": 22.86562772554978,
                "generation": 8,
                "diversity": 118.88856494028728
            },
            {
                "best": {
                    "class_name": "warrior",
                    "performance": 35.94840016515967
                },
                "mean": 23.846309596835116,
                "generation": 9,
                "diversity": 109.55125004551951
            },
            {
                "best": {
                    "class_name": "warrior",
                    "performance": 37.02661522946002
                },
                "mean": 24.74034831836252,
                "generation": 10,
                "diversity": 100.73369279579096
            },
            {
                "best": {
                    "class_name": "warrior",
                    "performance": 38.025852760833786
                },
                "mean": 25.724208336442622,
                "generation": 11,
                "diversity": 90.57967879704579
            },
            {
                "best": {
                    "class_name": "warrior",
                    "performance": 38.49473946249058
                },
                "mean": 26.864723766638754,
                "generation": 12,
                "diversity": 81.99587283649285
            },
            {
                "best": {
                    "class_name": "warrior",
                    "performance": 38.415004163244724
                },
                "mean": 27.35253577067139,
                "generation": 13,
                "diversity": 74.58326984026358
            },
            {
                "best": {
                    "class_name": "warrior",
                    "performance": 38.704419324438724
                },
                "mean": 28.21513507262253,
                "generation": 14,
                "diversity": 71.68669387922138
            },
            {
                "best": {
                    "class_name": "warrior",
                    "performance": 40.05711849435174
                },
                "mean": 29.09201026859488,
                "generation": 15,
                "diversity": 64.65221296931013
            },
            {
                "best": {
                    "class_name": "warrior",
                    "performance": 40.824003441129825
                },
                "mean": 29.969869749629723,
                "generation": 16,
                "diversity": 62.0293825332376
            },
            {
                "best": {
                    "class_name": "warrior",
                    "performance": 39.76498554061657
                },
                "mean": 30.45883754328294,
                "generation": 17,
                "diversity": 59.13081315366568
            },
            {
                "best": {
                    "class_name": "warrior",
                    "performance": 40.812194309735226
                },
                "mean": 31.366444698567676,
                "generation": 18,
                "diversity": 54.145500497374314
            },
            {
                "best": {
                    "class_name": "warrior",
                    "performance": 40.09083827246947
                },
                "mean": 32.399649460619514,
                "generation": 19,
                "diversity": 48.915268028333806
            },
            {
                "best": {
                    "class_name": "warrior",
                    "performance": 40.32492720690327
                },
                "mean": 32.892823462812,
                "generation": 20,
                "diversity": 45.5034446532702
            },
            {
                "best": {
                    "class_name": "warrior",
                    "performance": 40.045027666743906
                },
                "mean": 33.543496090548935,
                "generation": 21,
                "diversity": 42.304029550379546
            },
            {
                "best": {
                    "class_name": "warrior",
                    "performance": 40.69719910210025
                },
                "mean": 34.165282958197324,
                "generation": 22,
                "diversity": 37.451008905113014
            },
            {
                "best": {
                    "class_name": "warrior",
                    "performance": 41.199065575614426
                },
                "mean": 34.61199101583154,
                "generation": 23,
                "diversity": 36.16760418050742
            },
            {
                "best": {
                    "class_name": "warrior",
                    "performance": 41.199065575614426
                },
                "mean": 35.061661650439355,
                "generation": 24,
                "diversity": 34.87575171863811
            },
            {
                "best": {
                    "class_name": "warrior",
                    "performance": 40.997795550706485
                },
                "mean": 35.47412874103882,
                "generation": 25,
                "diversity": 33.22730905873859
            },
            {
                "best": {
                    "class_name": "warrior",
                    "performance": 40.95228730596087
                },
                "mean": 35.8625909999793,
                "generation": 26,
                "diversity": 30.95863908562609
            },
            {
                "best": {
                    "class_name": "warrior",
                    "performance": 40.44512785603354
                },
                "mean": 36.0128195154757,
                "generation": 27,
                "diversity": 29.58702357261581
            },
            {
                "best": {
                    "class_name": "warrior",
                    "performance": 40.67976646275625
                },
                "mean": 36.022590530461265,
                "generation": 28,
                "diversity": 27.61139128213571
            },
            {
                "best": {
                    "class_name": "warrior",
                    "performance": 41.14317723879613
                },
                "mean": 36.06876411999032,
                "generation": 29,
                "diversity": 28.17188733006813
            },
            {
                "best": {
                    "class_name": "warrior",
                    "performance": 40.68172914126426
                },
                "mean": 36.45131932383252,
                "generation": 30,
                "diversity": 26.407668986535622
            },
            {
                "best": {
                    "class_name": "warrior",
                    "performance": 41.004622354737116
                },
                "mean": 36.567387928609534,
                "generation": 31,
                "diversity": 27.224135280850195
            },
            {
                "best": {
                    "class_name": "warrior",
                    "performance": 41.22186106585356
                },
                "mean": 36.783893795968766,
                "generation": 32,
                "diversity": 26.065464077854447
            },
            {
                "best": {
                    "class_name": "warrior",
                    "performance": 41.22186106585356
                },
                "mean": 36.76070628940308,
                "generation": 33,
                "diversity": 23.687457014338367
            },
            {
                "best": {
                    "class_name": "warrior",
                    "performance": 41.22186106585356
                },
                "mean": 36.83692951707139,
                "generation": 34,
                "diversity": 21.95358677252923
            },
            {
                "best": {
                    "class_name": "warrior",
                    "performance": 40.78918572942574
                },
                "mean": 36.71830506909618,
                "generation": 35,
                "diversity": 21.83022762304168
            },
            {
                "best": {
                    "class_name": "warrior",
                    "performance": 40.79717739958508
                },
                "mean": 37.09280720081262,
                "generation": 36,
                "diversity": 21.24947566833128
            },
            {
                "best": {
                    "class_name": "warrior",
                    "performance": 40.79717739958508
                },
                "mean": 37.199744156349624,
                "generation": 37,
                "diversity": 21.53584882755202
            },
            {
                "best": {
                    "class_name": "warrior",
                    "performance": 40.787325827725404
                },
                "mean": 37.155479568644694,
                "generation": 38,
                "diversity": 21.484973087302844
            },
            {
                "best": {
                    "class_name": "warrior",
                    "performance": 40.85689428152082
                },
                "mean": 37.05936829083659,
                "generation": 39,
                "diversity": 21.48370098321138
            },
            {
                "best": {
                    "class_name": "warrior",
                    "performance": 41.16674505445051
                },
                "mean": 37.13333974175382,
                "generation": 40,
                "diversity": 22.569659493531926
            },
            {
                "best": {
                    "class_name": "warrior",
                    "performance": 40.891233466324366
                },
                "mean": 37.020355059414385,
                "generation": 41,
                "diversity": 21.062205302404724
            },
            {
                "best": {
                    "class_name": "warrior",
                    "performance": 40.873552161470116
                },
                "mean": 36.961631648384156,
                "generation": 42,
                "diversity": 21.0990715537376
            },
            {
                "best": {
                    "class_name": "warrior",
                    "performance": 41.07268615898467
                },
                "mean": 36.92415865137039,
                "generation": 43,
                "diversity": 25.008162874867946
            },
            {
                "best": {
                    "class_name": "warrior",
                    "performance": 41.23427612352818
                },
                "mean": 37.2093094468367,
                "generation": 44,
                "diversity": 23.10983968529166
            },
            {
                "best": {
                    "class_name": "warrior",
                    "performance": 41.013238330470166
                },
                "mean": 37.159738843784126,
                "generation": 45,
                "diversity": 21.967283674391137
            },
            {
                "best": {
                    "class_name": "warrior",
                    "performance": 41.1065823667651
                },
                "mean": 37.56080057933677,
                "generation": 46,
                "diversity": 22.318226880725547
            },
            {
                "best": {
                    "class_name": "warrior",
                    "performance": 41.1065823667651
                },
                "mean": 37.304755817142556,
                "generation": 47,
                "diversity": 23.151264840006153
            },
            {
                "best": {
                    "class_name": "warrior",
                    "performance": 41.1065823667651
                },
                "mean": 37.294367013042354,
                "generation": 48,
                "diversity": 24.296730501782132
            },
            {
                "best": {
                    "class_name": "warrior",
                    "performance": 41.12247875398831
                },
                "mean": 37.37106156795494,
                "generation": 49,
                "diversity": 23.731346156195382
            },
            {
                "best": {
                    "class_name": "warrior",
                    "performance": 41.1065823667651
                },
                "mean": 37.34569388852693,
                "generation": 50,
                "diversity": 24.08143392474912
            },
            {
                "best": {
                    "class_name": "warrior",
                    "performance": 41.1065823667651
                },
                "mean": 37.40714753134914,
                "generation": 51,
                "diversity": 25.067921186965503
            },
            {
                "best": {
                    "class_name": "warrior",
                    "performance": 41.041589497037364
                },
                "mean": 37.27754075234464,
                "generation": 52,
                "diversity": 27.299090684536186
            },
            {
                "best": {
                    "class_name": "warrior",
                    "performance": 40.90235103787765
                },
                "mean": 37.365915793441026,
                "generation": 53,
                "diversity": 25.34413450113338
            },
            {
                "best": {
                    "class_name": "warrior",
                    "performance": 40.969525627135404
                },
                "mean": 37.333449557004805,
                "generation": 54,
                "diversity": 27.321893548082496
            },
            {
                "best": {
                    "class_name": "warrior",
                    "performance": 41.06834758169167
                },
                "mean": 37.3598865859134,
                "generation": 55,
                "diversity": 27.035136835185615
            },
            {
                "best": {
                    "class_name": "warrior",
                    "performance": 41.21283673771164
                },
                "mean": 37.558453318571075,
                "generation": 56,
                "diversity": 25.593236821158794
            },
            {
                "best": {
                    "class_name": "warrior",
                    "performance": 40.97461054964693
                },
                "mean": 37.61470882020752,
                "generation": 57,
                "diversity": 23.061976372595453
            },
            {
                "best": {
                    "class_name": "warrior",
                    "performance": 41.231991590169024
                },
                "mean": 37.80999914677364,
                "generation": 58,
                "diversity": 23.909443526725834
            },
            {
                "best": {
                    "class_name": "warrior",
                    "performance": 41.11632026946598
                },
                "mean": 37.741678234332795,
                "generation": 59,
                "diversity": 25.39824335818288
            },
            {
                "best": {
                    "class_name": "warrior",
                    "performance": 41.07939829219742
                },
                "mean": 37.857627475999536,
                "generation": 60,
                "diversity": 23.940918032562294
            },
            {
                "best": {
                    "class_name": "warrior",
                    "performance": 41.20555531060492
                },
                "mean": 37.86483712555649,
                "generation": 61,
                "diversity": 25.05994194703872
            },
            {
                "best": {
                    "class_name": "warrior",
                    "performance": 41.23303165768301
                },
                "mean": 37.82739784513891,
                "generation": 62,
                "diversity": 24.716574432184576
            },
            {
                "best": {
                    "class_name": "warrior",
                    "performance": 41.23303165768301
                },
                "mean": 37.89230567802678,
                "generation": 63,
                "diversity": 22.89058507054685
            },
            {
                "best": {
                    "class_name": "warrior",
                    "performance": 41.19962608697589
                },
                "mean": 37.999411464056706,
                "generation": 64,
                "diversity": 22.286040337070972
            }
        ]
    },
    "config": {
        "population_size": 1300,
        "population_to_keep": 650,
        "class_name": "warrior",
        "selection_config_a": {
            "selection_type": "elite",
            "population_to_keep": 325,
            "tournament_size": 50,
            "threshold": 0.75,
            "initial_temperature": 30,
            "temperature_decay": 0.6,
            "min_temperature": 5
        },
        "selection_config_b": {
            "selection_type": "roulette",
            "population_to_keep": 325,
            "tournament_size": 50,
            "threshold": 0.75,
            "initial_temperature": 30,
            "temperature_decay": 0.6,
            "min_temperature": 5
        },
        "selection_config_rate": 0.5,
        "crossover_config": {
            "method": "uniform"
        },
        "mutation_config": {
            "mutation_type": "multi_gen",
            "mutation_rate": 0.2,
            "delta_mutation": 15
        },
        "replacement_config_a": {
            "type": "traditional",
            "quantity": 325,
            "gen_gap": 0.5
        },
        "replacement_config_b": {
            "type": "young_bias",
            "quantity": 325,
            "gen_gap": 0.5
        },
        "replacement_config_rate": 0.5,
        "end_condition_config": {
            "type": "content",
            "generations_to_check": 20,
            "generations": 500,
            "optimum_value": 61.5,
            "tolerance": 0.1,
            "structure_tolerance": 0.01,
            "structure_relevant_proportion": 0.98
        }
    }
}