{
    "results": {
        "best": {
            "solution": {
                "class_name": "warrior",
                "variables": {
                    "strength": 74.79171510120382,
                    "agility": 75.20828489879617,
                    "expertise": 0.0,
                    "resistance": 0.0,
                    "life": 0.0,
                    "height": 1.91
                },
                "performance": 41.24270089783118
            },
            "generation": 36
        },
        "last_iterations": [
            {
                "best": {
                    "class_name": "warrior",
                    "performance": 31.373412438277217
                },
                "mean": 15.045422534087106,
                "generation": 0,
                "diversity": 246.19882228196096
            },
            {
                "best": {
                    "class_name": "warrior",
                    "performance": 30.610748223870026
                },
                "mean": 16.369403606099123,
                "generation": 1,
                "diversity": 232.58066341883975
            },
            {
                "best": {
                    "class_name": "warrior",
                    "performance": 30.4612077597759
                },
                "mean": 17.45951884838158,
                "generation": 2,
                "diversity": 212.77290376897076
            },
            {
                "best": {
                    "class_name": "warrior",
                    "performance": 33.44021185323032
                },
                "mean": 18.025752836001743,
                "generation": 3,
                "diversity": 202.87407305190882
            },
            {
                "best": {
                    "class_name": "warrior",
                    "performance": 38.07508284865696
                },
                "mean": 18.890745076108075,
                "generation": 4,
                "diversity": 200.94403912632455
            },
            {
                "best": {
                    "class_name": "warrior",
                    "performance": 34.750355816930984
                },
                "mean": 19.381666271416325,
                "generation": 5,
                "diversity": 194.9333261972707
            },
            {
                "best": {
                    "class_name": "warrior",
                    "performance": 38.427947422565666
                },
                "mean": 19.73731938384082,
                "generation": 6,
                "diversity": 210.36736167063626
            },
            {
                "best": {
                    "class_name": "warrior",
                    "performance": 40.14646982211113
                },
                "mean": 20.49373292387574,
                "generation": 7,
                "diversity": 197.48273777424558
            },
            {
                "best": {
                    "class_name": "warrior",
                    "performance": 40.14646982211113
                },
                "mean": 21.33503919065682,
                "generation": 8,
                "diversity": 194.6217051195342
            },
            {
                "best": {
                    "class_name": "warrior",
                    "performance": 35.1686484555785
                },
                "mean": 22.3335842511171,
                "generation": 9,
                "diversity": 188.85285510005372
            },
            {
                "best": {
                    "class_name": "warrior",
                    "performance": 37.89827495158141
                },
                "mean": 22.848090077568827,
                "generation": 10,
                "diversity": 194.59726576259155
            },
            {
                "best": {
                    "class_name": "warrior",
                    "performance": 39.618448371696495
                },
                "mean": 23.699052984179453,
                "generation": 11,
                "diversity": 181.97965805801368
            },
            {
                "best": {
                    "class_name": "warrior",
                    "performance": 39.618448371696495
                },
                "mean": 25.067448445345004,
                "generation": 12,
                "diversity": 172.73206368517927
            },
            {
                "best": {
                    "class_name": "warrior",
                    "performance": 39.996035731260015
                },
                "mean": 26.103823144366174,
                "generation": 13,
                "diversity": 157.12935724067367
            },
            {
                "best": {
                    "class_name": "warrior",
                    "performance": 40.15323393376459
                },
                "mean": 27.115928034293646,
                "generation": 14,
                "diversity": 134.157960076194
            },
            {
                "best": {
                    "class_name": "warrior",
                    "performance": 39.91788727136754
                },
                "mean": 27.781946581025036,
                "generation": 15,
                "diversity": 123.91376029348908
            },
            {
                "best": {
                    "class_name": "warrior",
                    "performance": 40.60014398615722
                },
                "mean": 28.123270823599277,
                "generation": 16,
                "diversity": 129.8462732045882
            },
            {
                "best": {
                    "class_name": "warrior",
                    "performance": 41.14576213892529
                },
                "mean": 29.24700418139839,
                "generation": 17,
                "diversity": 109.09959158354603
            },
            {
                "best": {
                    "class_name": "warrior",
                    "performance": 40.247504170392205
                },
                "mean": 29.968693946982732,
                "generation": 18,
                "diversity": 108.76073443850726
            },
            {
                "best": {
                    "class_name": "warrior",
                    "performance": 39.75244463840309
                },
                "mean": 30.248675528766782,
                "generation": 19,
                "diversity": 99.79581661694995
            },
            {
                "best": {
                    "class_name": "warrior",
                    "performance": 40.66835618190002
                },
                "mean": 30.22729877643976,
                "generation": 20,
                "diversity": 102.07297182247372
            },
            {
                "best": {
                    "class_name": "warrior",
                    "performance": 40.66835618190002
                },
                "mean": 30.162538388237987,
                "generation": 21,
                "diversity": 124.14828166279248
            },
            {
                "best": {
                    "class_name": "warrior",
                    "performance": 40.95145996306649
                },
                "mean": 30.463903985679245,
                "generation": 22,
                "diversity": 121.75069969886168
            },
            {
                "best": {
                    "class_name": "warrior",
                    "performance": 41.09155309185052
                },
                "mean": 30.441222897940246,
                "generation": 23,
                "diversity": 112.63931567773483
            },
            {
                "best": {
                    "class_name": "warrior",
                    "performance": 41.14582710364393
                },
                "mean": 30.722216672984796,
                "generation": 24,
                "diversity": 111.18189324846908
            },
            {
                "best": {
                    "class_name": "warrior",
                    "performance": 41.070134296210405
                },
                "mean": 31.42950162777395,
                "generation": 25,
                "diversity": 111.89976664064159
            },
            {
                "best": {
                    "class_name": "warrior",
                    "performance": 41.008856126586444
                },
                "mean": 32.22433958830568,
                "generation": 26,
                "diversity": 103.27543968868747
            },
            {
                "best": {
                    "class_name": "warrior",
                    "performance": 41.14530593336604
                },
                "mean": 33.17481776072303,
                "generation": 27,
                "diversity": 91.36416811300883
            },
            {
                "best": {
                    "class_name": "warrior",
                    "performance": 41.008856126586444
                },
                "mean": 33.853460875926416,
                "generation": 28,
                "diversity": 80.43231831910789
            },
            {
                "best": {
                    "class_name": "warrior",
                    "performance": 41.11098592585014
                },
                "mean": 34.15234418490895,
                "generation": 29,
                "diversity": 76.78383659953369
            },
            {
                "best": {
                    "class_name": "warrior",
                    "performance": 41.00294462940213
                },
                "mean": 34.110741113245254,
                "generation": 30,
                "diversity": 77.784198903441
            },
            {
                "best": {
                    "class_name": "warrior",
                    "performance": 41.12742316004322
                },
                "mean": 34.615681653442145,
                "generation": 31,
                "diversity": 72.97841952003868
            },
            {
                "best": {
                    "class_name": "warrior",
                    "performance": 41.06458766129747
                },
                "mean": 34.70456103556393,
                "generation": 32,
                "diversity": 71.59995945216563
            },
            {
                "best": {
                    "class_name": "warrior",
                    "performance": 41.22560104546933
                },
                "mean": 34.658391596516296,
                "generation": 33,
                "diversity": 64.94815642797545
            },
            {
                "best": {
                    "class_name": "warrior",
                    "performance": 41.15453699980433
                },
                "mean": 34.41381611343954,
                "generation": 34,
                "diversity": 60.475240602074344
            },
            {
                "best": {
                    "class_name": "warrior",
                    "performance": 41.12276857908753
                },
                "mean": 34.45077403532839,
                "generation": 35,
                "diversity": 52.585045030805105
            },
            {
                "best": {
                    "class_name": "warrior",
                    "performance": 41.24270089783118
                },
                "mean": 34.740066036081366,
                "generation": 36,
                "diversity": 56.37898233942088
            },
            {
                "best": {
                    "class_name": "warrior",
                    "performance": 41.11145666099701
                },
                "mean": 34.618274252791615,
                "generation": 37,
                "diversity": 52.35770062576737
            },
            {
                "best": {
                    "class_name": "warrior",
                    "performance": 41.235501869976176
                },
                "mean": 35.02585828090978,
                "generation": 38,
                "diversity": 47.40477836141491
            },
            {
                "best": {
                    "class_name": "warrior",
                    "performance": 41.235501869976176
                },
                "mean": 34.93163437495221,
                "generation": 39,
                "diversity": 48.75307892055639
            },
            {
                "best": {
                    "class_name": "warrior",
                    "performance": 41.235501869976176
                },
                "mean": 34.5763302886249,
                "generation": 40,
                "diversity": 58.607019350339804
            },
            {
                "best": {
                    "class_name": "warrior",
                    "performance": 41.235501869976176
                },
                "mean": 34.74567972427682,
                "generation": 41,
                "diversity": 56.48922396557302
            },
            {
                "best": {
                    "class_name": "warrior",
                    "performance": 41.14677375401105
                },
                "mean": 34.65126669991079,
                "generation": 42,
                "diversity": 59.61118523590363
            },
            {
                "best": {
                    "class_name": "warrior",
                    "performance": 41.180822903053595
                },
                "mean": 34.88862736458797,
                "generation": 43,
                "diversity": 56.29432502082852
            },
            {
                "best": {
                    "class_name": "warrior",
                    "performance": 41.08519087068566
                },
                "mean": 35.17871881353214,
                "generation": 44,
                "diversity": 54.90882397966365
            },
            {
                "best": {
                    "class_name": "warrior",
                    "performance": 41.013566422155556
                },
                "mean": 34.24246320084393,
                "generation": 45,
                "diversity": 65.72646543465733
            },
            {
                "best": {
                    "class_name": "warrior",
                    "performance": 41.16276800511421
                },
                "mean": 33.86411555871457,
                "generation": 46,
                "diversity": 70.08245343731977
            },
            {
                "best": {
                    "class_name": "warrior",
                    "performance": 41.12053391617843
                },
                "mean": 34.2376366919055,
                "generation": 47,
                "diversity": 63.82046888802571
            },
            {
                "best": {
                    "class_name": "warrior",
                    "performance": 41.20455194089915
                },
                "mean": 33.94919155146957,
                "generation": 48,
                "diversity": 70.68017441693083
            },
            {
                "best": {
                    "class_name": "warrior",
                    "performance": 41.13831402049588
                },
                "mean": 34.217512007716,
                "generation": 49,
                "diversity": 68.2067690172158
            },
            {
                "best": {
                    "class_name": "warrior",
                    "performance": 41.21081741950386
                },
                "mean": 34.26150395482294,
                "generation": 50,
                "diversity": 66.84970162789712
            },
            {
                "best": {
                    "class_name": "warrior",
                    "performance": 41.21081741950386
                },
                "mean": 34.00278350092707,
                "generation": 51,
                "diversity": 62.303831186600206
            },
            {
                "best": {
                    "class_name": "warrior",
                    "performance": 41.013820365078345
                },
                "mean": 34.115629736041164,
                "generation": 52,
                "diversity": 57.630710146068104
            },
            {
                "best": {
                    "class_name": "warrior",
                    "performance": 41.13954069396378
                },
                "mean": 34.55082239612833,
                "generation": 53,
                "diversity": 50.44003238323341
            },
            {
                "best": {
                    "class_name": "warrior",
                    "performance": 41.137450252486055
                },
                "mean": 34.45216635560565,
                "generation": 54,
                "diversity": 54.833286159824354
            },
            {
                "best": {
                    "class_name": "warrior",
                    "performance": 41.01619583729633
                },
                "mean": 34.312759314153155,
                "generation": 55,
                "diversity": 53.71224391601533
            },
            {
                "best": {
                    "class_name": "warrior",
                    "performance": 41.1038881846702
                },
                "mean": 34.429888167897126,
                "generation": 56,
                "diversity": 54.67946025767009
            }
        ]
    },
    "config": {
        "population_size": 500,
        "population_to_keep": 375,
        "class_name": "warrior",
        "selection_config_a": {
            "selection_type": "elite",
            "population_to_keep": 150,
            "tournament_size": 50,
            "threshold": 0.75,
            "initial_temperature": 30,
            "temperature_decay": 0.6,
            "min_temperature": 5
        },
        "selection_config_b": {
            "selection_type": "ranking",
            "population_to_keep": 225,
            "tournament_size": 50,
            "threshold": 0.75,
            "initial_temperature": 30,
            "temperature_decay": 0.6,
            "min_temperature": 5
        },
        "selection_config_rate": 0.4,
        "crossover_config": {
            "method": "uniform"
        },
        "mutation_config": {
            "mutation_type": "multi_gen",
            "mutation_rate": 0.3,
            "delta_mutation": 30
        },
        "replacement_config_a": {
            "type": "traditional",
            "quantity": 112,
            "gen_gap": 0.5
        },
        "replacement_config_b": {
            "type": "young_bias",
            "quantity": 263,
            "gen_gap": 0.5
        },
        "replacement_config_rate": 0.3,
        "end_condition_config": {
            "type": "content",
            "generations_to_check": 20,
            "generations": 500,
            "optimum_value": 61.5,
            "tolerance": 0.1,
            "structure_tolerance": 0.01,
            "structure_relevant_proportion": 0.98
        }
    }
}