{
    "results": {
        "best": {
            "solution": {
                "class_name": "warrior",
                "variables": {
                    "strength": 73.00858033385418,
                    "agility": 69.21810549165907,
                    "expertise": 7.7733141744867185,
                    "resistance": 0.0,
                    "life": 0.0,
                    "height": 1.92
                },
                "performance": 41.149944198784176
            },
            "generation": 58
        },
        "last_iterations": [
            {
                "best": {
                    "class_name": "warrior",
                    "performance": 27.60099206647193
                },
                "mean": 16.34356908721786,
                "generation": 1,
                "diversity": 250.43210214712596
            },
            {
                "best": {
                    "class_name": "warrior",
                    "performance": 27.60099206647193
                },
                "mean": 16.72689035676204,
                "generation": 2,
                "diversity": 215.77385418078757
            },
            {
                "best": {
                    "class_name": "warrior",
                    "performance": 28.607225390866898
                },
                "mean": 17.345072583654364,
                "generation": 3,
                "diversity": 186.13484782151792
            },
            {
                "best": {
                    "class_name": "warrior",
                    "performance": 30.793353013548433
                },
                "mean": 18.186859530843034,
                "generation": 4,
                "diversity": 167.7779794969662
            },
            {
                "best": {
                    "class_name": "warrior",
                    "performance": 30.793353013548433
                },
                "mean": 18.943717784274583,
                "generation": 5,
                "diversity": 146.39782845786826
            },
            {
                "best": {
                    "class_name": "warrior",
                    "performance": 26.488895483865154
                },
                "mean": 19.269795551252546,
                "generation": 6,
                "diversity": 117.27248546053828
            },
            {
                "best": {
                    "class_name": "warrior",
                    "performance": 28.828988582853256
                },
                "mean": 19.917603695357883,
                "generation": 7,
                "diversity": 96.80953511749078
            },
            {
                "best": {
                    "class_name": "warrior",
                    "performance": 28.248563472386987
                },
                "mean": 20.478927361720572,
                "generation": 8,
                "diversity": 78.75672160566084
            },
            {
                "best": {
                    "class_name": "warrior",
                    "performance": 28.136870134616718
                },
                "mean": 21.610597784937653,
                "generation": 9,
                "diversity": 66.59595005192953
            },
            {
                "best": {
                    "class_name": "warrior",
                    "performance": 30.10694965300759
                },
                "mean": 22.298092666729822,
                "generation": 10,
                "diversity": 63.17589955168963
            },
            {
                "best": {
                    "class_name": "warrior",
                    "performance": 30.386009887449866
                },
                "mean": 23.186126115625257,
                "generation": 11,
                "diversity": 58.619014097942205
            },
            {
                "best": {
                    "class_name": "warrior",
                    "performance": 34.909440816094474
                },
                "mean": 24.16419582512312,
                "generation": 12,
                "diversity": 55.401275739079416
            },
            {
                "best": {
                    "class_name": "warrior",
                    "performance": 36.269771846073006
                },
                "mean": 24.732538278336587,
                "generation": 13,
                "diversity": 51.45945055076803
            },
            {
                "best": {
                    "class_name": "warrior",
                    "performance": 36.269771846073006
                },
                "mean": 25.372053116846942,
                "generation": 14,
                "diversity": 48.06236626017118
            },
            {
                "best": {
                    "class_name": "warrior",
                    "performance": 34.934032820499105
                },
                "mean": 26.07571203931954,
                "generation": 15,
                "diversity": 47.17309671327583
            },
            {
                "best": {
                    "class_name": "warrior",
                    "performance": 36.465122157225395
                },
                "mean": 26.939346899174417,
                "generation": 16,
                "diversity": 46.03188782972149
            },
            {
                "best": {
                    "class_name": "warrior",
                    "performance": 36.61486363133121
                },
                "mean": 27.39678173026327,
                "generation": 17,
                "diversity": 42.101441933956444
            },
            {
                "best": {
                    "class_name": "warrior",
                    "performance": 36.10116728750679
                },
                "mean": 27.915596461830454,
                "generation": 18,
                "diversity": 39.391294803272466
            },
            {
                "best": {
                    "class_name": "warrior",
                    "performance": 36.31994121122853
                },
                "mean": 29.615383466496827,
                "generation": 19,
                "diversity": 36.71487427578289
            },
            {
                "best": {
                    "class_name": "warrior",
                    "performance": 37.3001810518521
                },
                "mean": 30.669831442227892,
                "generation": 20,
                "diversity": 35.43278272632993
            },
            {
                "best": {
                    "class_name": "warrior",
                    "performance": 37.458908877226406
                },
                "mean": 31.57972463689298,
                "generation": 21,
                "diversity": 29.767818192856037
            },
            {
                "best": {
                    "class_name": "warrior",
                    "performance": 37.55525970786832
                },
                "mean": 32.19815633146322,
                "generation": 22,
                "diversity": 28.296987482018594
            },
            {
                "best": {
                    "class_name": "warrior",
                    "performance": 38.119729380925754
                },
                "mean": 33.65216329938907,
                "generation": 23,
                "diversity": 20.973403502057128
            },
            {
                "best": {
                    "class_name": "warrior",
                    "performance": 38.316145568048945
                },
                "mean": 33.643925387923225,
                "generation": 24,
                "diversity": 22.44368504076067
            },
            {
                "best": {
                    "class_name": "warrior",
                    "performance": 37.61906742727266
                },
                "mean": 33.745978126960054,
                "generation": 25,
                "diversity": 24.13687050918263
            },
            {
                "best": {
                    "class_name": "warrior",
                    "performance": 38.041269450261474
                },
                "mean": 34.748431133849124,
                "generation": 26,
                "diversity": 19.537825116789673
            },
            {
                "best": {
                    "class_name": "warrior",
                    "performance": 38.96001389756672
                },
                "mean": 35.60233329971076,
                "generation": 27,
                "diversity": 21.578664939203406
            },
            {
                "best": {
                    "class_name": "warrior",
                    "performance": 39.59151260168762
                },
                "mean": 35.8316200573358,
                "generation": 28,
                "diversity": 25.015605020510062
            },
            {
                "best": {
                    "class_name": "warrior",
                    "performance": 39.51713195570898
                },
                "mean": 35.85110058099006,
                "generation": 29,
                "diversity": 20.978579468409567
            },
            {
                "best": {
                    "class_name": "warrior",
                    "performance": 39.51713195570898
                },
                "mean": 35.882822376693134,
                "generation": 30,
                "diversity": 23.69252773498307
            },
            {
                "best": {
                    "class_name": "warrior",
                    "performance": 39.542034845093525
                },
                "mean": 35.6084614470763,
                "generation": 31,
                "diversity": 22.266474231980826
            },
            {
                "best": {
                    "class_name": "warrior",
                    "performance": 39.33693901854651
                },
                "mean": 35.92302586517672,
                "generation": 32,
                "diversity": 17.344529563522645
            },
            {
                "best": {
                    "class_name": "warrior",
                    "performance": 39.78148399077724
                },
                "mean": 36.30889149720679,
                "generation": 33,
                "diversity": 16.17795417144936
            },
            {
                "best": {
                    "class_name": "warrior",
                    "performance": 39.78148399077724
                },
                "mean": 36.22534622103406,
                "generation": 34,
                "diversity": 15.297641186895154
            },
            {
                "best": {
                    "class_name": "warrior",
                    "performance": 39.67736473742425
                },
                "mean": 36.6043669505012,
                "generation": 35,
                "diversity": 12.326340073065984
            },
            {
                "best": {
                    "class_name": "warrior",
                    "performance": 39.98916658720037
                },
                "mean": 36.712314399634195,
                "generation": 36,
                "diversity": 14.00256267782739
            },
            {
                "best": {
                    "class_name": "warrior",
                    "performance": 39.98916658720037
                },
                "mean": 36.76519306099376,
                "generation": 37,
                "diversity": 10.845473907370453
            },
            {
                "best": {
                    "class_name": "warrior",
                    "performance": 39.78041255228423
                },
                "mean": 36.95880021597261,
                "generation": 38,
                "diversity": 11.662735707596779
            },
            {
                "best": {
                    "class_name": "warrior",
                    "performance": 39.89956424266558
                },
                "mean": 36.60132953585509,
                "generation": 39,
                "diversity": 12.623867716882293
            },
            {
                "best": {
                    "class_name": "warrior",
                    "performance": 40.018337772760844
                },
                "mean": 36.293924602386596,
                "generation": 40,
                "diversity": 16.822451835549394
            },
            {
                "best": {
                    "class_name": "warrior",
                    "performance": 40.10851046106398
                },
                "mean": 36.28221911397899,
                "generation": 41,
                "diversity": 15.772514938607861
            },
            {
                "best": {
                    "class_name": "warrior",
                    "performance": 40.10851046106398
                },
                "mean": 36.93844018292711,
                "generation": 42,
                "diversity": 16.735608626044236
            },
            {
                "best": {
                    "class_name": "warrior",
                    "performance": 40.10851046106398
                },
                "mean": 36.76882415808529,
                "generation": 43,
                "diversity": 18.378871427937227
            },
            {
                "best": {
                    "class_name": "warrior",
                    "performance": 40.400715048007065
                },
                "mean": 37.001350021053106,
                "generation": 44,
                "diversity": 16.321678227341682
            },
            {
                "best": {
                    "class_name": "warrior",
                    "performance": 40.7191138596241
                },
                "mean": 37.027715225060405,
                "generation": 45,
                "diversity": 19.68144501106642
            },
            {
                "best": {
                    "class_name": "warrior",
                    "performance": 40.76573983219586
                },
                "mean": 36.52722646290132,
                "generation": 46,
                "diversity": 18.431757936784802
            },
            {
                "best": {
                    "class_name": "warrior",
                    "performance": 40.19287092176846
                },
                "mean": 36.37326483160331,
                "generation": 47,
                "diversity": 24.543266123973154
            },
            {
                "best": {
                    "class_name": "warrior",
                    "performance": 40.382852932395565
                },
                "mean": 36.40393658544183,
                "generation": 48,
                "diversity": 20.07456134383847
            },
            {
                "best": {
                    "class_name": "warrior",
                    "performance": 40.73901675956041
                },
                "mean": 36.827270534697,
                "generation": 49,
                "diversity": 19.571395849770465
            },
            {
                "best": {
                    "class_name": "warrior",
                    "performance": 40.532210478158696
                },
                "mean": 37.1511492801254,
                "generation": 50,
                "diversity": 21.044730272786833
            },
            {
                "best": {
                    "class_name": "warrior",
                    "performance": 40.78430150899856
                },
                "mean": 36.91877482105993,
                "generation": 51,
                "diversity": 23.71380328667986
            },
            {
                "best": {
                    "class_name": "warrior",
                    "performance": 40.83080319648106
                },
                "mean": 36.53134390776892,
                "generation": 52,
                "diversity": 26.795338431202055
            },
            {
                "best": {
                    "class_name": "warrior",
                    "performance": 40.428968875892146
                },
                "mean": 36.88099746568727,
                "generation": 53,
                "diversity": 27.588695814016145
            },
            {
                "best": {
                    "class_name": "warrior",
                    "performance": 40.428968875892146
                },
                "mean": 36.98709697101168,
                "generation": 54,
                "diversity": 27.138000822908236
            },
            {
                "best": {
                    "class_name": "warrior",
                    "performance": 40.428968875892146
                },
                "mean": 36.90361167192921,
                "generation": 55,
                "diversity": 26.78000211861681
            },
            {
                "best": {
                    "class_name": "warrior",
                    "performance": 40.02180870932816
                },
                "mean": 36.83903085007878,
                "generation": 56,
                "diversity": 34.20382166378709
            },
            {
                "best": {
                    "class_name": "warrior",
                    "performance": 40.962747675526316
                },
                "mean": 36.63435384793105,
                "generation": 57,
                "diversity": 40.258332299671736
            },
            {
                "best": {
                    "class_name": "warrior",
                    "performance": 41.149944198784176
                },
                "mean": 36.8087224315539,
                "generation": 58,
                "diversity": 32.14620737514576
            },
            {
                "best": {
                    "class_name": "warrior",
                    "performance": 41.126357682567146
                },
                "mean": 36.464369971663075,
                "generation": 59,
                "diversity": 26.003284402173048
            },
            {
                "best": {
                    "class_name": "warrior",
                    "performance": 40.667106754309586
                },
                "mean": 36.83114490121949,
                "generation": 60,
                "diversity": 29.819725230712482
            },
            {
                "best": {
                    "class_name": "warrior",
                    "performance": 40.92510664997274
                },
                "mean": 37.258427323167744,
                "generation": 61,
                "diversity": 25.02804713246513
            },
            {
                "best": {
                    "class_name": "warrior",
                    "performance": 40.612415269630745
                },
                "mean": 37.419983161581264,
                "generation": 62,
                "diversity": 21.39190119578245
            },
            {
                "best": {
                    "class_name": "warrior",
                    "performance": 40.4271670426188
                },
                "mean": 37.55697869222772,
                "generation": 63,
                "diversity": 18.758150650138017
            },
            {
                "best": {
                    "class_name": "warrior",
                    "performance": 40.26405621836192
                },
                "mean": 37.105832701744895,
                "generation": 64,
                "diversity": 19.2856152082949
            },
            {
                "best": {
                    "class_name": "warrior",
                    "performance": 40.47636885383117
                },
                "mean": 37.575448947003636,
                "generation": 65,
                "diversity": 19.701944193536203
            },
            {
                "best": {
                    "class_name": "warrior",
                    "performance": 41.02587149934011
                },
                "mean": 37.23612629883455,
                "generation": 66,
                "diversity": 19.748417063385734
            },
            {
                "best": {
                    "class_name": "warrior",
                    "performance": 40.85615466907026
                },
                "mean": 37.253730564058024,
                "generation": 67,
                "diversity": 18.195866728793842
            },
            {
                "best": {
                    "class_name": "warrior",
                    "performance": 40.940732314572955
                },
                "mean": 37.24372932441832,
                "generation": 68,
                "diversity": 26.399545085188564
            },
            {
                "best": {
                    "class_name": "warrior",
                    "performance": 40.940732314572955
                },
                "mean": 37.28886496265906,
                "generation": 69,
                "diversity": 25.785437638012525
            },
            {
                "best": {
                    "class_name": "warrior",
                    "performance": 40.940732314572955
                },
                "mean": 37.45428672035841,
                "generation": 70,
                "diversity": 23.09421743277268
            },
            {
                "best": {
                    "class_name": "warrior",
                    "performance": 40.912976981670546
                },
                "mean": 37.334398558852456,
                "generation": 71,
                "diversity": 25.470644429770157
            },
            {
                "best": {
                    "class_name": "warrior",
                    "performance": 40.86480278702213
                },
                "mean": 37.745009859415596,
                "generation": 72,
                "diversity": 22.03010972892537
            },
            {
                "best": {
                    "class_name": "warrior",
                    "performance": 40.86480278702213
                },
                "mean": 37.82070665206163,
                "generation": 73,
                "diversity": 25.282107257006306
            },
            {
                "best": {
                    "class_name": "warrior",
                    "performance": 40.78286510229632
                },
                "mean": 38.20003126427728,
                "generation": 74,
                "diversity": 22.634324324004695
            },
            {
                "best": {
                    "class_name": "warrior",
                    "performance": 40.930073062044706
                },
                "mean": 37.98952934936282,
                "generation": 75,
                "diversity": 21.75414970134915
            },
            {
                "best": {
                    "class_name": "warrior",
                    "performance": 40.90596221741789
                },
                "mean": 38.25402114765623,
                "generation": 76,
                "diversity": 27.258933682303947
            },
            {
                "best": {
                    "class_name": "warrior",
                    "performance": 41.001544730445225
                },
                "mean": 38.12264711701537,
                "generation": 77,
                "diversity": 25.31016116066985
            },
            {
                "best": {
                    "class_name": "warrior",
                    "performance": 41.001544730445225
                },
                "mean": 37.89730976050642,
                "generation": 78,
                "diversity": 24.082020857814154
            }
        ]
    },
    "config": {
        "population_size": 200,
        "population_to_keep": 100,
        "class_name": "warrior",
        "selection_config_a": {
            "selection_type": "elite",
            "population_to_keep": 50,
            "tournament_size": 50,
            "threshold": 0.75,
            "initial_temperature": 30,
            "temperature_decay": 0.6,
            "min_temperature": 5
        },
        "selection_config_b": {
            "selection_type": "roulette",
            "population_to_keep": 50,
            "tournament_size": 50,
            "threshold": 0.75,
            "initial_temperature": 30,
            "temperature_decay": 0.6,
            "min_temperature": 5
        },
        "selection_config_rate": 0.5,
        "crossover_config": {
            "method": "uniform"
        },
        "mutation_config": {
            "mutation_type": "multi_gen",
            "mutation_rate": 0.2,
            "delta_mutation": 15
        },
        "replacement_config_a": {
            "type": "traditional",
            "quantity": 50,
            "gen_gap": 0.5
        },
        "replacement_config_b": {
            "type": "young_bias",
            "quantity": 50,
            "gen_gap": 0.5
        },
        "replacement_config_rate": 0.5,
        "end_condition_config": {
            "type": "content",
            "generations_to_check": 20,
            "generations": 500,
            "optimum_value": 61.5,
            "tolerance": 0.1,
            "structure_tolerance": 0.01,
            "structure_relevant_proportion": 0.98
        }
    }
}