{
    "results": {
        "best": {
            "solution": {
                "class_name": "warrior",
                "variables": {
                    "strength": 74.86229732597083,
                    "agility": 73.92963205669535,
                    "expertise": 1.208070617333821,
                    "resistance": 0.0,
                    "life": 0.0,
                    "height": 1.91
                },
                "performance": 41.24278990555283
            },
            "generation": 62
        },
        "last_iterations": [
            {
                "best": {
                    "class_name": "warrior",
                    "performance": 33.578224367462305
                },
                "mean": 15.673031811230146,
                "generation": 1,
                "diversity": 229.2833045855576
            },
            {
                "best": {
                    "class_name": "warrior",
                    "performance": 28.991263650372716
                },
                "mean": 16.353492172783834,
                "generation": 2,
                "diversity": 212.85652668192424
            },
            {
                "best": {
                    "class_name": "warrior",
                    "performance": 28.213077115744536
                },
                "mean": 18.589767269797047,
                "generation": 3,
                "diversity": 153.74065833802982
            },
            {
                "best": {
                    "class_name": "warrior",
                    "performance": 31.544580682122678
                },
                "mean": 19.28769260921903,
                "generation": 4,
                "diversity": 127.0412357051949
            },
            {
                "best": {
                    "class_name": "warrior",
                    "performance": 33.34813185041378
                },
                "mean": 20.048979472358816,
                "generation": 5,
                "diversity": 108.22478962677656
            },
            {
                "best": {
                    "class_name": "warrior",
                    "performance": 31.994931719907285
                },
                "mean": 21.221522422865963,
                "generation": 6,
                "diversity": 90.51675096749959
            },
            {
                "best": {
                    "class_name": "warrior",
                    "performance": 37.61011768495033
                },
                "mean": 21.761890773733935,
                "generation": 7,
                "diversity": 93.39318794477356
            },
            {
                "best": {
                    "class_name": "warrior",
                    "performance": 37.491245899942655
                },
                "mean": 22.905320077803093,
                "generation": 8,
                "diversity": 88.97969769106633
            },
            {
                "best": {
                    "class_name": "warrior",
                    "performance": 34.92481733691337
                },
                "mean": 23.439789832944214,
                "generation": 9,
                "diversity": 91.30697404494167
            },
            {
                "best": {
                    "class_name": "warrior",
                    "performance": 35.32648698495663
                },
                "mean": 23.637486058133614,
                "generation": 10,
                "diversity": 91.59609503240038
            },
            {
                "best": {
                    "class_name": "warrior",
                    "performance": 35.32648698495663
                },
                "mean": 24.438059173503106,
                "generation": 11,
                "diversity": 83.72949674864854
            },
            {
                "best": {
                    "class_name": "warrior",
                    "performance": 36.34903368403501
                },
                "mean": 25.280243621626674,
                "generation": 12,
                "diversity": 91.78150207740502
            },
            {
                "best": {
                    "class_name": "warrior",
                    "performance": 36.65240495656908
                },
                "mean": 26.023655313423987,
                "generation": 13,
                "diversity": 80.69579178388905
            },
            {
                "best": {
                    "class_name": "warrior",
                    "performance": 40.326585054735354
                },
                "mean": 26.924055343570963,
                "generation": 14,
                "diversity": 77.38428205876815
            },
            {
                "best": {
                    "class_name": "warrior",
                    "performance": 38.63535734697619
                },
                "mean": 27.931483435231385,
                "generation": 15,
                "diversity": 71.29686305529779
            },
            {
                "best": {
                    "class_name": "warrior",
                    "performance": 38.63535734697619
                },
                "mean": 28.49735335975272,
                "generation": 16,
                "diversity": 68.89947030704619
            },
            {
                "best": {
                    "class_name": "warrior",
                    "performance": 39.92398154265207
                },
                "mean": 29.723437896998536,
                "generation": 17,
                "diversity": 64.00513279123386
            },
            {
                "best": {
                    "class_name": "warrior",
                    "performance": 39.9942407512077
                },
                "mean": 30.628907669770093,
                "generation": 18,
                "diversity": 55.49217495408277
            },
            {
                "best": {
                    "class_name": "warrior",
                    "performance": 40.21615887155408
                },
                "mean": 30.95712938375942,
                "generation": 19,
                "diversity": 51.715762279237275
            },
            {
                "best": {
                    "class_name": "warrior",
                    "performance": 40.492837797321904
                },
                "mean": 31.829573925239433,
                "generation": 20,
                "diversity": 47.66985816568489
            },
            {
                "best": {
                    "class_name": "warrior",
                    "performance": 40.15891555463452
                },
                "mean": 32.60253049817275,
                "generation": 21,
                "diversity": 44.478289873970766
            },
            {
                "best": {
                    "class_name": "warrior",
                    "performance": 40.17454499353021
                },
                "mean": 32.99511580597232,
                "generation": 22,
                "diversity": 41.774573172931206
            },
            {
                "best": {
                    "class_name": "warrior",
                    "performance": 40.17454499353021
                },
                "mean": 33.30678315806524,
                "generation": 23,
                "diversity": 40.10036290478134
            },
            {
                "best": {
                    "class_name": "warrior",
                    "performance": 40.055495369335944
                },
                "mean": 33.88198544977823,
                "generation": 24,
                "diversity": 39.520398599955456
            },
            {
                "best": {
                    "class_name": "warrior",
                    "performance": 40.37714606245104
                },
                "mean": 34.25952774606911,
                "generation": 25,
                "diversity": 35.44895461389964
            },
            {
                "best": {
                    "class_name": "warrior",
                    "performance": 40.37714606245104
                },
                "mean": 35.00693116125677,
                "generation": 26,
                "diversity": 33.265291345032175
            },
            {
                "best": {
                    "class_name": "warrior",
                    "performance": 40.09537433205212
                },
                "mean": 35.28551738223106,
                "generation": 27,
                "diversity": 32.24788026771094
            },
            {
                "best": {
                    "class_name": "warrior",
                    "performance": 40.4303862940084
                },
                "mean": 35.79200624298608,
                "generation": 28,
                "diversity": 30.75717284381305
            },
            {
                "best": {
                    "class_name": "warrior",
                    "performance": 40.6969768228351
                },
                "mean": 36.09740921789516,
                "generation": 29,
                "diversity": 29.059627707415064
            },
            {
                "best": {
                    "class_name": "warrior",
                    "performance": 41.10905652002367
                },
                "mean": 36.17430564760782,
                "generation": 30,
                "diversity": 30.337482733163682
            },
            {
                "best": {
                    "class_name": "warrior",
                    "performance": 40.53846928121803
                },
                "mean": 36.393516343038584,
                "generation": 31,
                "diversity": 32.76035947234831
            },
            {
                "best": {
                    "class_name": "warrior",
                    "performance": 40.73373427672035
                },
                "mean": 36.60902778745947,
                "generation": 32,
                "diversity": 30.088702600189507
            },
            {
                "best": {
                    "class_name": "warrior",
                    "performance": 41.07588257874986
                },
                "mean": 36.70971472291382,
                "generation": 33,
                "diversity": 28.256094315585553
            },
            {
                "best": {
                    "class_name": "warrior",
                    "performance": 40.9614281571023
                },
                "mean": 36.595725590515876,
                "generation": 34,
                "diversity": 32.83323274284255
            },
            {
                "best": {
                    "class_name": "warrior",
                    "performance": 41.11530470212043
                },
                "mean": 36.89598142438091,
                "generation": 35,
                "diversity": 30.7720833366904
            },
            {
                "best": {
                    "class_name": "warrior",
                    "performance": 40.68746838637637
                },
                "mean": 37.1927864497682,
                "generation": 36,
                "diversity": 27.495139705055422
            },
            {
                "best": {
                    "class_name": "warrior",
                    "performance": 40.949826090146416
                },
                "mean": 37.424847475312525,
                "generation": 37,
                "diversity": 24.312588595670988
            },
            {
                "best": {
                    "class_name": "warrior",
                    "performance": 41.04169143800531
                },
                "mean": 37.54666520335112,
                "generation": 38,
                "diversity": 21.264548176828544
            },
            {
                "best": {
                    "class_name": "warrior",
                    "performance": 41.04169143800531
                },
                "mean": 37.79788643501631,
                "generation": 39,
                "diversity": 18.698699239220026
            },
            {
                "best": {
                    "class_name": "warrior",
                    "performance": 40.9315129901149
                },
                "mean": 37.87543729659969,
                "generation": 40,
                "diversity": 21.30239238517068
            },
            {
                "best": {
                    "class_name": "warrior",
                    "performance": 41.220059690848046
                },
                "mean": 37.76219041700583,
                "generation": 41,
                "diversity": 21.046173484927824
            },
            {
                "best": {
                    "class_name": "warrior",
                    "performance": 41.220059690848046
                },
                "mean": 37.85088080534125,
                "generation": 42,
                "diversity": 22.660729563751293
            },
            {
                "best": {
                    "class_name": "warrior",
                    "performance": 41.08277949136008
                },
                "mean": 37.980496768268004,
                "generation": 43,
                "diversity": 23.58266173975966
            },
            {
                "best": {
                    "class_name": "warrior",
                    "performance": 41.08277949136008
                },
                "mean": 37.84611415714048,
                "generation": 44,
                "diversity": 23.282564965274844
            },
            {
                "best": {
                    "class_name": "warrior",
                    "performance": 40.916238371287605
                },
                "mean": 38.10950747021373,
                "generation": 45,
                "diversity": 22.875553823891934
            },
            {
                "best": {
                    "class_name": "warrior",
                    "performance": 41.062306882249175
                },
                "mean": 38.030561956985714,
                "generation": 46,
                "diversity": 20.166799874704775
            },
            {
                "best": {
                    "class_name": "warrior",
                    "performance": 41.08540997361654
                },
                "mean": 37.69867569131241,
                "generation": 47,
                "diversity": 21.835340051035136
            },
            {
                "best": {
                    "class_name": "warrior",
                    "performance": 41.00831514416701
                },
                "mean": 38.293194329397956,
                "generation": 48,
                "diversity": 19.151003812310638
            },
            {
                "best": {
                    "class_name": "warrior",
                    "performance": 41.00831514416701
                },
                "mean": 38.41620776393186,
                "generation": 49,
                "diversity": 18.490546720904526
            },
            {
                "best": {
                    "class_name": "warrior",
                    "performance": 41.11929388404169
                },
                "mean": 38.328732943355234,
                "generation": 50,
                "diversity": 19.69717455229049
            },
            {
                "best": {
                    "class_name": "warrior",
                    "performance": 41.017860383025045
                },
                "mean": 38.09711273602994,
                "generation": 51,
                "diversity": 22.756200630704896
            },
            {
                "best": {
                    "class_name": "warrior",
                    "performance": 41.024575977373715
                },
                "mean": 38.13261470485696,
                "generation": 52,
                "diversity": 22.78493271423312
            },
            {
                "best": {
                    "class_name": "warrior",
                    "performance": 41.1574042262711
                },
                "mean": 37.961922898262046,
                "generation": 53,
                "diversity": 24.089140619569836
            },
            {
                "best": {
                    "class_name": "warrior",
                    "performance": 41.23910615967729
                },
                "mean": 38.06691290428527,
                "generation": 54,
                "diversity": 22.851418129277885
            },
            {
                "best": {
                    "class_name": "warrior",
                    "performance": 41.05484961852795
                },
                "mean": 38.017726921232,
                "generation": 55,
                "diversity": 24.022227650538337
            },
            {
                "best": {
                    "class_name": "warrior",
                    "performance": 41.019770830999285
                },
                "mean": 38.333351615446176,
                "generation": 56,
                "diversity": 21.07287278800264
            },
            {
                "best": {
                    "class_name": "warrior",
                    "performance": 41.13408741810091
                },
                "mean": 38.38366981215646,
                "generation": 57,
                "diversity": 22.175073148769922
            },
            {
                "best": {
                    "class_name": "warrior",
                    "performance": 41.22953177348105
                },
                "mean": 38.343366873766215,
                "generation": 58,
                "diversity": 21.254564188370924
            },
            {
                "best": {
                    "class_name": "warrior",
                    "performance": 41.11739426666896
                },
                "mean": 38.177593981514285,
                "generation": 59,
                "diversity": 21.8728037162298
            },
            {
                "best": {
                    "class_name": "warrior",
                    "performance": 41.13826418320408
                },
                "mean": 38.27838304117513,
                "generation": 60,
                "diversity": 24.152907453581335
            },
            {
                "best": {
                    "class_name": "warrior",
                    "performance": 40.96272392566238
                },
                "mean": 38.298079119384276,
                "generation": 61,
                "diversity": 22.117184720938255
            },
            {
                "best": {
                    "class_name": "warrior",
                    "performance": 41.24278990555283
                },
                "mean": 38.26996172426615,
                "generation": 62,
                "diversity": 21.578413247610786
            },
            {
                "best": {
                    "class_name": "warrior",
                    "performance": 41.235706703745045
                },
                "mean": 38.221730588678476,
                "generation": 63,
                "diversity": 22.668212896942872
            },
            {
                "best": {
                    "class_name": "warrior",
                    "performance": 41.13121855884915
                },
                "mean": 38.132738154928816,
                "generation": 64,
                "diversity": 23.35359074166492
            },
            {
                "best": {
                    "class_name": "warrior",
                    "performance": 41.07075504798372
                },
                "mean": 37.79144793246283,
                "generation": 65,
                "diversity": 26.626841703940997
            },
            {
                "best": {
                    "class_name": "warrior",
                    "performance": 41.03902736409746
                },
                "mean": 37.91089799515806,
                "generation": 66,
                "diversity": 25.13606080096007
            },
            {
                "best": {
                    "class_name": "warrior",
                    "performance": 40.96102447974278
                },
                "mean": 37.858196642181404,
                "generation": 67,
                "diversity": 25.116307977408706
            },
            {
                "best": {
                    "class_name": "warrior",
                    "performance": 41.03226669055233
                },
                "mean": 38.12535163345983,
                "generation": 68,
                "diversity": 22.252531231991796
            },
            {
                "best": {
                    "class_name": "warrior",
                    "performance": 41.148944872962076
                },
                "mean": 38.23040308511333,
                "generation": 69,
                "diversity": 22.591683075779404
            },
            {
                "best": {
                    "class_name": "warrior",
                    "performance": 41.240670525113885
                },
                "mean": 38.236658169241835,
                "generation": 70,
                "diversity": 20.53660037638552
            },
            {
                "best": {
                    "class_name": "warrior",
                    "performance": 41.221788544114034
                },
                "mean": 37.993115423429906,
                "generation": 71,
                "diversity": 20.84671207629884
            },
            {
                "best": {
                    "class_name": "warrior",
                    "performance": 41.169842833749094
                },
                "mean": 37.946593604289006,
                "generation": 72,
                "diversity": 21.086720752428917
            },
            {
                "best": {
                    "class_name": "warrior",
                    "performance": 41.169842833749094
                },
                "mean": 38.45291738375717,
                "generation": 73,
                "diversity": 21.057714879487026
            },
            {
                "best": {
                    "class_name": "warrior",
                    "performance": 41.190248127301885
                },
                "mean": 38.62331194243013,
                "generation": 74,
                "diversity": 20.953991351751462
            }
        ]
    },
    "config": {
        "population_size": 600,
        "population_to_keep": 300,
        "class_name": "warrior",
        "selection_config_a": {
            "selection_type": "elite",
            "population_to_keep": 150,
            "tournament_size": 50,
            "threshold": 0.75,
            "initial_temperature": 30,
            "temperature_decay": 0.6,
            "min_temperature": 5
        },
        "selection_config_b": {
            "selection_type": "roulette",
            "population_to_keep": 150,
            "tournament_size": 50,
            "threshold": 0.75,
            "initial_temperature": 30,
            "temperature_decay": 0.6,
            "min_temperature": 5
        },
        "selection_config_rate": 0.5,
        "crossover_config": {
            "method": "uniform"
        },
        "mutation_config": {
            "mutation_type": "multi_gen",
            "mutation_rate": 0.2,
            "delta_mutation": 15
        },
        "replacement_config_a": {
            "type": "traditional",
            "quantity": 150,
            "gen_gap": 0.5
        },
        "replacement_config_b": {
            "type": "young_bias",
            "quantity": 150,
            "gen_gap": 0.5
        },
        "replacement_config_rate": 0.5,
        "end_condition_config": {
            "type": "content",
            "generations_to_check": 20,
            "generations": 500,
            "optimum_value": 61.5,
            "tolerance": 0.1,
            "structure_tolerance": 0.01,
            "structure_relevant_proportion": 0.98
        }
    }
}