{
    "results": {
        "best": {
            "solution": {
                "class_name": "warrior",
                "variables": {
                    "strength": 75.03292415159697,
                    "agility": 74.96707584840303,
                    "expertise": 0.0,
                    "resistance": 0.0,
                    "life": 0.0,
                    "height": 1.92
                },
                "performance": 41.24453098470364
            },
            "generation": 32
        },
        "last_iterations": [
            {
                "best": {
                    "class_name": "warrior",
                    "performance": 30.607403144159953
                },
                "mean": 15.492512459290502,
                "generation": 0,
                "diversity": 240.0462997144172
            },
            {
                "best": {
                    "class_name": "warrior",
                    "performance": 34.84198700973843
                },
                "mean": 16.112921912988824,
                "generation": 1,
                "diversity": 219.75927868425296
            },
            {
                "best": {
                    "class_name": "warrior",
                    "performance": 36.5771532501656
                },
                "mean": 17.339134338180727,
                "generation": 2,
                "diversity": 245.4982724408934
            },
            {
                "best": {
                    "class_name": "warrior",
                    "performance": 36.577153250165615
                },
                "mean": 18.557455587604053,
                "generation": 3,
                "diversity": 215.3437522085596
            },
            {
                "best": {
                    "class_name": "warrior",
                    "performance": 37.53126169107376
                },
                "mean": 19.643740225795398,
                "generation": 4,
                "diversity": 207.86079700860728
            },
            {
                "best": {
                    "class_name": "warrior",
                    "performance": 35.97132518448829
                },
                "mean": 20.316111694878693,
                "generation": 5,
                "diversity": 221.47824952740564
            },
            {
                "best": {
                    "class_name": "warrior",
                    "performance": 38.09594467853712
                },
                "mean": 20.65404771706428,
                "generation": 6,
                "diversity": 237.67387772250876
            },
            {
                "best": {
                    "class_name": "warrior",
                    "performance": 38.12398004341225
                },
                "mean": 22.470308695608196,
                "generation": 7,
                "diversity": 198.78896436074228
            },
            {
                "best": {
                    "class_name": "warrior",
                    "performance": 35.58966413282266
                },
                "mean": 22.972422047756506,
                "generation": 8,
                "diversity": 198.27181152429225
            },
            {
                "best": {
                    "class_name": "warrior",
                    "performance": 38.64046052026618
                },
                "mean": 24.358769320559453,
                "generation": 9,
                "diversity": 196.38383011156887
            },
            {
                "best": {
                    "class_name": "warrior",
                    "performance": 38.80174772162446
                },
                "mean": 25.078606925895528,
                "generation": 10,
                "diversity": 178.17146575183156
            },
            {
                "best": {
                    "class_name": "warrior",
                    "performance": 38.10636626024028
                },
                "mean": 26.22527698755242,
                "generation": 11,
                "diversity": 173.93622719139964
            },
            {
                "best": {
                    "class_name": "warrior",
                    "performance": 41.00368201450002
                },
                "mean": 27.418831698561714,
                "generation": 12,
                "diversity": 149.3713993001838
            },
            {
                "best": {
                    "class_name": "warrior",
                    "performance": 40.69016243003504
                },
                "mean": 28.07631936727432,
                "generation": 13,
                "diversity": 139.56944578273163
            },
            {
                "best": {
                    "class_name": "warrior",
                    "performance": 40.69016243003504
                },
                "mean": 29.077961857955387,
                "generation": 14,
                "diversity": 130.1448753664869
            },
            {
                "best": {
                    "class_name": "warrior",
                    "performance": 40.74865326169945
                },
                "mean": 29.32213472235556,
                "generation": 15,
                "diversity": 121.0884258256811
            },
            {
                "best": {
                    "class_name": "warrior",
                    "performance": 40.41017754161388
                },
                "mean": 30.32661808782854,
                "generation": 16,
                "diversity": 127.72854411786575
            },
            {
                "best": {
                    "class_name": "warrior",
                    "performance": 40.618862767207865
                },
                "mean": 29.96638687085425,
                "generation": 17,
                "diversity": 128.6380122374365
            },
            {
                "best": {
                    "class_name": "warrior",
                    "performance": 40.982773086271926
                },
                "mean": 30.860702617774596,
                "generation": 18,
                "diversity": 127.4916687402252
            },
            {
                "best": {
                    "class_name": "warrior",
                    "performance": 41.04733216701822
                },
                "mean": 30.960831082450532,
                "generation": 19,
                "diversity": 116.0723410441636
            },
            {
                "best": {
                    "class_name": "warrior",
                    "performance": 40.99900461572535
                },
                "mean": 31.1161100104987,
                "generation": 20,
                "diversity": 102.55178306121279
            },
            {
                "best": {
                    "class_name": "warrior",
                    "performance": 40.99900461572535
                },
                "mean": 31.13458673588711,
                "generation": 21,
                "diversity": 90.40800849861135
            },
            {
                "best": {
                    "class_name": "warrior",
                    "performance": 40.607462769262064
                },
                "mean": 32.20879720752461,
                "generation": 22,
                "diversity": 84.53647296354652
            },
            {
                "best": {
                    "class_name": "warrior",
                    "performance": 40.607462769262064
                },
                "mean": 31.863034567702407,
                "generation": 23,
                "diversity": 95.13438480954379
            },
            {
                "best": {
                    "class_name": "warrior",
                    "performance": 41.19222091858992
                },
                "mean": 33.04989597128251,
                "generation": 24,
                "diversity": 88.25067379777049
            },
            {
                "best": {
                    "class_name": "warrior",
                    "performance": 41.19222091858992
                },
                "mean": 33.48517766154439,
                "generation": 25,
                "diversity": 85.37630579208485
            },
            {
                "best": {
                    "class_name": "warrior",
                    "performance": 41.12846617700002
                },
                "mean": 33.25438870332516,
                "generation": 26,
                "diversity": 84.15883413679451
            },
            {
                "best": {
                    "class_name": "warrior",
                    "performance": 41.220569619960834
                },
                "mean": 33.59406075580405,
                "generation": 27,
                "diversity": 81.98811429002089
            },
            {
                "best": {
                    "class_name": "warrior",
                    "performance": 41.12846617700002
                },
                "mean": 33.65129769782133,
                "generation": 28,
                "diversity": 73.17463953385281
            },
            {
                "best": {
                    "class_name": "warrior",
                    "performance": 41.11000726101709
                },
                "mean": 33.39948346829314,
                "generation": 29,
                "diversity": 69.64179127558582
            },
            {
                "best": {
                    "class_name": "warrior",
                    "performance": 41.036104254732145
                },
                "mean": 33.694579445702225,
                "generation": 30,
                "diversity": 69.69004388640523
            },
            {
                "best": {
                    "class_name": "warrior",
                    "performance": 41.036104254732145
                },
                "mean": 33.53066679769692,
                "generation": 31,
                "diversity": 67.9160899552459
            },
            {
                "best": {
                    "class_name": "warrior",
                    "performance": 41.24453098470364
                },
                "mean": 34.11022286099353,
                "generation": 32,
                "diversity": 63.416745860767065
            },
            {
                "best": {
                    "class_name": "warrior",
                    "performance": 41.21245763838631
                },
                "mean": 34.01457162090062,
                "generation": 33,
                "diversity": 65.39687039289794
            },
            {
                "best": {
                    "class_name": "warrior",
                    "performance": 41.14945809085652
                },
                "mean": 34.3978137910875,
                "generation": 34,
                "diversity": 60.01202870387493
            },
            {
                "best": {
                    "class_name": "warrior",
                    "performance": 41.11297069533432
                },
                "mean": 34.09116347413175,
                "generation": 35,
                "diversity": 68.55149013652081
            },
            {
                "best": {
                    "class_name": "warrior",
                    "performance": 41.23953171125651
                },
                "mean": 33.46950982471414,
                "generation": 36,
                "diversity": 75.9053286796175
            },
            {
                "best": {
                    "class_name": "warrior",
                    "performance": 40.76595637755512
                },
                "mean": 33.66303408298518,
                "generation": 37,
                "diversity": 71.2330020775209
            },
            {
                "best": {
                    "class_name": "warrior",
                    "performance": 41.11785144982445
                },
                "mean": 34.43256505713029,
                "generation": 38,
                "diversity": 58.58151608145051
            },
            {
                "best": {
                    "class_name": "warrior",
                    "performance": 41.11785144982445
                },
                "mean": 33.99122221962539,
                "generation": 39,
                "diversity": 62.64225626788892
            },
            {
                "best": {
                    "class_name": "warrior",
                    "performance": 41.147869029582246
                },
                "mean": 33.499934755907624,
                "generation": 40,
                "diversity": 70.9701440151883
            },
            {
                "best": {
                    "class_name": "warrior",
                    "performance": 41.1290384012074
                },
                "mean": 34.12649304123055,
                "generation": 41,
                "diversity": 68.0805110976646
            },
            {
                "best": {
                    "class_name": "warrior",
                    "performance": 40.88896664290115
                },
                "mean": 33.85206290679077,
                "generation": 42,
                "diversity": 74.71415122964673
            },
            {
                "best": {
                    "class_name": "warrior",
                    "performance": 41.025169490838344
                },
                "mean": 33.64798397647268,
                "generation": 43,
                "diversity": 68.33494263511606
            },
            {
                "best": {
                    "class_name": "warrior",
                    "performance": 40.382408796360366
                },
                "mean": 32.77469937448051,
                "generation": 44,
                "diversity": 71.05320669589644
            },
            {
                "best": {
                    "class_name": "warrior",
                    "performance": 40.533476266373796
                },
                "mean": 33.21294301815082,
                "generation": 45,
                "diversity": 59.95080999013178
            },
            {
                "best": {
                    "class_name": "warrior",
                    "performance": 41.24274738836866
                },
                "mean": 33.6902821518507,
                "generation": 46,
                "diversity": 53.5174637283167
            },
            {
                "best": {
                    "class_name": "warrior",
                    "performance": 41.123141953017154
                },
                "mean": 33.83865242227883,
                "generation": 47,
                "diversity": 52.22120141024137
            },
            {
                "best": {
                    "class_name": "warrior",
                    "performance": 40.9615343075666
                },
                "mean": 33.81204255795321,
                "generation": 48,
                "diversity": 47.07920285394621
            },
            {
                "best": {
                    "class_name": "warrior",
                    "performance": 40.9615343075666
                },
                "mean": 33.480995288746016,
                "generation": 49,
                "diversity": 50.89028902113994
            },
            {
                "best": {
                    "class_name": "warrior",
                    "performance": 40.9615343075666
                },
                "mean": 33.852169721178484,
                "generation": 50,
                "diversity": 51.74630528813384
            },
            {
                "best": {
                    "class_name": "warrior",
                    "performance": 40.80178621847224
                },
                "mean": 33.55920895645988,
                "generation": 51,
                "diversity": 55.80857819719094
            },
            {
                "best": {
                    "class_name": "warrior",
                    "performance": 41.14582520733223
                },
                "mean": 33.60744854699608,
                "generation": 52,
                "diversity": 54.91960096251327
            }
        ]
    },
    "config": {
        "population_size": 300,
        "population_to_keep": 225,
        "class_name": "warrior",
        "selection_config_a": {
            "selection_type": "elite",
            "population_to_keep": 90,
            "tournament_size": 50,
            "threshold": 0.75,
            "initial_temperature": 30,
            "temperature_decay": 0.6,
            "min_temperature": 5
        },
        "selection_config_b": {
            "selection_type": "ranking",
            "population_to_keep": 135,
            "tournament_size": 50,
            "threshold": 0.75,
            "initial_temperature": 30,
            "temperature_decay": 0.6,
            "min_temperature": 5
        },
        "selection_config_rate": 0.4,
        "crossover_config": {
            "method": "uniform"
        },
        "mutation_config": {
            "mutation_type": "multi_gen",
            "mutation_rate": 0.3,
            "delta_mutation": 30
        },
        "replacement_config_a": {
            "type": "traditional",
            "quantity": 68,
            "gen_gap": 0.5
        },
        "replacement_config_b": {
            "type": "young_bias",
            "quantity": 157,
            "gen_gap": 0.5
        },
        "replacement_config_rate": 0.3,
        "end_condition_config": {
            "type": "content",
            "generations_to_check": 20,
            "generations": 500,
            "optimum_value": 61.5,
            "tolerance": 0.1,
            "structure_tolerance": 0.01,
            "structure_relevant_proportion": 0.98
        }
    }
}