{
    "results": {
        "best": {
            "solution": {
                "class_name": "warrior",
                "variables": {
                    "strength": 75.15753716481036,
                    "agility": 74.84246283518962,
                    "expertise": 0.0,
                    "resistance": 0,
                    "life": 0.0,
                    "height": 1.9100000000000001
                },
                "performance": 41.24285980532885
            },
            "generation": 38
        },
        "last_iterations": [
            {
                "best": {
                    "class_name": "warrior",
                    "performance": 29.16699054840513
                },
                "mean": 15.89890690179688,
                "generation": 1,
                "diversity": 242.9894365835253
            },
            {
                "best": {
                    "class_name": "warrior",
                    "performance": 31.144857247442612
                },
                "mean": 16.468729964382792,
                "generation": 2,
                "diversity": 190.2484969162504
            },
            {
                "best": {
                    "class_name": "warrior",
                    "performance": 26.7977596202414
                },
                "mean": 17.35442908363394,
                "generation": 3,
                "diversity": 157.08707296289825
            },
            {
                "best": {
                    "class_name": "warrior",
                    "performance": 27.923859885433902
                },
                "mean": 17.640912612111688,
                "generation": 4,
                "diversity": 140.23040265092536
            },
            {
                "best": {
                    "class_name": "warrior",
                    "performance": 29.812002019737534
                },
                "mean": 18.87286710598135,
                "generation": 5,
                "diversity": 121.66883567455729
            },
            {
                "best": {
                    "class_name": "warrior",
                    "performance": 29.812002019737534
                },
                "mean": 19.419054483740624,
                "generation": 6,
                "diversity": 104.31926166187797
            },
            {
                "best": {
                    "class_name": "warrior",
                    "performance": 27.146054552927144
                },
                "mean": 19.528746206939303,
                "generation": 7,
                "diversity": 112.51778830261411
            },
            {
                "best": {
                    "class_name": "warrior",
                    "performance": 28.63887486066541
                },
                "mean": 20.542296562624827,
                "generation": 8,
                "diversity": 88.06213674099392
            },
            {
                "best": {
                    "class_name": "warrior",
                    "performance": 31.382676302013405
                },
                "mean": 21.113597750247436,
                "generation": 9,
                "diversity": 88.84484921476583
            },
            {
                "best": {
                    "class_name": "warrior",
                    "performance": 32.35034492731336
                },
                "mean": 21.31855037579428,
                "generation": 10,
                "diversity": 83.77186254766116
            },
            {
                "best": {
                    "class_name": "warrior",
                    "performance": 32.63935897946009
                },
                "mean": 21.85307596043362,
                "generation": 11,
                "diversity": 78.18908691293362
            },
            {
                "best": {
                    "class_name": "warrior",
                    "performance": 34.08737739903533
                },
                "mean": 22.67849724609326,
                "generation": 12,
                "diversity": 77.50016063765496
            },
            {
                "best": {
                    "class_name": "warrior",
                    "performance": 39.982378163590155
                },
                "mean": 23.695450342259917,
                "generation": 13,
                "diversity": 80.20638080532099
            },
            {
                "best": {
                    "class_name": "warrior",
                    "performance": 34.61085414317608
                },
                "mean": 24.20309063365619,
                "generation": 14,
                "diversity": 74.77043591082438
            },
            {
                "best": {
                    "class_name": "warrior",
                    "performance": 36.36096462482662
                },
                "mean": 24.828553155701467,
                "generation": 15,
                "diversity": 78.04777948471741
            },
            {
                "best": {
                    "class_name": "warrior",
                    "performance": 39.51817376024734
                },
                "mean": 25.359118733581727,
                "generation": 16,
                "diversity": 87.53926530215078
            },
            {
                "best": {
                    "class_name": "warrior",
                    "performance": 39.61053284915731
                },
                "mean": 26.863508237929057,
                "generation": 17,
                "diversity": 75.31516421602423
            },
            {
                "best": {
                    "class_name": "warrior",
                    "performance": 39.61053284915731
                },
                "mean": 27.162905053487684,
                "generation": 18,
                "diversity": 78.56441331496531
            },
            {
                "best": {
                    "class_name": "warrior",
                    "performance": 39.61053284915731
                },
                "mean": 27.59284188659547,
                "generation": 19,
                "diversity": 86.32332237590968
            },
            {
                "best": {
                    "class_name": "warrior",
                    "performance": 38.055657976779564
                },
                "mean": 28.21049621990335,
                "generation": 20,
                "diversity": 82.80114619490153
            },
            {
                "best": {
                    "class_name": "warrior",
                    "performance": 39.997240937916445
                },
                "mean": 29.55124200785358,
                "generation": 21,
                "diversity": 75.45867593847504
            },
            {
                "best": {
                    "class_name": "warrior",
                    "performance": 39.997240937916445
                },
                "mean": 30.56788809832701,
                "generation": 22,
                "diversity": 70.6030406929355
            },
            {
                "best": {
                    "class_name": "warrior",
                    "performance": 40.37671834288028
                },
                "mean": 31.349364961493485,
                "generation": 23,
                "diversity": 69.27459845602554
            },
            {
                "best": {
                    "class_name": "warrior",
                    "performance": 39.997240937916445
                },
                "mean": 32.36891859650469,
                "generation": 24,
                "diversity": 58.3207577815539
            },
            {
                "best": {
                    "class_name": "warrior",
                    "performance": 40.551523360956885
                },
                "mean": 33.00505309624197,
                "generation": 25,
                "diversity": 51.83923531355264
            },
            {
                "best": {
                    "class_name": "warrior",
                    "performance": 40.12461201143351
                },
                "mean": 33.86882623649539,
                "generation": 26,
                "diversity": 45.527259498801264
            },
            {
                "best": {
                    "class_name": "warrior",
                    "performance": 40.101668572678804
                },
                "mean": 34.03858167558581,
                "generation": 27,
                "diversity": 43.69954074832729
            },
            {
                "best": {
                    "class_name": "warrior",
                    "performance": 40.8043894360823
                },
                "mean": 34.76560841174093,
                "generation": 28,
                "diversity": 38.5868018437075
            },
            {
                "best": {
                    "class_name": "warrior",
                    "performance": 40.8043894360823
                },
                "mean": 35.122319291384166,
                "generation": 29,
                "diversity": 36.80304306373987
            },
            {
                "best": {
                    "class_name": "warrior",
                    "performance": 40.77244392504455
                },
                "mean": 35.471236106617,
                "generation": 30,
                "diversity": 39.4639165143846
            },
            {
                "best": {
                    "class_name": "warrior",
                    "performance": 40.22094456372407
                },
                "mean": 35.99910544081231,
                "generation": 31,
                "diversity": 38.01854517242876
            },
            {
                "best": {
                    "class_name": "warrior",
                    "performance": 40.15229184760589
                },
                "mean": 35.89674094086585,
                "generation": 32,
                "diversity": 38.6721749864948
            },
            {
                "best": {
                    "class_name": "warrior",
                    "performance": 40.26182644114098
                },
                "mean": 36.05541992442354,
                "generation": 33,
                "diversity": 35.219732613683895
            },
            {
                "best": {
                    "class_name": "warrior",
                    "performance": 40.68951060699939
                },
                "mean": 36.713716474303375,
                "generation": 34,
                "diversity": 33.48479798603103
            },
            {
                "best": {
                    "class_name": "warrior",
                    "performance": 40.97668701457305
                },
                "mean": 36.80847823269498,
                "generation": 35,
                "diversity": 29.59126256979037
            },
            {
                "best": {
                    "class_name": "warrior",
                    "performance": 40.586710906594426
                },
                "mean": 36.36659530557629,
                "generation": 36,
                "diversity": 36.472476937377245
            },
            {
                "best": {
                    "class_name": "warrior",
                    "performance": 40.70402075951548
                },
                "mean": 36.33989286461787,
                "generation": 37,
                "diversity": 36.299104969815374
            },
            {
                "best": {
                    "class_name": "warrior",
                    "performance": 41.24285980532885
                },
                "mean": 36.362255330598465,
                "generation": 38,
                "diversity": 37.79831954341831
            },
            {
                "best": {
                    "class_name": "warrior",
                    "performance": 40.877501426739215
                },
                "mean": 36.89490500768333,
                "generation": 39,
                "diversity": 32.38549937454395
            },
            {
                "best": {
                    "class_name": "warrior",
                    "performance": 40.877501426739215
                },
                "mean": 37.19025416896215,
                "generation": 40,
                "diversity": 32.83438298564476
            },
            {
                "best": {
                    "class_name": "warrior",
                    "performance": 40.93251318606972
                },
                "mean": 36.983038998674054,
                "generation": 41,
                "diversity": 35.44032346297178
            },
            {
                "best": {
                    "class_name": "warrior",
                    "performance": 40.892542807218504
                },
                "mean": 36.80028072432057,
                "generation": 42,
                "diversity": 39.073387538092085
            },
            {
                "best": {
                    "class_name": "warrior",
                    "performance": 40.863800708053105
                },
                "mean": 36.844650257366126,
                "generation": 43,
                "diversity": 40.48016939454693
            },
            {
                "best": {
                    "class_name": "warrior",
                    "performance": 41.06671967151325
                },
                "mean": 37.122419547342105,
                "generation": 44,
                "diversity": 39.59948181026338
            },
            {
                "best": {
                    "class_name": "warrior",
                    "performance": 41.119579377361994
                },
                "mean": 37.52584942680094,
                "generation": 45,
                "diversity": 41.54543077349117
            },
            {
                "best": {
                    "class_name": "warrior",
                    "performance": 40.9290310300692
                },
                "mean": 37.50290248379702,
                "generation": 46,
                "diversity": 33.879564507206986
            },
            {
                "best": {
                    "class_name": "warrior",
                    "performance": 41.11629707028176
                },
                "mean": 37.9421797466559,
                "generation": 47,
                "diversity": 29.361531816634937
            },
            {
                "best": {
                    "class_name": "warrior",
                    "performance": 41.222263448585174
                },
                "mean": 37.78067708698767,
                "generation": 48,
                "diversity": 27.707174332043888
            },
            {
                "best": {
                    "class_name": "warrior",
                    "performance": 41.158011662750454
                },
                "mean": 37.78235126794218,
                "generation": 49,
                "diversity": 27.90831329415008
            },
            {
                "best": {
                    "class_name": "warrior",
                    "performance": 41.24046286903553
                },
                "mean": 37.661599262086995,
                "generation": 50,
                "diversity": 25.145443591350205
            },
            {
                "best": {
                    "class_name": "warrior",
                    "performance": 41.24046286903553
                },
                "mean": 37.80972076013228,
                "generation": 51,
                "diversity": 23.70962631652868
            },
            {
                "best": {
                    "class_name": "warrior",
                    "performance": 41.235734158418225
                },
                "mean": 37.87626980715865,
                "generation": 52,
                "diversity": 22.52208731575284
            },
            {
                "best": {
                    "class_name": "warrior",
                    "performance": 40.758510576199484
                },
                "mean": 37.79344784352733,
                "generation": 53,
                "diversity": 25.591124540494132
            },
            {
                "best": {
                    "class_name": "warrior",
                    "performance": 41.06623556116102
                },
                "mean": 37.92264720886025,
                "generation": 54,
                "diversity": 23.720068583957442
            },
            {
                "best": {
                    "class_name": "warrior",
                    "performance": 40.863924541726895
                },
                "mean": 37.690630216007776,
                "generation": 55,
                "diversity": 22.4636383113191
            },
            {
                "best": {
                    "class_name": "warrior",
                    "performance": 40.9578452638433
                },
                "mean": 37.45462024759498,
                "generation": 56,
                "diversity": 23.351832746742733
            },
            {
                "best": {
                    "class_name": "warrior",
                    "performance": 41.03801070221372
                },
                "mean": 37.782102071721226,
                "generation": 57,
                "diversity": 24.443742474785434
            },
            {
                "best": {
                    "class_name": "warrior",
                    "performance": 41.224556081539966
                },
                "mean": 38.03464695407469,
                "generation": 58,
                "diversity": 24.67369240857428
            }
        ]
    },
    "config": {
        "population_size": 400,
        "population_to_keep": 200,
        "class_name": "warrior",
        "selection_config_a": {
            "selection_type": "elite",
            "population_to_keep": 100,
            "tournament_size": 50,
            "threshold": 0.75,
            "initial_temperature": 30,
            "temperature_decay": 0.6,
            "min_temperature": 5
        },
        "selection_config_b": {
            "selection_type": "roulette",
            "population_to_keep": 100,
            "tournament_size": 50,
            "threshold": 0.75,
            "initial_temperature": 30,
            "temperature_decay": 0.6,
            "min_temperature": 5
        },
        "selection_config_rate": 0.5,
        "crossover_config": {
            "method": "uniform"
        },
        "mutation_config": {
            "mutation_type": "multi_gen",
            "mutation_rate": 0.2,
            "delta_mutation": 15
        },
        "replacement_config_a": {
            "type": "traditional",
            "quantity": 100,
            "gen_gap": 0.5
        },
        "replacement_config_b": {
            "type": "young_bias",
            "quantity": 100,
            "gen_gap": 0.5
        },
        "replacement_config_rate": 0.5,
        "end_condition_config": {
            "type": "content",
            "generations_to_check": 20,
            "generations": 500,
            "optimum_value": 61.5,
            "tolerance": 0.1,
            "structure_tolerance": 0.01,
            "structure_relevant_proportion": 0.98
        }
    }
}