{
    "results": {
        "best": {
            "solution": {
                "class_name": "warrior",
                "variables": {
                    "strength": 75.21629944928137,
                    "agility": 74.78370055071865,
                    "expertise": 0.0,
                    "resistance": 0.0,
                    "life": 0.0,
                    "height": 1.91
                },
                "performance": 41.24267177049711
            },
            "generation": 37
        },
        "last_iterations": [
            {
                "best": {
                    "class_name": "warrior",
                    "performance": 32.52472127418803
                },
                "mean": 15.421747172536262,
                "generation": 0,
                "diversity": 246.77161663477088
            },
            {
                "best": {
                    "class_name": "warrior",
                    "performance": 31.79223790250274
                },
                "mean": 16.16762368149566,
                "generation": 1,
                "diversity": 223.886047467038
            },
            {
                "best": {
                    "class_name": "warrior",
                    "performance": 36.25631996873155
                },
                "mean": 16.92814026179022,
                "generation": 2,
                "diversity": 233.9414933311565
            },
            {
                "best": {
                    "class_name": "warrior",
                    "performance": 35.21604804215221
                },
                "mean": 17.623998851473832,
                "generation": 3,
                "diversity": 219.45618594052937
            },
            {
                "best": {
                    "class_name": "warrior",
                    "performance": 35.21604804215221
                },
                "mean": 18.128837711485996,
                "generation": 4,
                "diversity": 245.4786688318644
            },
            {
                "best": {
                    "class_name": "warrior",
                    "performance": 37.866165072523714
                },
                "mean": 19.248701490240894,
                "generation": 5,
                "diversity": 238.98906210325552
            },
            {
                "best": {
                    "class_name": "warrior",
                    "performance": 38.77601809039944
                },
                "mean": 21.01857926902795,
                "generation": 6,
                "diversity": 226.27920284133526
            },
            {
                "best": {
                    "class_name": "warrior",
                    "performance": 37.51586225423206
                },
                "mean": 22.233016253417873,
                "generation": 7,
                "diversity": 225.50734768136772
            },
            {
                "best": {
                    "class_name": "warrior",
                    "performance": 38.44109824282485
                },
                "mean": 23.29007310221988,
                "generation": 8,
                "diversity": 212.61023608383388
            },
            {
                "best": {
                    "class_name": "warrior",
                    "performance": 40.40426170099388
                },
                "mean": 24.50038378710062,
                "generation": 9,
                "diversity": 177.1222468799323
            },
            {
                "best": {
                    "class_name": "warrior",
                    "performance": 40.40426170099388
                },
                "mean": 24.94518910359886,
                "generation": 10,
                "diversity": 180.39713551471118
            },
            {
                "best": {
                    "class_name": "warrior",
                    "performance": 39.993165794372814
                },
                "mean": 26.303113765855645,
                "generation": 11,
                "diversity": 153.87259284085576
            },
            {
                "best": {
                    "class_name": "warrior",
                    "performance": 39.472189822025726
                },
                "mean": 26.889776665726128,
                "generation": 12,
                "diversity": 148.8200610705613
            },
            {
                "best": {
                    "class_name": "warrior",
                    "performance": 41.19377104716331
                },
                "mean": 28.11517848701969,
                "generation": 13,
                "diversity": 139.23450465964302
            },
            {
                "best": {
                    "class_name": "warrior",
                    "performance": 39.472189822025726
                },
                "mean": 28.07080501218258,
                "generation": 14,
                "diversity": 141.62924838687343
            },
            {
                "best": {
                    "class_name": "warrior",
                    "performance": 40.73556776701725
                },
                "mean": 29.67620374457197,
                "generation": 15,
                "diversity": 125.47701131728085
            },
            {
                "best": {
                    "class_name": "warrior",
                    "performance": 40.07755654102008
                },
                "mean": 30.20665650209865,
                "generation": 16,
                "diversity": 110.35407692889306
            },
            {
                "best": {
                    "class_name": "warrior",
                    "performance": 40.67781798924907
                },
                "mean": 30.93797858298499,
                "generation": 17,
                "diversity": 105.05689877680165
            },
            {
                "best": {
                    "class_name": "warrior",
                    "performance": 41.24026554502141
                },
                "mean": 30.82437075512022,
                "generation": 18,
                "diversity": 108.77661618011301
            },
            {
                "best": {
                    "class_name": "warrior",
                    "performance": 40.67781798924907
                },
                "mean": 31.11589048070792,
                "generation": 19,
                "diversity": 111.65876519887588
            },
            {
                "best": {
                    "class_name": "warrior",
                    "performance": 40.67781798924907
                },
                "mean": 30.832313228482715,
                "generation": 20,
                "diversity": 111.35992430283697
            },
            {
                "best": {
                    "class_name": "warrior",
                    "performance": 41.242101872852224
                },
                "mean": 31.374071825069453,
                "generation": 21,
                "diversity": 101.70080706598729
            },
            {
                "best": {
                    "class_name": "warrior",
                    "performance": 41.157924270080024
                },
                "mean": 31.430943322993713,
                "generation": 22,
                "diversity": 109.89394366881997
            },
            {
                "best": {
                    "class_name": "warrior",
                    "performance": 41.157924270080024
                },
                "mean": 31.850498157862525,
                "generation": 23,
                "diversity": 106.48747163880931
            },
            {
                "best": {
                    "class_name": "warrior",
                    "performance": 41.118595744567536
                },
                "mean": 32.47309353396466,
                "generation": 24,
                "diversity": 94.58776976022007
            },
            {
                "best": {
                    "class_name": "warrior",
                    "performance": 41.09816389435774
                },
                "mean": 32.767066044401766,
                "generation": 25,
                "diversity": 90.38589825240975
            },
            {
                "best": {
                    "class_name": "warrior",
                    "performance": 41.21394457367223
                },
                "mean": 33.37191457710908,
                "generation": 26,
                "diversity": 87.48984136481742
            },
            {
                "best": {
                    "class_name": "warrior",
                    "performance": 41.235343283607946
                },
                "mean": 33.493647254386474,
                "generation": 27,
                "diversity": 84.06303580490774
            },
            {
                "best": {
                    "class_name": "warrior",
                    "performance": 41.19600670688059
                },
                "mean": 33.337060677284306,
                "generation": 28,
                "diversity": 76.78508377292327
            },
            {
                "best": {
                    "class_name": "warrior",
                    "performance": 41.2425737548229
                },
                "mean": 33.17865370163397,
                "generation": 29,
                "diversity": 78.46880423697267
            },
            {
                "best": {
                    "class_name": "warrior",
                    "performance": 41.12405800383261
                },
                "mean": 33.42277666434357,
                "generation": 30,
                "diversity": 73.90642260703397
            },
            {
                "best": {
                    "class_name": "warrior",
                    "performance": 41.0665253799957
                },
                "mean": 34.06217070346878,
                "generation": 31,
                "diversity": 68.38301244724265
            },
            {
                "best": {
                    "class_name": "warrior",
                    "performance": 41.03772630271626
                },
                "mean": 34.660468238147686,
                "generation": 32,
                "diversity": 68.02254510695562
            },
            {
                "best": {
                    "class_name": "warrior",
                    "performance": 41.14216357803794
                },
                "mean": 34.29958243433379,
                "generation": 33,
                "diversity": 75.21214531057221
            },
            {
                "best": {
                    "class_name": "warrior",
                    "performance": 41.18460966822081
                },
                "mean": 34.3665745396198,
                "generation": 34,
                "diversity": 74.90726268203042
            },
            {
                "best": {
                    "class_name": "warrior",
                    "performance": 41.17033758174936
                },
                "mean": 33.603851252964226,
                "generation": 35,
                "diversity": 78.41738513234561
            },
            {
                "best": {
                    "class_name": "warrior",
                    "performance": 41.13841603416992
                },
                "mean": 33.720774138591715,
                "generation": 36,
                "diversity": 75.18657656557905
            },
            {
                "best": {
                    "class_name": "warrior",
                    "performance": 41.24267177049711
                },
                "mean": 34.170752893599925,
                "generation": 37,
                "diversity": 75.86630268088001
            },
            {
                "best": {
                    "class_name": "warrior",
                    "performance": 41.2293864750123
                },
                "mean": 33.89822627304649,
                "generation": 38,
                "diversity": 77.02053342778869
            }
        ]
    },
    "config": {
        "population_size": 500,
        "population_to_keep": 375,
        "class_name": "warrior",
        "selection_config_a": {
            "selection_type": "elite",
            "population_to_keep": 150,
            "tournament_size": 50,
            "threshold": 0.75,
            "initial_temperature": 30,
            "temperature_decay": 0.6,
            "min_temperature": 5
        },
        "selection_config_b": {
            "selection_type": "ranking",
            "population_to_keep": 225,
            "tournament_size": 50,
            "threshold": 0.75,
            "initial_temperature": 30,
            "temperature_decay": 0.6,
            "min_temperature": 5
        },
        "selection_config_rate": 0.4,
        "crossover_config": {
            "method": "uniform"
        },
        "mutation_config": {
            "mutation_type": "multi_gen",
            "mutation_rate": 0.3,
            "delta_mutation": 30
        },
        "replacement_config_a": {
            "type": "traditional",
            "quantity": 112,
            "gen_gap": 0.5
        },
        "replacement_config_b": {
            "type": "young_bias",
            "quantity": 263,
            "gen_gap": 0.5
        },
        "replacement_config_rate": 0.3,
        "end_condition_config": {
            "type": "content",
            "generations_to_check": 20,
            "generations": 500,
            "optimum_value": 61.5,
            "tolerance": 0.1,
            "structure_tolerance": 0.01,
            "structure_relevant_proportion": 0.98
        }
    }
}