{
    "results": {
        "best": {
            "solution": {
                "class_name": "warrior",
                "variables": {
                    "strength": 74.7719420018775,
                    "agility": 74.10070085415882,
                    "expertise": 1.1273571439636865,
                    "resistance": 0.0,
                    "life": 0.0,
                    "height": 1.92
                },
                "performance": 41.2447105866297
            },
            "generation": 50
        },
        "last_iterations": [
            {
                "best": {
                    "class_name": "warrior",
                    "performance": 35.182611809210414
                },
                "mean": 16.283237482967024,
                "generation": 1,
                "diversity": 236.65553493611625
            },
            {
                "best": {
                    "class_name": "warrior",
                    "performance": 33.795120310691196
                },
                "mean": 16.97368612127474,
                "generation": 2,
                "diversity": 215.16115617129552
            },
            {
                "best": {
                    "class_name": "warrior",
                    "performance": 32.53663579868645
                },
                "mean": 18.14189250810692,
                "generation": 3,
                "diversity": 183.23779756125967
            },
            {
                "best": {
                    "class_name": "warrior",
                    "performance": 31.75297919676726
                },
                "mean": 18.958256734862545,
                "generation": 4,
                "diversity": 165.26217118948577
            },
            {
                "best": {
                    "class_name": "warrior",
                    "performance": 33.81648468322602
                },
                "mean": 20.19769062615409,
                "generation": 5,
                "diversity": 150.50545176939036
            },
            {
                "best": {
                    "class_name": "warrior",
                    "performance": 36.42419861648607
                },
                "mean": 21.289178929282343,
                "generation": 6,
                "diversity": 138.12898371493378
            },
            {
                "best": {
                    "class_name": "warrior",
                    "performance": 35.439461521763164
                },
                "mean": 22.589213436111518,
                "generation": 7,
                "diversity": 124.37136083294497
            },
            {
                "best": {
                    "class_name": "warrior",
                    "performance": 36.62800769265882
                },
                "mean": 23.196638248763467,
                "generation": 8,
                "diversity": 116.45649386908445
            },
            {
                "best": {
                    "class_name": "warrior",
                    "performance": 36.678011190481804
                },
                "mean": 23.802980800727855,
                "generation": 9,
                "diversity": 110.85661420629992
            },
            {
                "best": {
                    "class_name": "warrior",
                    "performance": 39.95017061711208
                },
                "mean": 25.111534617887617,
                "generation": 10,
                "diversity": 100.39793074502296
            },
            {
                "best": {
                    "class_name": "warrior",
                    "performance": 39.46206915331468
                },
                "mean": 25.686392561740476,
                "generation": 11,
                "diversity": 104.13490949561289
            },
            {
                "best": {
                    "class_name": "warrior",
                    "performance": 39.63609327497091
                },
                "mean": 27.03518779084869,
                "generation": 12,
                "diversity": 92.76990160602202
            },
            {
                "best": {
                    "class_name": "warrior",
                    "performance": 39.8135805524916
                },
                "mean": 28.005146561304787,
                "generation": 13,
                "diversity": 86.78007179201983
            },
            {
                "best": {
                    "class_name": "warrior",
                    "performance": 40.284106639200026
                },
                "mean": 28.764357987250072,
                "generation": 14,
                "diversity": 77.78070906049435
            },
            {
                "best": {
                    "class_name": "warrior",
                    "performance": 39.681804774524416
                },
                "mean": 29.239430800985225,
                "generation": 15,
                "diversity": 71.45882936796177
            },
            {
                "best": {
                    "class_name": "warrior",
                    "performance": 40.701773692806796
                },
                "mean": 29.862213840124337,
                "generation": 16,
                "diversity": 68.24775033566185
            },
            {
                "best": {
                    "class_name": "warrior",
                    "performance": 40.701773692806796
                },
                "mean": 30.62358664426992,
                "generation": 17,
                "diversity": 59.915689701529594
            },
            {
                "best": {
                    "class_name": "warrior",
                    "performance": 40.2533304116667
                },
                "mean": 31.43398849194271,
                "generation": 18,
                "diversity": 58.593283622981886
            },
            {
                "best": {
                    "class_name": "warrior",
                    "performance": 40.46714593327871
                },
                "mean": 32.44228515750014,
                "generation": 19,
                "diversity": 52.40742370767075
            },
            {
                "best": {
                    "class_name": "warrior",
                    "performance": 41.03228788932227
                },
                "mean": 33.30886906270396,
                "generation": 20,
                "diversity": 48.87460786688672
            },
            {
                "best": {
                    "class_name": "warrior",
                    "performance": 40.305773499396146
                },
                "mean": 33.891842170278885,
                "generation": 21,
                "diversity": 45.537865119601356
            },
            {
                "best": {
                    "class_name": "warrior",
                    "performance": 40.503142185687786
                },
                "mean": 34.46193249151963,
                "generation": 22,
                "diversity": 43.56165373285922
            },
            {
                "best": {
                    "class_name": "warrior",
                    "performance": 41.02184227674235
                },
                "mean": 34.960287524237756,
                "generation": 23,
                "diversity": 41.158876275471535
            },
            {
                "best": {
                    "class_name": "warrior",
                    "performance": 40.773335171975354
                },
                "mean": 35.366220297516726,
                "generation": 24,
                "diversity": 39.059769209866154
            },
            {
                "best": {
                    "class_name": "warrior",
                    "performance": 40.59554248116719
                },
                "mean": 35.59726735350107,
                "generation": 25,
                "diversity": 37.21520416060571
            },
            {
                "best": {
                    "class_name": "warrior",
                    "performance": 40.95301579758237
                },
                "mean": 36.06365316991746,
                "generation": 26,
                "diversity": 32.84586493724661
            },
            {
                "best": {
                    "class_name": "warrior",
                    "performance": 40.773654739201994
                },
                "mean": 36.0829186024819,
                "generation": 27,
                "diversity": 32.796921936068664
            },
            {
                "best": {
                    "class_name": "warrior",
                    "performance": 40.77670348893701
                },
                "mean": 36.348182237649475,
                "generation": 28,
                "diversity": 28.031561811207045
            },
            {
                "best": {
                    "class_name": "warrior",
                    "performance": 41.00894322575942
                },
                "mean": 36.662690075071666,
                "generation": 29,
                "diversity": 27.56854157349896
            },
            {
                "best": {
                    "class_name": "warrior",
                    "performance": 41.08933219363747
                },
                "mean": 36.94560218356975,
                "generation": 30,
                "diversity": 25.898257577479423
            },
            {
                "best": {
                    "class_name": "warrior",
                    "performance": 41.21398324273239
                },
                "mean": 36.99019394678196,
                "generation": 31,
                "diversity": 25.925406637580206
            },
            {
                "best": {
                    "class_name": "warrior",
                    "performance": 41.13173787020813
                },
                "mean": 37.26621984509898,
                "generation": 32,
                "diversity": 26.0913313001043
            },
            {
                "best": {
                    "class_name": "warrior",
                    "performance": 41.09442543066053
                },
                "mean": 37.246647149364776,
                "generation": 33,
                "diversity": 25.699121416923706
            },
            {
                "best": {
                    "class_name": "warrior",
                    "performance": 41.11336542469457
                },
                "mean": 37.20598455417635,
                "generation": 34,
                "diversity": 26.59344242380803
            },
            {
                "best": {
                    "class_name": "warrior",
                    "performance": 41.11336542469457
                },
                "mean": 37.27736833091949,
                "generation": 35,
                "diversity": 28.54339130606839
            },
            {
                "best": {
                    "class_name": "warrior",
                    "performance": 41.11336542469457
                },
                "mean": 37.37975718807149,
                "generation": 36,
                "diversity": 25.83540527158776
            },
            {
                "best": {
                    "class_name": "warrior",
                    "performance": 41.20150916071
                },
                "mean": 37.492426020831054,
                "generation": 37,
                "diversity": 25.606147228450087
            },
            {
                "best": {
                    "class_name": "warrior",
                    "performance": 41.12388531914829
                },
                "mean": 37.66889082673646,
                "generation": 38,
                "diversity": 25.652393552466393
            },
            {
                "best": {
                    "class_name": "warrior",
                    "performance": 41.15719900372573
                },
                "mean": 37.62079719805958,
                "generation": 39,
                "diversity": 26.388501816999266
            },
            {
                "best": {
                    "class_name": "warrior",
                    "performance": 41.23739748102461
                },
                "mean": 37.51296394414343,
                "generation": 40,
                "diversity": 25.883154560363156
            },
            {
                "best": {
                    "class_name": "warrior",
                    "performance": 41.23739748102461
                },
                "mean": 37.7108679451107,
                "generation": 41,
                "diversity": 22.206368299928524
            },
            {
                "best": {
                    "class_name": "warrior",
                    "performance": 41.127477491852254
                },
                "mean": 37.775007632044215,
                "generation": 42,
                "diversity": 22.013368557050416
            },
            {
                "best": {
                    "class_name": "warrior",
                    "performance": 41.07546381608663
                },
                "mean": 37.73010829081526,
                "generation": 43,
                "diversity": 23.306055702113515
            },
            {
                "best": {
                    "class_name": "warrior",
                    "performance": 41.13715951813217
                },
                "mean": 37.77843625251472,
                "generation": 44,
                "diversity": 25.49971915128442
            },
            {
                "best": {
                    "class_name": "warrior",
                    "performance": 41.209127721149635
                },
                "mean": 37.938011506068236,
                "generation": 45,
                "diversity": 25.845887235344094
            },
            {
                "best": {
                    "class_name": "warrior",
                    "performance": 41.21550424872298
                },
                "mean": 38.02825586982285,
                "generation": 46,
                "diversity": 26.073007900717
            },
            {
                "best": {
                    "class_name": "warrior",
                    "performance": 41.21550424872298
                },
                "mean": 37.97066283690752,
                "generation": 47,
                "diversity": 28.616466817031476
            },
            {
                "best": {
                    "class_name": "warrior",
                    "performance": 41.24314113484891
                },
                "mean": 38.06068576951781,
                "generation": 48,
                "diversity": 27.84501525374998
            },
            {
                "best": {
                    "class_name": "warrior",
                    "performance": 41.24460662554844
                },
                "mean": 38.18648290025811,
                "generation": 49,
                "diversity": 25.75813762188047
            },
            {
                "best": {
                    "class_name": "warrior",
                    "performance": 41.2447105866297
                },
                "mean": 38.16530095334816,
                "generation": 50,
                "diversity": 25.250167490434304
            },
            {
                "best": {
                    "class_name": "warrior",
                    "performance": 41.22241693377593
                },
                "mean": 38.08434305269937,
                "generation": 51,
                "diversity": 25.67261573337733
            },
            {
                "best": {
                    "class_name": "warrior",
                    "performance": 41.20889111342361
                },
                "mean": 38.1951644064285,
                "generation": 52,
                "diversity": 25.238490470177286
            },
            {
                "best": {
                    "class_name": "warrior",
                    "performance": 41.23645169992369
                },
                "mean": 38.14411893103051,
                "generation": 53,
                "diversity": 22.58512319210899
            },
            {
                "best": {
                    "class_name": "warrior",
                    "performance": 41.2440800257642
                },
                "mean": 37.911981492765946,
                "generation": 54,
                "diversity": 23.442237365357574
            },
            {
                "best": {
                    "class_name": "warrior",
                    "performance": 41.244268346450475
                },
                "mean": 38.03943794356248,
                "generation": 55,
                "diversity": 24.246364399627435
            },
            {
                "best": {
                    "class_name": "warrior",
                    "performance": 41.215486472281796
                },
                "mean": 37.90260600915549,
                "generation": 56,
                "diversity": 24.190489297723392
            },
            {
                "best": {
                    "class_name": "warrior",
                    "performance": 41.12050905499529
                },
                "mean": 37.86537768209693,
                "generation": 57,
                "diversity": 25.962142715995768
            },
            {
                "best": {
                    "class_name": "warrior",
                    "performance": 41.16276014005657
                },
                "mean": 38.1165153646663,
                "generation": 58,
                "diversity": 25.899632620260533
            },
            {
                "best": {
                    "class_name": "warrior",
                    "performance": 41.138176763590074
                },
                "mean": 37.95279979891034,
                "generation": 59,
                "diversity": 26.43434406972685
            },
            {
                "best": {
                    "class_name": "warrior",
                    "performance": 41.18646632367052
                },
                "mean": 37.980306654717765,
                "generation": 60,
                "diversity": 25.81798880988134
            }
        ]
    },
    "config": {
        "population_size": 1800,
        "population_to_keep": 900,
        "class_name": "warrior",
        "selection_config_a": {
            "selection_type": "elite",
            "population_to_keep": 450,
            "tournament_size": 50,
            "threshold": 0.75,
            "initial_temperature": 30,
            "temperature_decay": 0.6,
            "min_temperature": 5
        },
        "selection_config_b": {
            "selection_type": "roulette",
            "population_to_keep": 450,
            "tournament_size": 50,
            "threshold": 0.75,
            "initial_temperature": 30,
            "temperature_decay": 0.6,
            "min_temperature": 5
        },
        "selection_config_rate": 0.5,
        "crossover_config": {
            "method": "uniform"
        },
        "mutation_config": {
            "mutation_type": "multi_gen",
            "mutation_rate": 0.2,
            "delta_mutation": 15
        },
        "replacement_config_a": {
            "type": "traditional",
            "quantity": 450,
            "gen_gap": 0.5
        },
        "replacement_config_b": {
            "type": "young_bias",
            "quantity": 450,
            "gen_gap": 0.5
        },
        "replacement_config_rate": 0.5,
        "end_condition_config": {
            "type": "content",
            "generations_to_check": 20,
            "generations": 500,
            "optimum_value": 61.5,
            "tolerance": 0.1,
            "structure_tolerance": 0.01,
            "structure_relevant_proportion": 0.98
        }
    }
}