{
    "results": {
        "best": {
            "solution": {
                "class_name": "warrior",
                "variables": {
                    "strength": 75.03099705436928,
                    "agility": 74.9690029456307,
                    "expertise": 0.0,
                    "resistance": 0.0,
                    "life": 0.0,
                    "height": 1.92
                },
                "performance": 41.24453203914548
            },
            "generation": 53
        },
        "last_iterations": [
            {
                "best": {
                    "class_name": "warrior",
                    "performance": 33.00788139742246
                },
                "mean": 15.65887786095732,
                "generation": 1,
                "diversity": 243.98372134730207
            },
            {
                "best": {
                    "class_name": "warrior",
                    "performance": 34.35100552556745
                },
                "mean": 17.381030531854467,
                "generation": 2,
                "diversity": 201.9431726142224
            },
            {
                "best": {
                    "class_name": "warrior",
                    "performance": 33.148935004825006
                },
                "mean": 18.478735721499273,
                "generation": 3,
                "diversity": 184.45962904259872
            },
            {
                "best": {
                    "class_name": "warrior",
                    "performance": 34.41273292484818
                },
                "mean": 19.303057769059375,
                "generation": 4,
                "diversity": 158.55486127900835
            },
            {
                "best": {
                    "class_name": "warrior",
                    "performance": 34.80247700544119
                },
                "mean": 20.535864359861286,
                "generation": 5,
                "diversity": 135.32203304066232
            },
            {
                "best": {
                    "class_name": "warrior",
                    "performance": 36.383890776293036
                },
                "mean": 21.493038026058375,
                "generation": 6,
                "diversity": 122.67617202597171
            },
            {
                "best": {
                    "class_name": "warrior",
                    "performance": 34.393655361928836
                },
                "mean": 22.319561388449728,
                "generation": 7,
                "diversity": 104.61683454401846
            },
            {
                "best": {
                    "class_name": "warrior",
                    "performance": 35.445164026974616
                },
                "mean": 23.2054164109779,
                "generation": 8,
                "diversity": 99.69914962518452
            },
            {
                "best": {
                    "class_name": "warrior",
                    "performance": 40.24510463028058
                },
                "mean": 23.924875522260727,
                "generation": 9,
                "diversity": 97.27867061165763
            },
            {
                "best": {
                    "class_name": "warrior",
                    "performance": 40.24510463028058
                },
                "mean": 25.04857777089621,
                "generation": 10,
                "diversity": 90.16384315464313
            },
            {
                "best": {
                    "class_name": "warrior",
                    "performance": 37.57546346684328
                },
                "mean": 25.341013853253845,
                "generation": 11,
                "diversity": 84.0116291553398
            },
            {
                "best": {
                    "class_name": "warrior",
                    "performance": 38.01102640325544
                },
                "mean": 26.2044558811574,
                "generation": 12,
                "diversity": 73.13151743149871
            },
            {
                "best": {
                    "class_name": "warrior",
                    "performance": 37.96089896586875
                },
                "mean": 26.90110213277844,
                "generation": 13,
                "diversity": 66.38233814135957
            },
            {
                "best": {
                    "class_name": "warrior",
                    "performance": 40.54575710327464
                },
                "mean": 28.129865568171144,
                "generation": 14,
                "diversity": 62.09292940363278
            },
            {
                "best": {
                    "class_name": "warrior",
                    "performance": 40.085748861264314
                },
                "mean": 29.075256749836093,
                "generation": 15,
                "diversity": 57.874348586990116
            },
            {
                "best": {
                    "class_name": "warrior",
                    "performance": 40.085748861264314
                },
                "mean": 30.012299131846447,
                "generation": 16,
                "diversity": 54.61303452092008
            },
            {
                "best": {
                    "class_name": "warrior",
                    "performance": 39.29937771255046
                },
                "mean": 30.616683106093607,
                "generation": 17,
                "diversity": 53.660573389441566
            },
            {
                "best": {
                    "class_name": "warrior",
                    "performance": 39.58923499763172
                },
                "mean": 31.36516141403986,
                "generation": 18,
                "diversity": 53.61195470586616
            },
            {
                "best": {
                    "class_name": "warrior",
                    "performance": 40.67904021789676
                },
                "mean": 32.08782322854678,
                "generation": 19,
                "diversity": 50.390829947780986
            },
            {
                "best": {
                    "class_name": "warrior",
                    "performance": 40.376638068853474
                },
                "mean": 32.52249673539847,
                "generation": 20,
                "diversity": 50.64262208849348
            },
            {
                "best": {
                    "class_name": "warrior",
                    "performance": 40.941517016155075
                },
                "mean": 33.10318843685165,
                "generation": 21,
                "diversity": 45.41253923189191
            },
            {
                "best": {
                    "class_name": "warrior",
                    "performance": 40.941517016155075
                },
                "mean": 33.66736195856847,
                "generation": 22,
                "diversity": 40.466834144160266
            },
            {
                "best": {
                    "class_name": "warrior",
                    "performance": 41.13023828886664
                },
                "mean": 34.05475674540596,
                "generation": 23,
                "diversity": 39.33734736170522
            },
            {
                "best": {
                    "class_name": "warrior",
                    "performance": 41.13023828886664
                },
                "mean": 34.47554569648213,
                "generation": 24,
                "diversity": 37.633697148889
            },
            {
                "best": {
                    "class_name": "warrior",
                    "performance": 41.061020554659386
                },
                "mean": 34.952875715227904,
                "generation": 25,
                "diversity": 36.614903813812425
            },
            {
                "best": {
                    "class_name": "warrior",
                    "performance": 41.010259580420616
                },
                "mean": 35.24319042210077,
                "generation": 26,
                "diversity": 33.75054066635908
            },
            {
                "best": {
                    "class_name": "warrior",
                    "performance": 41.010259580420616
                },
                "mean": 35.35192806413137,
                "generation": 27,
                "diversity": 33.65208958056526
            },
            {
                "best": {
                    "class_name": "warrior",
                    "performance": 40.680745019706116
                },
                "mean": 35.80653249063812,
                "generation": 28,
                "diversity": 31.96255916209057
            },
            {
                "best": {
                    "class_name": "warrior",
                    "performance": 41.123341149602496
                },
                "mean": 36.296281703521935,
                "generation": 29,
                "diversity": 33.59319692798734
            },
            {
                "best": {
                    "class_name": "warrior",
                    "performance": 41.220533175115314
                },
                "mean": 36.663701736676245,
                "generation": 30,
                "diversity": 34.77538602387954
            },
            {
                "best": {
                    "class_name": "warrior",
                    "performance": 41.20442614366929
                },
                "mean": 36.78631901524834,
                "generation": 31,
                "diversity": 34.941756112023135
            },
            {
                "best": {
                    "class_name": "warrior",
                    "performance": 40.82630815336328
                },
                "mean": 36.71596432314862,
                "generation": 32,
                "diversity": 31.544474125209728
            },
            {
                "best": {
                    "class_name": "warrior",
                    "performance": 40.96716530136029
                },
                "mean": 36.974122159176005,
                "generation": 33,
                "diversity": 28.775390710309562
            },
            {
                "best": {
                    "class_name": "warrior",
                    "performance": 41.05247162465603
                },
                "mean": 36.85367953014477,
                "generation": 34,
                "diversity": 31.387648834114867
            },
            {
                "best": {
                    "class_name": "warrior",
                    "performance": 41.224671754451855
                },
                "mean": 37.17587439926406,
                "generation": 35,
                "diversity": 30.61365015545232
            },
            {
                "best": {
                    "class_name": "warrior",
                    "performance": 40.964356279816755
                },
                "mean": 37.39878593902941,
                "generation": 36,
                "diversity": 27.87018989366514
            },
            {
                "best": {
                    "class_name": "warrior",
                    "performance": 41.14687523577608
                },
                "mean": 37.508894028384546,
                "generation": 37,
                "diversity": 27.03934362986534
            },
            {
                "best": {
                    "class_name": "warrior",
                    "performance": 41.14243832550331
                },
                "mean": 37.62981937995429,
                "generation": 38,
                "diversity": 26.115078511636355
            },
            {
                "best": {
                    "class_name": "warrior",
                    "performance": 40.81873509367519
                },
                "mean": 37.45910958338866,
                "generation": 39,
                "diversity": 23.889770073598886
            },
            {
                "best": {
                    "class_name": "warrior",
                    "performance": 40.92003253329842
                },
                "mean": 37.47105302784605,
                "generation": 40,
                "diversity": 24.47337834768498
            },
            {
                "best": {
                    "class_name": "warrior",
                    "performance": 41.11983480998781
                },
                "mean": 37.597805207901885,
                "generation": 41,
                "diversity": 23.719776741389325
            },
            {
                "best": {
                    "class_name": "warrior",
                    "performance": 41.08341313071352
                },
                "mean": 37.56473339790176,
                "generation": 42,
                "diversity": 24.100861071244903
            },
            {
                "best": {
                    "class_name": "warrior",
                    "performance": 41.02092751291844
                },
                "mean": 37.57876680058663,
                "generation": 43,
                "diversity": 24.840295735489637
            },
            {
                "best": {
                    "class_name": "warrior",
                    "performance": 41.21890075462746
                },
                "mean": 37.546763726113426,
                "generation": 44,
                "diversity": 23.347466979018407
            },
            {
                "best": {
                    "class_name": "warrior",
                    "performance": 41.21890075462746
                },
                "mean": 37.612603907983015,
                "generation": 45,
                "diversity": 23.58482907770185
            },
            {
                "best": {
                    "class_name": "warrior",
                    "performance": 41.105143109843745
                },
                "mean": 37.6728315671831,
                "generation": 46,
                "diversity": 23.880476049098775
            },
            {
                "best": {
                    "class_name": "warrior",
                    "performance": 41.22112252210268
                },
                "mean": 37.74357208132206,
                "generation": 47,
                "diversity": 25.575119408249133
            },
            {
                "best": {
                    "class_name": "warrior",
                    "performance": 41.22955948670179
                },
                "mean": 37.93974745511245,
                "generation": 48,
                "diversity": 26.281876584792943
            },
            {
                "best": {
                    "class_name": "warrior",
                    "performance": 41.13544159991004
                },
                "mean": 38.00242802644123,
                "generation": 49,
                "diversity": 26.444759346604258
            },
            {
                "best": {
                    "class_name": "warrior",
                    "performance": 41.230793969747076
                },
                "mean": 38.032899363543926,
                "generation": 50,
                "diversity": 26.102534941194097
            },
            {
                "best": {
                    "class_name": "warrior",
                    "performance": 41.17461930737943
                },
                "mean": 38.21505389366658,
                "generation": 51,
                "diversity": 26.38863871060651
            },
            {
                "best": {
                    "class_name": "warrior",
                    "performance": 41.165317072800256
                },
                "mean": 38.15945428279698,
                "generation": 52,
                "diversity": 26.270324156101314
            },
            {
                "best": {
                    "class_name": "warrior",
                    "performance": 41.24453203914548
                },
                "mean": 38.24511489074652,
                "generation": 53,
                "diversity": 28.235885769290906
            },
            {
                "best": {
                    "class_name": "warrior",
                    "performance": 41.2381266008885
                },
                "mean": 38.28750984986084,
                "generation": 54,
                "diversity": 27.59706723980294
            },
            {
                "best": {
                    "class_name": "warrior",
                    "performance": 41.2381266008885
                },
                "mean": 38.49271436975292,
                "generation": 55,
                "diversity": 27.321299408028608
            },
            {
                "best": {
                    "class_name": "warrior",
                    "performance": 41.2381266008885
                },
                "mean": 38.48967819997695,
                "generation": 56,
                "diversity": 26.84973982564478
            },
            {
                "best": {
                    "class_name": "warrior",
                    "performance": 41.2381266008885
                },
                "mean": 38.37253709073597,
                "generation": 57,
                "diversity": 26.195867997916817
            },
            {
                "best": {
                    "class_name": "warrior",
                    "performance": 41.22626310164759
                },
                "mean": 38.230662719942735,
                "generation": 58,
                "diversity": 23.970448746022456
            },
            {
                "best": {
                    "class_name": "warrior",
                    "performance": 41.24270237960451
                },
                "mean": 38.53094904716347,
                "generation": 59,
                "diversity": 25.09705576224309
            },
            {
                "best": {
                    "class_name": "warrior",
                    "performance": 41.216091222157154
                },
                "mean": 38.43231745095509,
                "generation": 60,
                "diversity": 26.749571014869186
            },
            {
                "best": {
                    "class_name": "warrior",
                    "performance": 41.24027684479359
                },
                "mean": 38.34287505273193,
                "generation": 61,
                "diversity": 25.678405166043778
            },
            {
                "best": {
                    "class_name": "warrior",
                    "performance": 41.24027684479359
                },
                "mean": 38.243077916315066,
                "generation": 62,
                "diversity": 26.032958987323195
            },
            {
                "best": {
                    "class_name": "warrior",
                    "performance": 41.24027684479359
                },
                "mean": 38.137348839431546,
                "generation": 63,
                "diversity": 25.65293790582591
            },
            {
                "best": {
                    "class_name": "warrior",
                    "performance": 41.23399926433239
                },
                "mean": 38.21511556119447,
                "generation": 64,
                "diversity": 25.386577455874846
            },
            {
                "best": {
                    "class_name": "warrior",
                    "performance": 41.2432963821222
                },
                "mean": 38.09537362190164,
                "generation": 65,
                "diversity": 26.006912798251268
            },
            {
                "best": {
                    "class_name": "warrior",
                    "performance": 41.24269375713659
                },
                "mean": 38.19000372847817,
                "generation": 66,
                "diversity": 25.417982305616963
            },
            {
                "best": {
                    "class_name": "warrior",
                    "performance": 41.24269375713659
                },
                "mean": 38.21178879873471,
                "generation": 67,
                "diversity": 26.03538996339392
            },
            {
                "best": {
                    "class_name": "warrior",
                    "performance": 41.24269375713659
                },
                "mean": 38.26156569126349,
                "generation": 68,
                "diversity": 27.696344157477213
            },
            {
                "best": {
                    "class_name": "warrior",
                    "performance": 41.24170878283298
                },
                "mean": 38.39107514991376,
                "generation": 69,
                "diversity": 27.294294697746437
            },
            {
                "best": {
                    "class_name": "warrior",
                    "performance": 41.235945967325186
                },
                "mean": 38.32161993042605,
                "generation": 70,
                "diversity": 25.998241254839176
            },
            {
                "best": {
                    "class_name": "warrior",
                    "performance": 41.18624543470093
                },
                "mean": 38.347918911022354,
                "generation": 71,
                "diversity": 24.642664984573404
            },
            {
                "best": {
                    "class_name": "warrior",
                    "performance": 41.23306328635002
                },
                "mean": 38.50620437214074,
                "generation": 72,
                "diversity": 22.85355950673765
            },
            {
                "best": {
                    "class_name": "warrior",
                    "performance": 41.23575000136876
                },
                "mean": 38.437148835592545,
                "generation": 73,
                "diversity": 22.8931124113297
            }
        ]
    },
    "config": {
        "population_size": 1600,
        "population_to_keep": 800,
        "class_name": "warrior",
        "selection_config_a": {
            "selection_type": "elite",
            "population_to_keep": 400,
            "tournament_size": 50,
            "threshold": 0.75,
            "initial_temperature": 30,
            "temperature_decay": 0.6,
            "min_temperature": 5
        },
        "selection_config_b": {
            "selection_type": "roulette",
            "population_to_keep": 400,
            "tournament_size": 50,
            "threshold": 0.75,
            "initial_temperature": 30,
            "temperature_decay": 0.6,
            "min_temperature": 5
        },
        "selection_config_rate": 0.5,
        "crossover_config": {
            "method": "uniform"
        },
        "mutation_config": {
            "mutation_type": "multi_gen",
            "mutation_rate": 0.2,
            "delta_mutation": 15
        },
        "replacement_config_a": {
            "type": "traditional",
            "quantity": 400,
            "gen_gap": 0.5
        },
        "replacement_config_b": {
            "type": "young_bias",
            "quantity": 400,
            "gen_gap": 0.5
        },
        "replacement_config_rate": 0.5,
        "end_condition_config": {
            "type": "content",
            "generations_to_check": 20,
            "generations": 500,
            "optimum_value": 61.5,
            "tolerance": 0.1,
            "structure_tolerance": 0.01,
            "structure_relevant_proportion": 0.98
        }
    }
}