{
    "results": {
        "best": {
            "solution": {
                "class_name": "warrior",
                "variables": {
                    "strength": 74.88682541069208,
                    "agility": 74.32558002973883,
                    "expertise": 0.7875945595690936,
                    "resistance": 0.0,
                    "life": 0.0,
                    "height": 1.9200000000000002
                },
                "performance": 41.24508124754718
            },
            "generation": 61
        },
        "last_iterations": [
            {
                "best": {
                    "class_name": "warrior",
                    "performance": 30.634431795972624
                },
                "mean": 16.185205426407457,
                "generation": 1,
                "diversity": 235.32197141803158
            },
            {
                "best": {
                    "class_name": "warrior",
                    "performance": 33.34550991367701
                },
                "mean": 16.781352854267126,
                "generation": 2,
                "diversity": 224.7031977418634
            },
            {
                "best": {
                    "class_name": "warrior",
                    "performance": 34.51281649178051
                },
                "mean": 18.566015790531065,
                "generation": 3,
                "diversity": 182.80112659698702
            },
            {
                "best": {
                    "class_name": "warrior",
                    "performance": 34.5399004633772
                },
                "mean": 20.013673403240798,
                "generation": 4,
                "diversity": 149.14680843211576
            },
            {
                "best": {
                    "class_name": "warrior",
                    "performance": 34.40823058684571
                },
                "mean": 20.48885232484365,
                "generation": 5,
                "diversity": 143.99650393785964
            },
            {
                "best": {
                    "class_name": "warrior",
                    "performance": 34.903834649803535
                },
                "mean": 21.13331231785602,
                "generation": 6,
                "diversity": 142.38254574025316
            },
            {
                "best": {
                    "class_name": "warrior",
                    "performance": 34.903834649803535
                },
                "mean": 21.949451232385634,
                "generation": 7,
                "diversity": 137.79498614924802
            },
            {
                "best": {
                    "class_name": "warrior",
                    "performance": 35.51619220036153
                },
                "mean": 23.357579658366422,
                "generation": 8,
                "diversity": 110.24887512375786
            },
            {
                "best": {
                    "class_name": "warrior",
                    "performance": 36.500652532356554
                },
                "mean": 23.880920297021916,
                "generation": 9,
                "diversity": 98.69995153858808
            },
            {
                "best": {
                    "class_name": "warrior",
                    "performance": 39.54425499164242
                },
                "mean": 24.94348412550491,
                "generation": 10,
                "diversity": 90.3970203293921
            },
            {
                "best": {
                    "class_name": "warrior",
                    "performance": 36.65318383861303
                },
                "mean": 25.21751050351504,
                "generation": 11,
                "diversity": 90.30883428804897
            },
            {
                "best": {
                    "class_name": "warrior",
                    "performance": 39.668287537370915
                },
                "mean": 26.024129836129827,
                "generation": 12,
                "diversity": 85.32900108098357
            },
            {
                "best": {
                    "class_name": "warrior",
                    "performance": 39.137436707871856
                },
                "mean": 27.140048323589582,
                "generation": 13,
                "diversity": 74.45819114941591
            },
            {
                "best": {
                    "class_name": "warrior",
                    "performance": 39.882215769204876
                },
                "mean": 27.926713645675008,
                "generation": 14,
                "diversity": 67.26123779598015
            },
            {
                "best": {
                    "class_name": "warrior",
                    "performance": 39.34647048793774
                },
                "mean": 28.873789071889153,
                "generation": 15,
                "diversity": 64.28897112890526
            },
            {
                "best": {
                    "class_name": "warrior",
                    "performance": 40.14628684847403
                },
                "mean": 30.0033080402073,
                "generation": 16,
                "diversity": 62.94525373978087
            },
            {
                "best": {
                    "class_name": "warrior",
                    "performance": 40.79041464196319
                },
                "mean": 30.830889515278916,
                "generation": 17,
                "diversity": 59.24107408188365
            },
            {
                "best": {
                    "class_name": "warrior",
                    "performance": 40.3515855966173
                },
                "mean": 31.3429184017561,
                "generation": 18,
                "diversity": 59.17625218373587
            },
            {
                "best": {
                    "class_name": "warrior",
                    "performance": 40.90342399706081
                },
                "mean": 31.98604738112927,
                "generation": 19,
                "diversity": 56.48371233669973
            },
            {
                "best": {
                    "class_name": "warrior",
                    "performance": 40.81640033016286
                },
                "mean": 32.74038976834869,
                "generation": 20,
                "diversity": 51.1028296845978
            },
            {
                "best": {
                    "class_name": "warrior",
                    "performance": 40.73305885006879
                },
                "mean": 33.38293452345825,
                "generation": 21,
                "diversity": 49.0969148503325
            },
            {
                "best": {
                    "class_name": "warrior",
                    "performance": 41.096052523428355
                },
                "mean": 33.98250804565277,
                "generation": 22,
                "diversity": 46.96899425903618
            },
            {
                "best": {
                    "class_name": "warrior",
                    "performance": 41.096052523428355
                },
                "mean": 34.28846219174836,
                "generation": 23,
                "diversity": 46.98013156915076
            },
            {
                "best": {
                    "class_name": "warrior",
                    "performance": 41.09190502589272
                },
                "mean": 34.83373796536502,
                "generation": 24,
                "diversity": 45.70538331672726
            },
            {
                "best": {
                    "class_name": "warrior",
                    "performance": 41.09190502589272
                },
                "mean": 35.103262537337606,
                "generation": 25,
                "diversity": 44.91166945044156
            },
            {
                "best": {
                    "class_name": "warrior",
                    "performance": 40.910249842685474
                },
                "mean": 35.6865177803525,
                "generation": 26,
                "diversity": 43.16861539845502
            },
            {
                "best": {
                    "class_name": "warrior",
                    "performance": 40.94801854676236
                },
                "mean": 36.17302322835775,
                "generation": 27,
                "diversity": 41.94687492032347
            },
            {
                "best": {
                    "class_name": "warrior",
                    "performance": 41.1711817835526
                },
                "mean": 36.34042248160736,
                "generation": 28,
                "diversity": 39.592562506159396
            },
            {
                "best": {
                    "class_name": "warrior",
                    "performance": 41.03973287655226
                },
                "mean": 36.5920023660455,
                "generation": 29,
                "diversity": 38.768165758469024
            },
            {
                "best": {
                    "class_name": "warrior",
                    "performance": 41.00839614905231
                },
                "mean": 37.00134718326253,
                "generation": 30,
                "diversity": 35.284913123103856
            },
            {
                "best": {
                    "class_name": "warrior",
                    "performance": 41.07938879497246
                },
                "mean": 37.32582775319162,
                "generation": 31,
                "diversity": 34.47674668335258
            },
            {
                "best": {
                    "class_name": "warrior",
                    "performance": 41.12167425835387
                },
                "mean": 37.46406344043252,
                "generation": 32,
                "diversity": 31.92999669318571
            },
            {
                "best": {
                    "class_name": "warrior",
                    "performance": 41.073515609996655
                },
                "mean": 37.43973792839109,
                "generation": 33,
                "diversity": 31.83996566355002
            },
            {
                "best": {
                    "class_name": "warrior",
                    "performance": 41.208591363950674
                },
                "mean": 37.325862838840955,
                "generation": 34,
                "diversity": 29.586635439075263
            },
            {
                "best": {
                    "class_name": "warrior",
                    "performance": 41.18925973632191
                },
                "mean": 37.56154381744266,
                "generation": 35,
                "diversity": 31.46815478781561
            },
            {
                "best": {
                    "class_name": "warrior",
                    "performance": 41.197707210830536
                },
                "mean": 37.667392644408686,
                "generation": 36,
                "diversity": 28.660524509938337
            },
            {
                "best": {
                    "class_name": "warrior",
                    "performance": 41.17387245482174
                },
                "mean": 37.553184985694365,
                "generation": 37,
                "diversity": 29.886361720482885
            },
            {
                "best": {
                    "class_name": "warrior",
                    "performance": 41.214390410517105
                },
                "mean": 37.47223149450875,
                "generation": 38,
                "diversity": 30.633019705059652
            },
            {
                "best": {
                    "class_name": "warrior",
                    "performance": 41.184973693665626
                },
                "mean": 37.64575714055932,
                "generation": 39,
                "diversity": 29.95077912671373
            },
            {
                "best": {
                    "class_name": "warrior",
                    "performance": 41.18611821067692
                },
                "mean": 37.64078067511043,
                "generation": 40,
                "diversity": 31.369531622793108
            },
            {
                "best": {
                    "class_name": "warrior",
                    "performance": 41.18611821067692
                },
                "mean": 37.86739321615791,
                "generation": 41,
                "diversity": 31.28716712380096
            },
            {
                "best": {
                    "class_name": "warrior",
                    "performance": 41.22180254490731
                },
                "mean": 37.737109174876785,
                "generation": 42,
                "diversity": 28.63503288369644
            },
            {
                "best": {
                    "class_name": "warrior",
                    "performance": 41.24379483185784
                },
                "mean": 37.85740422891042,
                "generation": 43,
                "diversity": 29.1299058786303
            },
            {
                "best": {
                    "class_name": "warrior",
                    "performance": 41.24379483185784
                },
                "mean": 37.97357758198318,
                "generation": 44,
                "diversity": 27.913487517546688
            },
            {
                "best": {
                    "class_name": "warrior",
                    "performance": 41.24314628382221
                },
                "mean": 38.139449086516564,
                "generation": 45,
                "diversity": 28.195880572636312
            },
            {
                "best": {
                    "class_name": "warrior",
                    "performance": 41.160610374011306
                },
                "mean": 38.21177130883875,
                "generation": 46,
                "diversity": 28.281698580750003
            },
            {
                "best": {
                    "class_name": "warrior",
                    "performance": 41.24361296017656
                },
                "mean": 38.11620657202239,
                "generation": 47,
                "diversity": 27.403591061284292
            },
            {
                "best": {
                    "class_name": "warrior",
                    "performance": 41.231900592003896
                },
                "mean": 38.1845161301258,
                "generation": 48,
                "diversity": 26.196943122894936
            },
            {
                "best": {
                    "class_name": "warrior",
                    "performance": 41.24178623355996
                },
                "mean": 38.13737259287219,
                "generation": 49,
                "diversity": 24.18353246300823
            },
            {
                "best": {
                    "class_name": "warrior",
                    "performance": 41.24178623355996
                },
                "mean": 38.27807373046487,
                "generation": 50,
                "diversity": 23.80373242416495
            },
            {
                "best": {
                    "class_name": "warrior",
                    "performance": 41.24161981828476
                },
                "mean": 38.342173642826204,
                "generation": 51,
                "diversity": 23.31322583318334
            },
            {
                "best": {
                    "class_name": "warrior",
                    "performance": 41.24365946536539
                },
                "mean": 38.310015455687854,
                "generation": 52,
                "diversity": 24.77895090454497
            },
            {
                "best": {
                    "class_name": "warrior",
                    "performance": 41.241577793293224
                },
                "mean": 38.48434074495172,
                "generation": 53,
                "diversity": 23.213264835662276
            },
            {
                "best": {
                    "class_name": "warrior",
                    "performance": 41.24123673158906
                },
                "mean": 38.36744193738835,
                "generation": 54,
                "diversity": 25.154248361303402
            },
            {
                "best": {
                    "class_name": "warrior",
                    "performance": 41.24435825098231
                },
                "mean": 38.321305071359525,
                "generation": 55,
                "diversity": 26.742859602470883
            },
            {
                "best": {
                    "class_name": "warrior",
                    "performance": 41.244465409736215
                },
                "mean": 38.21443807454687,
                "generation": 56,
                "diversity": 29.140056700013606
            },
            {
                "best": {
                    "class_name": "warrior",
                    "performance": 41.244465409736215
                },
                "mean": 38.37731445993804,
                "generation": 57,
                "diversity": 27.000232288976225
            },
            {
                "best": {
                    "class_name": "warrior",
                    "performance": 41.241838959090465
                },
                "mean": 38.43128713152076,
                "generation": 58,
                "diversity": 26.669082427916624
            },
            {
                "best": {
                    "class_name": "warrior",
                    "performance": 41.238365972141615
                },
                "mean": 38.52556417732009,
                "generation": 59,
                "diversity": 26.80071356860479
            },
            {
                "best": {
                    "class_name": "warrior",
                    "performance": 41.24388878563524
                },
                "mean": 38.60230793114061,
                "generation": 60,
                "diversity": 26.62808615625457
            },
            {
                "best": {
                    "class_name": "warrior",
                    "performance": 41.24508124754718
                },
                "mean": 38.57937585210426,
                "generation": 61,
                "diversity": 24.24096266350716
            },
            {
                "best": {
                    "class_name": "warrior",
                    "performance": 41.237190795239236
                },
                "mean": 38.48246374300974,
                "generation": 62,
                "diversity": 24.332977062966773
            },
            {
                "best": {
                    "class_name": "warrior",
                    "performance": 41.24191528752919
                },
                "mean": 38.45586019146567,
                "generation": 63,
                "diversity": 25.44894857625771
            },
            {
                "best": {
                    "class_name": "warrior",
                    "performance": 41.24352257687572
                },
                "mean": 38.499299103752186,
                "generation": 64,
                "diversity": 26.470736903832517
            },
            {
                "best": {
                    "class_name": "warrior",
                    "performance": 41.24191528752919
                },
                "mean": 38.35554262323164,
                "generation": 65,
                "diversity": 25.904567258175188
            },
            {
                "best": {
                    "class_name": "warrior",
                    "performance": 41.24253150114588
                },
                "mean": 38.20333838393362,
                "generation": 66,
                "diversity": 26.19562645400998
            },
            {
                "best": {
                    "class_name": "warrior",
                    "performance": 41.24451673371521
                },
                "mean": 38.309992826147386,
                "generation": 67,
                "diversity": 24.490147025745998
            },
            {
                "best": {
                    "class_name": "warrior",
                    "performance": 41.24383137284353
                },
                "mean": 38.491246311735964,
                "generation": 68,
                "diversity": 23.790890543308034
            },
            {
                "best": {
                    "class_name": "warrior",
                    "performance": 41.24383137284353
                },
                "mean": 38.45805626206666,
                "generation": 69,
                "diversity": 23.992676157357252
            },
            {
                "best": {
                    "class_name": "warrior",
                    "performance": 41.241675498442795
                },
                "mean": 38.50750286858387,
                "generation": 70,
                "diversity": 23.387075856548403
            },
            {
                "best": {
                    "class_name": "warrior",
                    "performance": 41.243239052065846
                },
                "mean": 38.66905436771171,
                "generation": 71,
                "diversity": 21.991822175824748
            },
            {
                "best": {
                    "class_name": "warrior",
                    "performance": 41.24451509908651
                },
                "mean": 38.766857928764644,
                "generation": 72,
                "diversity": 21.6373496767087
            },
            {
                "best": {
                    "class_name": "warrior",
                    "performance": 41.2445236899821
                },
                "mean": 38.72420843795555,
                "generation": 73,
                "diversity": 22.31267891859292
            },
            {
                "best": {
                    "class_name": "warrior",
                    "performance": 41.2445236899821
                },
                "mean": 38.680228842437316,
                "generation": 74,
                "diversity": 22.341928053834568
            },
            {
                "best": {
                    "class_name": "warrior",
                    "performance": 41.24451509908651
                },
                "mean": 38.688808573319974,
                "generation": 75,
                "diversity": 22.01984338643768
            },
            {
                "best": {
                    "class_name": "warrior",
                    "performance": 41.24441783768954
                },
                "mean": 38.72481456389009,
                "generation": 76,
                "diversity": 22.012902622205036
            },
            {
                "best": {
                    "class_name": "warrior",
                    "performance": 41.24325476093659
                },
                "mean": 38.75967604662905,
                "generation": 77,
                "diversity": 20.931686283065222
            },
            {
                "best": {
                    "class_name": "warrior",
                    "performance": 41.24279223659026
                },
                "mean": 38.751519414412506,
                "generation": 78,
                "diversity": 21.749517708408877
            },
            {
                "best": {
                    "class_name": "warrior",
                    "performance": 41.243988042500376
                },
                "mean": 38.80413181005183,
                "generation": 79,
                "diversity": 21.178285031432058
            },
            {
                "best": {
                    "class_name": "warrior",
                    "performance": 41.244511204269344
                },
                "mean": 38.8659819874569,
                "generation": 80,
                "diversity": 19.378842355791228
            },
            {
                "best": {
                    "class_name": "warrior",
                    "performance": 41.242541405179374
                },
                "mean": 38.824449748072595,
                "generation": 81,
                "diversity": 19.517627037503647
            }
        ]
    },
    "config": {
        "population_size": 1900,
        "population_to_keep": 950,
        "class_name": "warrior",
        "selection_config_a": {
            "selection_type": "elite",
            "population_to_keep": 475,
            "tournament_size": 50,
            "threshold": 0.75,
            "initial_temperature": 30,
            "temperature_decay": 0.6,
            "min_temperature": 5
        },
        "selection_config_b": {
            "selection_type": "roulette",
            "population_to_keep": 475,
            "tournament_size": 50,
            "threshold": 0.75,
            "initial_temperature": 30,
            "temperature_decay": 0.6,
            "min_temperature": 5
        },
        "selection_config_rate": 0.5,
        "crossover_config": {
            "method": "uniform"
        },
        "mutation_config": {
            "mutation_type": "multi_gen",
            "mutation_rate": 0.2,
            "delta_mutation": 15
        },
        "replacement_config_a": {
            "type": "traditional",
            "quantity": 475,
            "gen_gap": 0.5
        },
        "replacement_config_b": {
            "type": "young_bias",
            "quantity": 475,
            "gen_gap": 0.5
        },
        "replacement_config_rate": 0.5,
        "end_condition_config": {
            "type": "content",
            "generations_to_check": 20,
            "generations": 500,
            "optimum_value": 61.5,
            "tolerance": 0.1,
            "structure_tolerance": 0.01,
            "structure_relevant_proportion": 0.98
        }
    }
}