{
    "results": {
        "best": {
            "solution": {
                "class_name": "warrior",
                "variables": {
                    "strength": 74.76334476839325,
                    "agility": 74.46064918445478,
                    "expertise": 0.7760060471519854,
                    "resistance": 0.0,
                    "life": 0.0,
                    "height": 1.9200000000000002
                },
                "performance": 41.24519428120758
            },
            "generation": 31
        },
        "last_iterations": [
            {
                "best": {
                    "class_name": "warrior",
                    "performance": 30.717466753511392
                },
                "mean": 15.407779493520799,
                "generation": 0,
                "diversity": 238.23415453096484
            },
            {
                "best": {
                    "class_name": "warrior",
                    "performance": 33.04580265223335
                },
                "mean": 16.17883288829853,
                "generation": 1,
                "diversity": 244.2648375821985
            },
            {
                "best": {
                    "class_name": "warrior",
                    "performance": 34.451675875126476
                },
                "mean": 17.472822491501372,
                "generation": 2,
                "diversity": 225.32836053337815
            },
            {
                "best": {
                    "class_name": "warrior",
                    "performance": 34.14378350665892
                },
                "mean": 18.295696209376626,
                "generation": 3,
                "diversity": 227.13487305676605
            },
            {
                "best": {
                    "class_name": "warrior",
                    "performance": 35.83250117531314
                },
                "mean": 19.038681244905426,
                "generation": 4,
                "diversity": 207.8302002477632
            },
            {
                "best": {
                    "class_name": "warrior",
                    "performance": 38.71947723774258
                },
                "mean": 19.335071397618265,
                "generation": 5,
                "diversity": 213.15217806703149
            },
            {
                "best": {
                    "class_name": "warrior",
                    "performance": 36.92474266594505
                },
                "mean": 20.80183905856489,
                "generation": 6,
                "diversity": 196.04813141281974
            },
            {
                "best": {
                    "class_name": "warrior",
                    "performance": 40.49587836375014
                },
                "mean": 21.687434028334145,
                "generation": 7,
                "diversity": 199.8359489010561
            },
            {
                "best": {
                    "class_name": "warrior",
                    "performance": 39.01069383759362
                },
                "mean": 22.838387881164284,
                "generation": 8,
                "diversity": 184.19842481895955
            },
            {
                "best": {
                    "class_name": "warrior",
                    "performance": 39.66085742943756
                },
                "mean": 24.085662726757253,
                "generation": 9,
                "diversity": 170.95906157664604
            },
            {
                "best": {
                    "class_name": "warrior",
                    "performance": 39.55015285999874
                },
                "mean": 25.149407129783384,
                "generation": 10,
                "diversity": 154.25378957978256
            },
            {
                "best": {
                    "class_name": "warrior",
                    "performance": 39.41816912803969
                },
                "mean": 26.437637981026747,
                "generation": 11,
                "diversity": 140.4983840000098
            },
            {
                "best": {
                    "class_name": "warrior",
                    "performance": 40.091570073640376
                },
                "mean": 27.330585096946205,
                "generation": 12,
                "diversity": 130.35602773462438
            },
            {
                "best": {
                    "class_name": "warrior",
                    "performance": 39.665062620535515
                },
                "mean": 28.143022334613235,
                "generation": 13,
                "diversity": 125.1143367988169
            },
            {
                "best": {
                    "class_name": "warrior",
                    "performance": 40.94748271355694
                },
                "mean": 29.080310127335288,
                "generation": 14,
                "diversity": 115.200320653024
            },
            {
                "best": {
                    "class_name": "warrior",
                    "performance": 40.71149890361456
                },
                "mean": 29.333751184533003,
                "generation": 15,
                "diversity": 111.01969823183775
            },
            {
                "best": {
                    "class_name": "warrior",
                    "performance": 41.12480717145832
                },
                "mean": 30.053835570774158,
                "generation": 16,
                "diversity": 108.22890345872581
            },
            {
                "best": {
                    "class_name": "warrior",
                    "performance": 41.12480717145832
                },
                "mean": 30.8266567479091,
                "generation": 17,
                "diversity": 103.38121063851844
            },
            {
                "best": {
                    "class_name": "warrior",
                    "performance": 41.139393393574245
                },
                "mean": 31.09352601726469,
                "generation": 18,
                "diversity": 105.82645923944678
            },
            {
                "best": {
                    "class_name": "warrior",
                    "performance": 41.2120170279363
                },
                "mean": 31.503651085554758,
                "generation": 19,
                "diversity": 101.1680866966293
            },
            {
                "best": {
                    "class_name": "warrior",
                    "performance": 41.15614786473697
                },
                "mean": 31.71685891569791,
                "generation": 20,
                "diversity": 103.84869604029764
            },
            {
                "best": {
                    "class_name": "warrior",
                    "performance": 41.12455478257268
                },
                "mean": 31.675488326687226,
                "generation": 21,
                "diversity": 105.69353027394699
            },
            {
                "best": {
                    "class_name": "warrior",
                    "performance": 41.242076321215336
                },
                "mean": 31.91148342378329,
                "generation": 22,
                "diversity": 109.93213226125924
            },
            {
                "best": {
                    "class_name": "warrior",
                    "performance": 41.190848187450506
                },
                "mean": 32.102597508672,
                "generation": 23,
                "diversity": 105.25333674991931
            },
            {
                "best": {
                    "class_name": "warrior",
                    "performance": 41.164672813046174
                },
                "mean": 32.44510313919311,
                "generation": 24,
                "diversity": 105.10054695089978
            },
            {
                "best": {
                    "class_name": "warrior",
                    "performance": 41.031338613599225
                },
                "mean": 32.925256670655216,
                "generation": 25,
                "diversity": 102.86365320480216
            },
            {
                "best": {
                    "class_name": "warrior",
                    "performance": 41.110242943980744
                },
                "mean": 33.037659192393235,
                "generation": 26,
                "diversity": 99.77230381722671
            },
            {
                "best": {
                    "class_name": "warrior",
                    "performance": 41.244479062728466
                },
                "mean": 33.27419588988709,
                "generation": 27,
                "diversity": 97.39194618007606
            },
            {
                "best": {
                    "class_name": "warrior",
                    "performance": 41.244479062728466
                },
                "mean": 33.480962276768686,
                "generation": 28,
                "diversity": 91.13950998735005
            },
            {
                "best": {
                    "class_name": "warrior",
                    "performance": 41.244479062728466
                },
                "mean": 33.51092132354413,
                "generation": 29,
                "diversity": 91.63843686789556
            },
            {
                "best": {
                    "class_name": "warrior",
                    "performance": 41.244479062728466
                },
                "mean": 33.686647985367316,
                "generation": 30,
                "diversity": 83.5215413021788
            },
            {
                "best": {
                    "class_name": "warrior",
                    "performance": 41.24519428120758
                },
                "mean": 33.661001773616725,
                "generation": 31,
                "diversity": 82.52651231543219
            },
            {
                "best": {
                    "class_name": "warrior",
                    "performance": 41.244479062728466
                },
                "mean": 33.956424808191485,
                "generation": 32,
                "diversity": 81.3641532272665
            },
            {
                "best": {
                    "class_name": "warrior",
                    "performance": 41.23597966052581
                },
                "mean": 33.89207393013476,
                "generation": 33,
                "diversity": 78.77681808907056
            },
            {
                "best": {
                    "class_name": "warrior",
                    "performance": 41.12898934166964
                },
                "mean": 33.86144717803354,
                "generation": 34,
                "diversity": 83.42831031183614
            },
            {
                "best": {
                    "class_name": "warrior",
                    "performance": 41.23727916249633
                },
                "mean": 33.93064096107481,
                "generation": 35,
                "diversity": 80.97660236459534
            },
            {
                "best": {
                    "class_name": "warrior",
                    "performance": 41.23429576897555
                },
                "mean": 34.0848530471903,
                "generation": 36,
                "diversity": 78.62590421829543
            },
            {
                "best": {
                    "class_name": "warrior",
                    "performance": 41.23509888492597
                },
                "mean": 33.98046683338098,
                "generation": 37,
                "diversity": 77.4093337135922
            },
            {
                "best": {
                    "class_name": "warrior",
                    "performance": 41.2437247793437
                },
                "mean": 33.67318441335645,
                "generation": 38,
                "diversity": 82.93040672137808
            },
            {
                "best": {
                    "class_name": "warrior",
                    "performance": 41.13854256589779
                },
                "mean": 33.734859594845226,
                "generation": 39,
                "diversity": 80.97514418329662
            },
            {
                "best": {
                    "class_name": "warrior",
                    "performance": 41.04937050425385
                },
                "mean": 33.40900285318112,
                "generation": 40,
                "diversity": 80.28075348511851
            },
            {
                "best": {
                    "class_name": "warrior",
                    "performance": 41.14576706236205
                },
                "mean": 33.75646888886161,
                "generation": 41,
                "diversity": 73.92745972493756
            },
            {
                "best": {
                    "class_name": "warrior",
                    "performance": 41.22150943573637
                },
                "mean": 33.8626881438544,
                "generation": 42,
                "diversity": 72.67689464580974
            },
            {
                "best": {
                    "class_name": "warrior",
                    "performance": 41.23790224195015
                },
                "mean": 34.378421921518864,
                "generation": 43,
                "diversity": 65.05499892971851
            },
            {
                "best": {
                    "class_name": "warrior",
                    "performance": 41.23255846942351
                },
                "mean": 34.04527510475952,
                "generation": 44,
                "diversity": 71.84949529987914
            },
            {
                "best": {
                    "class_name": "warrior",
                    "performance": 41.2433353602747
                },
                "mean": 34.02906164889654,
                "generation": 45,
                "diversity": 70.137374095717
            },
            {
                "best": {
                    "class_name": "warrior",
                    "performance": 41.24442167551867
                },
                "mean": 34.10565863590318,
                "generation": 46,
                "diversity": 68.7432592586595
            },
            {
                "best": {
                    "class_name": "warrior",
                    "performance": 41.19202866528752
                },
                "mean": 34.17302478288744,
                "generation": 47,
                "diversity": 65.97741380515272
            },
            {
                "best": {
                    "class_name": "warrior",
                    "performance": 41.09759272788355
                },
                "mean": 34.180249235522034,
                "generation": 48,
                "diversity": 69.84188420370664
            },
            {
                "best": {
                    "class_name": "warrior",
                    "performance": 41.18746381142605
                },
                "mean": 34.18845465239132,
                "generation": 49,
                "diversity": 66.59570311720785
            },
            {
                "best": {
                    "class_name": "warrior",
                    "performance": 41.20026286773403
                },
                "mean": 34.18120688500567,
                "generation": 50,
                "diversity": 65.95060208354933
            },
            {
                "best": {
                    "class_name": "warrior",
                    "performance": 41.20026286773403
                },
                "mean": 34.046446871696425,
                "generation": 51,
                "diversity": 62.31398314742297
            }
        ]
    },
    "config": {
        "population_size": 1100,
        "population_to_keep": 825,
        "class_name": "warrior",
        "selection_config_a": {
            "selection_type": "elite",
            "population_to_keep": 330,
            "tournament_size": 50,
            "threshold": 0.75,
            "initial_temperature": 30,
            "temperature_decay": 0.6,
            "min_temperature": 5
        },
        "selection_config_b": {
            "selection_type": "ranking",
            "population_to_keep": 495,
            "tournament_size": 50,
            "threshold": 0.75,
            "initial_temperature": 30,
            "temperature_decay": 0.6,
            "min_temperature": 5
        },
        "selection_config_rate": 0.4,
        "crossover_config": {
            "method": "uniform"
        },
        "mutation_config": {
            "mutation_type": "multi_gen",
            "mutation_rate": 0.3,
            "delta_mutation": 30
        },
        "replacement_config_a": {
            "type": "traditional",
            "quantity": 248,
            "gen_gap": 0.5
        },
        "replacement_config_b": {
            "type": "young_bias",
            "quantity": 577,
            "gen_gap": 0.5
        },
        "replacement_config_rate": 0.3,
        "end_condition_config": {
            "type": "content",
            "generations_to_check": 20,
            "generations": 500,
            "optimum_value": 61.5,
            "tolerance": 0.1,
            "structure_tolerance": 0.01,
            "structure_relevant_proportion": 0.98
        }
    }
}