{
    "results": {
        "best": {
            "solution": {
                "class_name": "warrior",
                "variables": {
                    "strength": 76.63774357468914,
                    "agility": 73.36225642531086,
                    "expertise": 0,
                    "resistance": 0.0,
                    "life": 0.0,
                    "height": 1.91
                },
                "performance": 41.22011499494287
            },
            "generation": 30
        },
        "last_iterations": [
            {
                "best": {
                    "class_name": "warrior",
                    "performance": 29.221606970673086
                },
                "mean": 14.985770197435206,
                "generation": 0,
                "diversity": 309.42788565181246
            },
            {
                "best": {
                    "class_name": "warrior",
                    "performance": 31.290096361740776
                },
                "mean": 17.284680091894444,
                "generation": 1,
                "diversity": 268.0951349620155
            },
            {
                "best": {
                    "class_name": "warrior",
                    "performance": 29.46504903993433
                },
                "mean": 18.503870445451902,
                "generation": 2,
                "diversity": 217.11396230973926
            },
            {
                "best": {
                    "class_name": "warrior",
                    "performance": 29.46504903993433
                },
                "mean": 19.430944678511562,
                "generation": 3,
                "diversity": 184.64289280771607
            },
            {
                "best": {
                    "class_name": "warrior",
                    "performance": 31.132653505251998
                },
                "mean": 20.285316185202934,
                "generation": 4,
                "diversity": 185.59382364209762
            },
            {
                "best": {
                    "class_name": "warrior",
                    "performance": 39.52437058321148
                },
                "mean": 22.243767150885077,
                "generation": 5,
                "diversity": 202.5290879819718
            },
            {
                "best": {
                    "class_name": "warrior",
                    "performance": 40.92992821025033
                },
                "mean": 24.22164006684105,
                "generation": 6,
                "diversity": 167.36875172776513
            },
            {
                "best": {
                    "class_name": "warrior",
                    "performance": 39.756460949340465
                },
                "mean": 25.11778755041372,
                "generation": 7,
                "diversity": 171.88630432464183
            },
            {
                "best": {
                    "class_name": "warrior",
                    "performance": 39.756460949340465
                },
                "mean": 25.772970342390362,
                "generation": 8,
                "diversity": 179.74832534564143
            },
            {
                "best": {
                    "class_name": "warrior",
                    "performance": 39.756460949340465
                },
                "mean": 27.359535107655404,
                "generation": 9,
                "diversity": 156.7709343821396
            },
            {
                "best": {
                    "class_name": "warrior",
                    "performance": 39.756460949340465
                },
                "mean": 28.43431468473718,
                "generation": 10,
                "diversity": 140.26849430342466
            },
            {
                "best": {
                    "class_name": "warrior",
                    "performance": 39.756460949340465
                },
                "mean": 29.96724663605008,
                "generation": 11,
                "diversity": 109.02163346415166
            },
            {
                "best": {
                    "class_name": "warrior",
                    "performance": 40.7774060002646
                },
                "mean": 30.060862140244378,
                "generation": 12,
                "diversity": 102.90572036145699
            },
            {
                "best": {
                    "class_name": "warrior",
                    "performance": 40.7774060002646
                },
                "mean": 30.543581681052274,
                "generation": 13,
                "diversity": 104.33300201719499
            },
            {
                "best": {
                    "class_name": "warrior",
                    "performance": 39.58901167457239
                },
                "mean": 31.570689433223258,
                "generation": 14,
                "diversity": 107.95833072370817
            },
            {
                "best": {
                    "class_name": "warrior",
                    "performance": 39.69064977147807
                },
                "mean": 31.900004657710287,
                "generation": 15,
                "diversity": 95.38720342166624
            },
            {
                "best": {
                    "class_name": "warrior",
                    "performance": 39.838309344714496
                },
                "mean": 32.385184614465864,
                "generation": 16,
                "diversity": 83.33355355475146
            },
            {
                "best": {
                    "class_name": "warrior",
                    "performance": 39.56812577572389
                },
                "mean": 32.66872218649916,
                "generation": 17,
                "diversity": 85.13020096815377
            },
            {
                "best": {
                    "class_name": "warrior",
                    "performance": 39.56812577572389
                },
                "mean": 33.16091962554294,
                "generation": 18,
                "diversity": 75.89884431595833
            },
            {
                "best": {
                    "class_name": "warrior",
                    "performance": 40.928627404802704
                },
                "mean": 34.86659251164195,
                "generation": 19,
                "diversity": 52.500862493246764
            },
            {
                "best": {
                    "class_name": "warrior",
                    "performance": 40.92647329585002
                },
                "mean": 34.268675503953816,
                "generation": 20,
                "diversity": 57.18330936321417
            },
            {
                "best": {
                    "class_name": "warrior",
                    "performance": 40.44798339578414
                },
                "mean": 33.90755705972618,
                "generation": 21,
                "diversity": 50.12363674685384
            },
            {
                "best": {
                    "class_name": "warrior",
                    "performance": 39.569382613506654
                },
                "mean": 33.86289112431388,
                "generation": 22,
                "diversity": 45.353684136118005
            },
            {
                "best": {
                    "class_name": "warrior",
                    "performance": 39.93171937265374
                },
                "mean": 33.77167239252106,
                "generation": 23,
                "diversity": 43.72601370537449
            },
            {
                "best": {
                    "class_name": "warrior",
                    "performance": 40.125322390200765
                },
                "mean": 33.44222052642105,
                "generation": 24,
                "diversity": 54.84380243238676
            },
            {
                "best": {
                    "class_name": "warrior",
                    "performance": 41.139162052589924
                },
                "mean": 33.45393633947453,
                "generation": 25,
                "diversity": 59.57585347068067
            },
            {
                "best": {
                    "class_name": "warrior",
                    "performance": 41.20090867437158
                },
                "mean": 34.56988761716968,
                "generation": 26,
                "diversity": 58.07461289515586
            },
            {
                "best": {
                    "class_name": "warrior",
                    "performance": 40.43044801581829
                },
                "mean": 34.413165965145524,
                "generation": 27,
                "diversity": 48.07999879673185
            },
            {
                "best": {
                    "class_name": "warrior",
                    "performance": 40.49294512262806
                },
                "mean": 34.69757615685986,
                "generation": 28,
                "diversity": 59.82976088012372
            },
            {
                "best": {
                    "class_name": "warrior",
                    "performance": 40.49294512262806
                },
                "mean": 35.21395419136349,
                "generation": 29,
                "diversity": 58.683983301739886
            },
            {
                "best": {
                    "class_name": "warrior",
                    "performance": 41.22011499494287
                },
                "mean": 34.8814753786141,
                "generation": 30,
                "diversity": 56.480155688100986
            },
            {
                "best": {
                    "class_name": "warrior",
                    "performance": 40.6730564304793
                },
                "mean": 34.65054692111979,
                "generation": 31,
                "diversity": 57.20366598767552
            },
            {
                "best": {
                    "class_name": "warrior",
                    "performance": 41.03003149563992
                },
                "mean": 34.343299043511834,
                "generation": 32,
                "diversity": 56.75192307546883
            },
            {
                "best": {
                    "class_name": "warrior",
                    "performance": 41.03003149563992
                },
                "mean": 33.7202375107605,
                "generation": 33,
                "diversity": 52.82312140446101
            },
            {
                "best": {
                    "class_name": "warrior",
                    "performance": 41.03003149563992
                },
                "mean": 33.62375187874258,
                "generation": 34,
                "diversity": 52.554956056087974
            },
            {
                "best": {
                    "class_name": "warrior",
                    "performance": 41.05972851576197
                },
                "mean": 34.55973169327821,
                "generation": 35,
                "diversity": 49.94085231968956
            },
            {
                "best": {
                    "class_name": "warrior",
                    "performance": 40.80668836250509
                },
                "mean": 35.04759172561298,
                "generation": 36,
                "diversity": 48.08461409582918
            },
            {
                "best": {
                    "class_name": "warrior",
                    "performance": 40.9136681168436
                },
                "mean": 34.51067214138491,
                "generation": 37,
                "diversity": 50.49052074210098
            },
            {
                "best": {
                    "class_name": "warrior",
                    "performance": 40.69900303074499
                },
                "mean": 34.311562053679225,
                "generation": 38,
                "diversity": 45.34626298082449
            },
            {
                "best": {
                    "class_name": "warrior",
                    "performance": 40.880059587878
                },
                "mean": 34.090846459976405,
                "generation": 39,
                "diversity": 59.231675370381076
            },
            {
                "best": {
                    "class_name": "warrior",
                    "performance": 41.019829159122565
                },
                "mean": 34.12450691451508,
                "generation": 40,
                "diversity": 60.31261024894983
            },
            {
                "best": {
                    "class_name": "warrior",
                    "performance": 41.13281049419361
                },
                "mean": 34.273788887193845,
                "generation": 41,
                "diversity": 51.34652784873105
            },
            {
                "best": {
                    "class_name": "warrior",
                    "performance": 41.13281049419361
                },
                "mean": 34.37452638851977,
                "generation": 42,
                "diversity": 62.37783002964156
            },
            {
                "best": {
                    "class_name": "warrior",
                    "performance": 40.95809844830175
                },
                "mean": 34.53821361185347,
                "generation": 43,
                "diversity": 48.751579603805304
            },
            {
                "best": {
                    "class_name": "warrior",
                    "performance": 41.06093175146396
                },
                "mean": 34.93837613789733,
                "generation": 44,
                "diversity": 51.19887775419752
            },
            {
                "best": {
                    "class_name": "warrior",
                    "performance": 40.517589693120854
                },
                "mean": 34.85913497474309,
                "generation": 45,
                "diversity": 58.83869560411788
            },
            {
                "best": {
                    "class_name": "warrior",
                    "performance": 40.835745193326794
                },
                "mean": 34.69832087845983,
                "generation": 46,
                "diversity": 69.49500726718516
            },
            {
                "best": {
                    "class_name": "warrior",
                    "performance": 40.835745193326794
                },
                "mean": 35.91041611267161,
                "generation": 47,
                "diversity": 54.64566834248064
            },
            {
                "best": {
                    "class_name": "warrior",
                    "performance": 41.06819907599132
                },
                "mean": 35.42755244953326,
                "generation": 48,
                "diversity": 52.265378007246646
            },
            {
                "best": {
                    "class_name": "warrior",
                    "performance": 40.91200595382004
                },
                "mean": 36.042669589733904,
                "generation": 49,
                "diversity": 52.77267594513899
            },
            {
                "best": {
                    "class_name": "warrior",
                    "performance": 40.91200595382004
                },
                "mean": 36.35047404529773,
                "generation": 50,
                "diversity": 60.00331580799733
            }
        ]
    },
    "config": {
        "population_size": 100,
        "population_to_keep": 75,
        "class_name": "warrior",
        "selection_config_a": {
            "selection_type": "elite",
            "population_to_keep": 30,
            "tournament_size": 50,
            "threshold": 0.75,
            "initial_temperature": 30,
            "temperature_decay": 0.6,
            "min_temperature": 5
        },
        "selection_config_b": {
            "selection_type": "ranking",
            "population_to_keep": 45,
            "tournament_size": 50,
            "threshold": 0.75,
            "initial_temperature": 30,
            "temperature_decay": 0.6,
            "min_temperature": 5
        },
        "selection_config_rate": 0.4,
        "crossover_config": {
            "method": "uniform"
        },
        "mutation_config": {
            "mutation_type": "multi_gen",
            "mutation_rate": 0.3,
            "delta_mutation": 30
        },
        "replacement_config_a": {
            "type": "traditional",
            "quantity": 22,
            "gen_gap": 0.5
        },
        "replacement_config_b": {
            "type": "young_bias",
            "quantity": 53,
            "gen_gap": 0.5
        },
        "replacement_config_rate": 0.3,
        "end_condition_config": {
            "type": "content",
            "generations_to_check": 20,
            "generations": 500,
            "optimum_value": 61.5,
            "tolerance": 0.1,
            "structure_tolerance": 0.01,
            "structure_relevant_proportion": 0.98
        }
    }
}