{
    "results": {
        "best": {
            "solution": {
                "class_name": "warrior",
                "variables": {
                    "strength": 70.64210983494866,
                    "agility": 58.655873929456696,
                    "expertise": 20.702016235594648,
                    "resistance": 0.0,
                    "life": 0.0,
                    "height": 1.94
                },
                "performance": 40.10089118748705
            },
            "generation": 57
        },
        "last_iterations": [
            {
                "best": {
                    "class_name": "warrior",
                    "performance": 30.162218745224724
                },
                "mean": 18.723008068212913,
                "generation": 1,
                "diversity": 160.52280414402145
            },
            {
                "best": {
                    "class_name": "warrior",
                    "performance": 31.7188603593844
                },
                "mean": 19.417411001060806,
                "generation": 2,
                "diversity": 151.39729189441232
            },
            {
                "best": {
                    "class_name": "warrior",
                    "performance": 33.05417184151573
                },
                "mean": 21.067195575820925,
                "generation": 3,
                "diversity": 142.02660086230065
            },
            {
                "best": {
                    "class_name": "warrior",
                    "performance": 36.237484066660706
                },
                "mean": 21.814802918304043,
                "generation": 4,
                "diversity": 154.9008902021749
            },
            {
                "best": {
                    "class_name": "warrior",
                    "performance": 34.776821043238066
                },
                "mean": 22.347998868608347,
                "generation": 5,
                "diversity": 151.4559298962491
            },
            {
                "best": {
                    "class_name": "warrior",
                    "performance": 35.17969185900683
                },
                "mean": 22.869214933350094,
                "generation": 6,
                "diversity": 134.03619788981555
            },
            {
                "best": {
                    "class_name": "warrior",
                    "performance": 36.38653247213103
                },
                "mean": 24.25210350991777,
                "generation": 7,
                "diversity": 122.80079929248514
            },
            {
                "best": {
                    "class_name": "warrior",
                    "performance": 35.31382096267781
                },
                "mean": 26.94809688362739,
                "generation": 8,
                "diversity": 78.0574095791914
            },
            {
                "best": {
                    "class_name": "warrior",
                    "performance": 38.12583355876183
                },
                "mean": 27.23498300110236,
                "generation": 9,
                "diversity": 70.79910410648448
            },
            {
                "best": {
                    "class_name": "warrior",
                    "performance": 35.78303231966154
                },
                "mean": 28.119824976343722,
                "generation": 10,
                "diversity": 63.60059788057621
            },
            {
                "best": {
                    "class_name": "warrior",
                    "performance": 36.59043562641258
                },
                "mean": 28.530356234704776,
                "generation": 11,
                "diversity": 58.61961169659676
            },
            {
                "best": {
                    "class_name": "warrior",
                    "performance": 36.59043562641258
                },
                "mean": 28.538865484772955,
                "generation": 12,
                "diversity": 51.94862623994808
            },
            {
                "best": {
                    "class_name": "warrior",
                    "performance": 36.59043562641258
                },
                "mean": 30.265428596344734,
                "generation": 13,
                "diversity": 46.75112611776839
            },
            {
                "best": {
                    "class_name": "warrior",
                    "performance": 38.898662118485895
                },
                "mean": 31.43994442829081,
                "generation": 14,
                "diversity": 28.121945508104478
            },
            {
                "best": {
                    "class_name": "warrior",
                    "performance": 37.88977957234245
                },
                "mean": 31.784611165711613,
                "generation": 15,
                "diversity": 27.019833228520426
            },
            {
                "best": {
                    "class_name": "warrior",
                    "performance": 37.230357511069535
                },
                "mean": 32.48116252191436,
                "generation": 16,
                "diversity": 22.82067827743796
            },
            {
                "best": {
                    "class_name": "warrior",
                    "performance": 37.230357511069535
                },
                "mean": 32.71062927926163,
                "generation": 17,
                "diversity": 22.639125706237092
            },
            {
                "best": {
                    "class_name": "warrior",
                    "performance": 38.359627211927524
                },
                "mean": 32.84834446410793,
                "generation": 18,
                "diversity": 19.736262433639
            },
            {
                "best": {
                    "class_name": "warrior",
                    "performance": 38.08349486739604
                },
                "mean": 32.67891073900635,
                "generation": 19,
                "diversity": 17.719907887096507
            },
            {
                "best": {
                    "class_name": "warrior",
                    "performance": 36.957539808946876
                },
                "mean": 32.667642097356925,
                "generation": 20,
                "diversity": 17.243749732472953
            },
            {
                "best": {
                    "class_name": "warrior",
                    "performance": 36.53347910623276
                },
                "mean": 32.7233139799626,
                "generation": 21,
                "diversity": 19.31342002472419
            },
            {
                "best": {
                    "class_name": "warrior",
                    "performance": 38.02821647105246
                },
                "mean": 33.20475490707513,
                "generation": 22,
                "diversity": 22.61969496274965
            },
            {
                "best": {
                    "class_name": "warrior",
                    "performance": 37.9832093707214
                },
                "mean": 33.5523607116636,
                "generation": 23,
                "diversity": 19.925659238669912
            },
            {
                "best": {
                    "class_name": "warrior",
                    "performance": 37.7818794976915
                },
                "mean": 34.12894657797303,
                "generation": 24,
                "diversity": 14.7775998279428
            },
            {
                "best": {
                    "class_name": "warrior",
                    "performance": 37.94268885893951
                },
                "mean": 33.65031953728164,
                "generation": 25,
                "diversity": 19.391620301180442
            },
            {
                "best": {
                    "class_name": "warrior",
                    "performance": 37.94268885893951
                },
                "mean": 33.552274726210186,
                "generation": 26,
                "diversity": 21.958772913559127
            },
            {
                "best": {
                    "class_name": "warrior",
                    "performance": 37.545914786522964
                },
                "mean": 34.09832304510195,
                "generation": 27,
                "diversity": 21.147850447659348
            },
            {
                "best": {
                    "class_name": "warrior",
                    "performance": 38.19754440690401
                },
                "mean": 34.44161862239282,
                "generation": 28,
                "diversity": 14.765223646271663
            },
            {
                "best": {
                    "class_name": "warrior",
                    "performance": 38.19754440690401
                },
                "mean": 34.76395736391408,
                "generation": 29,
                "diversity": 13.872127407817723
            },
            {
                "best": {
                    "class_name": "warrior",
                    "performance": 38.544238322892134
                },
                "mean": 34.33780307697595,
                "generation": 30,
                "diversity": 20.84026864741082
            },
            {
                "best": {
                    "class_name": "warrior",
                    "performance": 39.2018078199393
                },
                "mean": 34.248881207890484,
                "generation": 31,
                "diversity": 22.364463966783322
            },
            {
                "best": {
                    "class_name": "warrior",
                    "performance": 38.00020629624143
                },
                "mean": 34.25298039906179,
                "generation": 32,
                "diversity": 24.570592465666227
            },
            {
                "best": {
                    "class_name": "warrior",
                    "performance": 38.939528145915475
                },
                "mean": 34.43340322008433,
                "generation": 33,
                "diversity": 18.31216718937519
            },
            {
                "best": {
                    "class_name": "warrior",
                    "performance": 38.17625238914588
                },
                "mean": 33.79188749675831,
                "generation": 34,
                "diversity": 16.69493238802737
            },
            {
                "best": {
                    "class_name": "warrior",
                    "performance": 38.17625238914588
                },
                "mean": 33.81536462555033,
                "generation": 35,
                "diversity": 14.151742102667143
            },
            {
                "best": {
                    "class_name": "warrior",
                    "performance": 38.77421529591692
                },
                "mean": 34.4575337448978,
                "generation": 36,
                "diversity": 15.83444280490182
            },
            {
                "best": {
                    "class_name": "warrior",
                    "performance": 38.0919560120156
                },
                "mean": 34.62125737750043,
                "generation": 37,
                "diversity": 15.141103003161165
            },
            {
                "best": {
                    "class_name": "warrior",
                    "performance": 39.181717441778694
                },
                "mean": 34.807034429958655,
                "generation": 38,
                "diversity": 19.995359370569535
            },
            {
                "best": {
                    "class_name": "warrior",
                    "performance": 38.49451000877074
                },
                "mean": 34.980864087120615,
                "generation": 39,
                "diversity": 19.948221325095364
            },
            {
                "best": {
                    "class_name": "warrior",
                    "performance": 38.383628384548324
                },
                "mean": 36.390005871800625,
                "generation": 40,
                "diversity": 15.378648057245165
            },
            {
                "best": {
                    "class_name": "warrior",
                    "performance": 38.459428970834395
                },
                "mean": 36.14287208059148,
                "generation": 41,
                "diversity": 16.917977005819886
            },
            {
                "best": {
                    "class_name": "warrior",
                    "performance": 39.845100281106546
                },
                "mean": 36.249986680136686,
                "generation": 42,
                "diversity": 15.490743309874645
            },
            {
                "best": {
                    "class_name": "warrior",
                    "performance": 39.90387908793051
                },
                "mean": 36.280300508411855,
                "generation": 43,
                "diversity": 15.346591552740426
            },
            {
                "best": {
                    "class_name": "warrior",
                    "performance": 38.739746142598975
                },
                "mean": 35.56851542098259,
                "generation": 44,
                "diversity": 11.758907314247153
            },
            {
                "best": {
                    "class_name": "warrior",
                    "performance": 38.281052263950954
                },
                "mean": 36.009200435968296,
                "generation": 45,
                "diversity": 12.531360861617769
            },
            {
                "best": {
                    "class_name": "warrior",
                    "performance": 39.501536451327695
                },
                "mean": 35.970778063227336,
                "generation": 46,
                "diversity": 18.52166038567062
            },
            {
                "best": {
                    "class_name": "warrior",
                    "performance": 39.41175890059112
                },
                "mean": 36.01161228798668,
                "generation": 47,
                "diversity": 22.85326469838984
            },
            {
                "best": {
                    "class_name": "warrior",
                    "performance": 38.57470141006748
                },
                "mean": 36.170131843065434,
                "generation": 48,
                "diversity": 18.247066085123922
            },
            {
                "best": {
                    "class_name": "warrior",
                    "performance": 39.67155605374293
                },
                "mean": 36.91495046970202,
                "generation": 49,
                "diversity": 19.270128299120397
            },
            {
                "best": {
                    "class_name": "warrior",
                    "performance": 39.24502436944154
                },
                "mean": 37.022191603623554,
                "generation": 50,
                "diversity": 11.447352886849558
            },
            {
                "best": {
                    "class_name": "warrior",
                    "performance": 39.783350046996524
                },
                "mean": 37.07067438134513,
                "generation": 51,
                "diversity": 12.243089868114282
            },
            {
                "best": {
                    "class_name": "warrior",
                    "performance": 39.488453676467294
                },
                "mean": 36.31429559235833,
                "generation": 52,
                "diversity": 14.3720150713217
            },
            {
                "best": {
                    "class_name": "warrior",
                    "performance": 39.488453676467294
                },
                "mean": 36.11857678691513,
                "generation": 53,
                "diversity": 16.889930481710206
            },
            {
                "best": {
                    "class_name": "warrior",
                    "performance": 39.80259445550061
                },
                "mean": 36.28621204849082,
                "generation": 54,
                "diversity": 18.696129898989746
            },
            {
                "best": {
                    "class_name": "warrior",
                    "performance": 39.488453676467294
                },
                "mean": 36.2152375589992,
                "generation": 55,
                "diversity": 19.014582878661933
            },
            {
                "best": {
                    "class_name": "warrior",
                    "performance": 39.43833186186681
                },
                "mean": 35.931944218202084,
                "generation": 56,
                "diversity": 21.11881279417211
            },
            {
                "best": {
                    "class_name": "warrior",
                    "performance": 40.10089118748705
                },
                "mean": 36.880756838175756,
                "generation": 57,
                "diversity": 14.293970902482485
            },
            {
                "best": {
                    "class_name": "warrior",
                    "performance": 39.3648706279023
                },
                "mean": 36.92810793556599,
                "generation": 58,
                "diversity": 12.174297302645734
            },
            {
                "best": {
                    "class_name": "warrior",
                    "performance": 39.31886529979946
                },
                "mean": 37.15206907737667,
                "generation": 59,
                "diversity": 9.025149985063644
            },
            {
                "best": {
                    "class_name": "warrior",
                    "performance": 39.31886529979946
                },
                "mean": 37.07884203868318,
                "generation": 60,
                "diversity": 7.1454699671921595
            },
            {
                "best": {
                    "class_name": "warrior",
                    "performance": 39.15532585346242
                },
                "mean": 36.2686436352752,
                "generation": 61,
                "diversity": 8.718729059394805
            },
            {
                "best": {
                    "class_name": "warrior",
                    "performance": 39.163354952937496
                },
                "mean": 36.506823850485915,
                "generation": 62,
                "diversity": 7.507101452847407
            },
            {
                "best": {
                    "class_name": "warrior",
                    "performance": 39.12582702405424
                },
                "mean": 36.59397205985665,
                "generation": 63,
                "diversity": 9.945810489177504
            },
            {
                "best": {
                    "class_name": "warrior",
                    "performance": 38.93038902949558
                },
                "mean": 36.47852249217482,
                "generation": 64,
                "diversity": 10.277864152815676
            },
            {
                "best": {
                    "class_name": "warrior",
                    "performance": 39.02594795788429
                },
                "mean": 36.55849761976124,
                "generation": 65,
                "diversity": 11.326818203105411
            },
            {
                "best": {
                    "class_name": "warrior",
                    "performance": 40.0385995816001
                },
                "mean": 36.9804484260349,
                "generation": 66,
                "diversity": 16.06209757878816
            },
            {
                "best": {
                    "class_name": "warrior",
                    "performance": 40.0385995816001
                },
                "mean": 37.044997629366485,
                "generation": 67,
                "diversity": 17.626917942252884
            },
            {
                "best": {
                    "class_name": "warrior",
                    "performance": 40.0385995816001
                },
                "mean": 36.85189422633845,
                "generation": 68,
                "diversity": 13.326886136808085
            },
            {
                "best": {
                    "class_name": "warrior",
                    "performance": 39.831204475193175
                },
                "mean": 36.659414553982295,
                "generation": 69,
                "diversity": 13.292513282508581
            },
            {
                "best": {
                    "class_name": "warrior",
                    "performance": 39.831204475193175
                },
                "mean": 35.81399545395749,
                "generation": 70,
                "diversity": 19.66859529587897
            },
            {
                "best": {
                    "class_name": "warrior",
                    "performance": 39.831204475193175
                },
                "mean": 35.75171189439125,
                "generation": 71,
                "diversity": 20.34218410631268
            },
            {
                "best": {
                    "class_name": "warrior",
                    "performance": 39.168062280630885
                },
                "mean": 35.974190526149634,
                "generation": 72,
                "diversity": 17.073882433853473
            },
            {
                "best": {
                    "class_name": "warrior",
                    "performance": 39.2561335176697
                },
                "mean": 35.92292366579346,
                "generation": 73,
                "diversity": 17.78491222357348
            },
            {
                "best": {
                    "class_name": "warrior",
                    "performance": 39.17260813490343
                },
                "mean": 36.29136615995874,
                "generation": 74,
                "diversity": 16.221925898306235
            },
            {
                "best": {
                    "class_name": "warrior",
                    "performance": 39.13332228518625
                },
                "mean": 37.258796517383665,
                "generation": 75,
                "diversity": 12.296564888323452
            },
            {
                "best": {
                    "class_name": "warrior",
                    "performance": 39.56955810432361
                },
                "mean": 36.64073721846698,
                "generation": 76,
                "diversity": 15.821225670744795
            },
            {
                "best": {
                    "class_name": "warrior",
                    "performance": 39.73210133534875
                },
                "mean": 37.32257658596397,
                "generation": 77,
                "diversity": 13.608827540425077
            }
        ]
    },
    "config": {
        "population_size": 100,
        "population_to_keep": 50,
        "class_name": "warrior",
        "selection_config_a": {
            "selection_type": "elite",
            "population_to_keep": 25,
            "tournament_size": 50,
            "threshold": 0.75,
            "initial_temperature": 30,
            "temperature_decay": 0.6,
            "min_temperature": 5
        },
        "selection_config_b": {
            "selection_type": "roulette",
            "population_to_keep": 25,
            "tournament_size": 50,
            "threshold": 0.75,
            "initial_temperature": 30,
            "temperature_decay": 0.6,
            "min_temperature": 5
        },
        "selection_config_rate": 0.5,
        "crossover_config": {
            "method": "uniform"
        },
        "mutation_config": {
            "mutation_type": "multi_gen",
            "mutation_rate": 0.2,
            "delta_mutation": 15
        },
        "replacement_config_a": {
            "type": "traditional",
            "quantity": 25,
            "gen_gap": 0.5
        },
        "replacement_config_b": {
            "type": "young_bias",
            "quantity": 25,
            "gen_gap": 0.5
        },
        "replacement_config_rate": 0.5,
        "end_condition_config": {
            "type": "content",
            "generations_to_check": 20,
            "generations": 500,
            "optimum_value": 61.5,
            "tolerance": 0.1,
            "structure_tolerance": 0.01,
            "structure_relevant_proportion": 0.98
        }
    }
}