{
    "results": {
        "best": {
            "solution": {
                "class_name": "warrior",
                "variables": {
                    "strength": 75.04515574238367,
                    "agility": 74.95484425761634,
                    "expertise": 0.0,
                    "resistance": 0.0,
                    "life": 0.0,
                    "height": 1.92
                },
                "performance": 41.244522809544804
            },
            "generation": 43
        },
        "last_iterations": [
            {
                "best": {
                    "class_name": "warrior",
                    "performance": 34.17065849817644
                },
                "mean": 15.44777360673918,
                "generation": 0,
                "diversity": 236.03146460946667
            },
            {
                "best": {
                    "class_name": "warrior",
                    "performance": 31.583269411985096
                },
                "mean": 16.510382770808274,
                "generation": 1,
                "diversity": 217.74765516106547
            },
            {
                "best": {
                    "class_name": "warrior",
                    "performance": 30.968206710312668
                },
                "mean": 17.522400639773835,
                "generation": 2,
                "diversity": 200.95022416440474
            },
            {
                "best": {
                    "class_name": "warrior",
                    "performance": 32.5503517822261
                },
                "mean": 18.513229650596,
                "generation": 3,
                "diversity": 192.2510148393791
            },
            {
                "best": {
                    "class_name": "warrior",
                    "performance": 34.76760410752639
                },
                "mean": 19.68131989318677,
                "generation": 4,
                "diversity": 195.63374913747202
            },
            {
                "best": {
                    "class_name": "warrior",
                    "performance": 36.70560286560946
                },
                "mean": 20.264875258648416,
                "generation": 5,
                "diversity": 207.6164654453854
            },
            {
                "best": {
                    "class_name": "warrior",
                    "performance": 36.176731408259506
                },
                "mean": 20.659231835269615,
                "generation": 6,
                "diversity": 199.25999309947687
            },
            {
                "best": {
                    "class_name": "warrior",
                    "performance": 38.61776931596193
                },
                "mean": 21.554993929159114,
                "generation": 7,
                "diversity": 191.05515107044593
            },
            {
                "best": {
                    "class_name": "warrior",
                    "performance": 36.938117265319924
                },
                "mean": 22.129395214634,
                "generation": 8,
                "diversity": 180.2059737774997
            },
            {
                "best": {
                    "class_name": "warrior",
                    "performance": 37.195838386297304
                },
                "mean": 22.708107033734752,
                "generation": 9,
                "diversity": 185.4458994789268
            },
            {
                "best": {
                    "class_name": "warrior",
                    "performance": 39.957256804653085
                },
                "mean": 23.69486046529035,
                "generation": 10,
                "diversity": 176.48499622876776
            },
            {
                "best": {
                    "class_name": "warrior",
                    "performance": 36.89970529039583
                },
                "mean": 24.684544915515303,
                "generation": 11,
                "diversity": 165.4733826308719
            },
            {
                "best": {
                    "class_name": "warrior",
                    "performance": 39.07691621901815
                },
                "mean": 25.29607169611048,
                "generation": 12,
                "diversity": 161.90996637473464
            },
            {
                "best": {
                    "class_name": "warrior",
                    "performance": 40.026750234988796
                },
                "mean": 25.923732100128664,
                "generation": 13,
                "diversity": 159.4007654042735
            },
            {
                "best": {
                    "class_name": "warrior",
                    "performance": 39.806608895802746
                },
                "mean": 26.954771888490075,
                "generation": 14,
                "diversity": 157.20343400000814
            },
            {
                "best": {
                    "class_name": "warrior",
                    "performance": 40.79534556378302
                },
                "mean": 28.15387512651501,
                "generation": 15,
                "diversity": 139.53036095993562
            },
            {
                "best": {
                    "class_name": "warrior",
                    "performance": 40.7601772591588
                },
                "mean": 29.111158915793006,
                "generation": 16,
                "diversity": 121.60572011245972
            },
            {
                "best": {
                    "class_name": "warrior",
                    "performance": 40.3092067003517
                },
                "mean": 29.34040952340094,
                "generation": 17,
                "diversity": 126.21922998519256
            },
            {
                "best": {
                    "class_name": "warrior",
                    "performance": 41.0681732930627
                },
                "mean": 29.457755918838284,
                "generation": 18,
                "diversity": 137.42828334514084
            },
            {
                "best": {
                    "class_name": "warrior",
                    "performance": 41.06261994243755
                },
                "mean": 29.713983794937878,
                "generation": 19,
                "diversity": 133.29398080285128
            },
            {
                "best": {
                    "class_name": "warrior",
                    "performance": 40.674075251181264
                },
                "mean": 30.677516766601254,
                "generation": 20,
                "diversity": 127.78848067109969
            },
            {
                "best": {
                    "class_name": "warrior",
                    "performance": 41.053481027123375
                },
                "mean": 30.64851691924089,
                "generation": 21,
                "diversity": 122.98398526093177
            },
            {
                "best": {
                    "class_name": "warrior",
                    "performance": 41.053481027123375
                },
                "mean": 31.465340525881413,
                "generation": 22,
                "diversity": 109.80374237731274
            },
            {
                "best": {
                    "class_name": "warrior",
                    "performance": 40.97055186924693
                },
                "mean": 32.21710529893257,
                "generation": 23,
                "diversity": 105.42209916177131
            },
            {
                "best": {
                    "class_name": "warrior",
                    "performance": 41.22976608771405
                },
                "mean": 32.35851304100136,
                "generation": 24,
                "diversity": 101.33470196566232
            },
            {
                "best": {
                    "class_name": "warrior",
                    "performance": 41.2211837246068
                },
                "mean": 32.653788014409,
                "generation": 25,
                "diversity": 98.33446459978558
            },
            {
                "best": {
                    "class_name": "warrior",
                    "performance": 40.90922919429671
                },
                "mean": 32.866205227806496,
                "generation": 26,
                "diversity": 102.8437695256806
            },
            {
                "best": {
                    "class_name": "warrior",
                    "performance": 40.869269113664714
                },
                "mean": 33.41395181005858,
                "generation": 27,
                "diversity": 96.71787772681785
            },
            {
                "best": {
                    "class_name": "warrior",
                    "performance": 41.06359782053003
                },
                "mean": 33.589470893399216,
                "generation": 28,
                "diversity": 89.70498874175028
            },
            {
                "best": {
                    "class_name": "warrior",
                    "performance": 41.06359782053003
                },
                "mean": 33.48770974463101,
                "generation": 29,
                "diversity": 88.44654140416806
            },
            {
                "best": {
                    "class_name": "warrior",
                    "performance": 41.242467327235524
                },
                "mean": 33.30778550991813,
                "generation": 30,
                "diversity": 90.52594096004621
            },
            {
                "best": {
                    "class_name": "warrior",
                    "performance": 41.242467327235524
                },
                "mean": 33.457865213074314,
                "generation": 31,
                "diversity": 84.79856569545586
            },
            {
                "best": {
                    "class_name": "warrior",
                    "performance": 41.145822642830275
                },
                "mean": 33.22667220397307,
                "generation": 32,
                "diversity": 83.34970586145242
            },
            {
                "best": {
                    "class_name": "warrior",
                    "performance": 41.23344984213534
                },
                "mean": 33.68665257475633,
                "generation": 33,
                "diversity": 78.1470311409597
            },
            {
                "best": {
                    "class_name": "warrior",
                    "performance": 41.24010064607117
                },
                "mean": 33.999000433347135,
                "generation": 34,
                "diversity": 73.44784450488761
            },
            {
                "best": {
                    "class_name": "warrior",
                    "performance": 41.23344984213534
                },
                "mean": 33.902427114835106,
                "generation": 35,
                "diversity": 76.1835739228256
            },
            {
                "best": {
                    "class_name": "warrior",
                    "performance": 41.11705990531531
                },
                "mean": 33.872258703083176,
                "generation": 36,
                "diversity": 74.84051516958519
            },
            {
                "best": {
                    "class_name": "warrior",
                    "performance": 41.24078902448456
                },
                "mean": 33.86767660218654,
                "generation": 37,
                "diversity": 75.3550808220197
            },
            {
                "best": {
                    "class_name": "warrior",
                    "performance": 40.96880525240567
                },
                "mean": 34.061886441160084,
                "generation": 38,
                "diversity": 74.38738782230347
            },
            {
                "best": {
                    "class_name": "warrior",
                    "performance": 41.1944149910029
                },
                "mean": 33.85864871823693,
                "generation": 39,
                "diversity": 77.2005156411322
            },
            {
                "best": {
                    "class_name": "warrior",
                    "performance": 41.13821908407112
                },
                "mean": 33.5011460761839,
                "generation": 40,
                "diversity": 82.53670948280039
            },
            {
                "best": {
                    "class_name": "warrior",
                    "performance": 41.16811153615386
                },
                "mean": 33.52430790732527,
                "generation": 41,
                "diversity": 74.98259861554452
            },
            {
                "best": {
                    "class_name": "warrior",
                    "performance": 41.11677702859362
                },
                "mean": 34.00675111312282,
                "generation": 42,
                "diversity": 71.85061016861452
            },
            {
                "best": {
                    "class_name": "warrior",
                    "performance": 41.244522809544804
                },
                "mean": 34.11466875378192,
                "generation": 43,
                "diversity": 72.91447691554254
            },
            {
                "best": {
                    "class_name": "warrior",
                    "performance": 41.14490569789807
                },
                "mean": 34.3765568908964,
                "generation": 44,
                "diversity": 70.30135659488325
            },
            {
                "best": {
                    "class_name": "warrior",
                    "performance": 41.134277920413915
                },
                "mean": 34.13619814839982,
                "generation": 45,
                "diversity": 72.56548123308879
            },
            {
                "best": {
                    "class_name": "warrior",
                    "performance": 41.20873855774216
                },
                "mean": 34.42959862765014,
                "generation": 46,
                "diversity": 70.05971885377905
            },
            {
                "best": {
                    "class_name": "warrior",
                    "performance": 41.18956088773032
                },
                "mean": 34.56972204928777,
                "generation": 47,
                "diversity": 68.06325612533045
            },
            {
                "best": {
                    "class_name": "warrior",
                    "performance": 41.22100185737299
                },
                "mean": 34.052508174759915,
                "generation": 48,
                "diversity": 64.80776708622027
            },
            {
                "best": {
                    "class_name": "warrior",
                    "performance": 41.24451265947077
                },
                "mean": 34.07164573458956,
                "generation": 49,
                "diversity": 67.28748745847261
            },
            {
                "best": {
                    "class_name": "warrior",
                    "performance": 41.238296910275224
                },
                "mean": 33.76037609730908,
                "generation": 50,
                "diversity": 67.34483259057721
            }
        ]
    },
    "config": {
        "population_size": 700,
        "population_to_keep": 525,
        "class_name": "warrior",
        "selection_config_a": {
            "selection_type": "elite",
            "population_to_keep": 210,
            "tournament_size": 50,
            "threshold": 0.75,
            "initial_temperature": 30,
            "temperature_decay": 0.6,
            "min_temperature": 5
        },
        "selection_config_b": {
            "selection_type": "ranking",
            "population_to_keep": 315,
            "tournament_size": 50,
            "threshold": 0.75,
            "initial_temperature": 30,
            "temperature_decay": 0.6,
            "min_temperature": 5
        },
        "selection_config_rate": 0.4,
        "crossover_config": {
            "method": "uniform"
        },
        "mutation_config": {
            "mutation_type": "multi_gen",
            "mutation_rate": 0.3,
            "delta_mutation": 30
        },
        "replacement_config_a": {
            "type": "traditional",
            "quantity": 158,
            "gen_gap": 0.5
        },
        "replacement_config_b": {
            "type": "young_bias",
            "quantity": 367,
            "gen_gap": 0.5
        },
        "replacement_config_rate": 0.3,
        "end_condition_config": {
            "type": "content",
            "generations_to_check": 20,
            "generations": 500,
            "optimum_value": 61.5,
            "tolerance": 0.1,
            "structure_tolerance": 0.01,
            "structure_relevant_proportion": 0.98
        }
    }
}