{
    "results": {
        "best": {
            "solution": {
                "class_name": "warrior",
                "variables": {
                    "strength": 76.04673250371116,
                    "agility": 73.95326749628883,
                    "expertise": 0.0,
                    "resistance": 0.0,
                    "life": 0.0,
                    "height": 1.9100000000000001
                },
                "performance": 41.233694082209084
            },
            "generation": 62
        },
        "last_iterations": [
            {
                "best": {
                    "class_name": "warrior",
                    "performance": 33.88071828523767
                },
                "mean": 15.9714320054808,
                "generation": 1,
                "diversity": 235.684634056276
            },
            {
                "best": {
                    "class_name": "warrior",
                    "performance": 33.88071828523767
                },
                "mean": 17.033318147935915,
                "generation": 2,
                "diversity": 204.45594836705027
            },
            {
                "best": {
                    "class_name": "warrior",
                    "performance": 35.391294001617986
                },
                "mean": 17.91901408292709,
                "generation": 3,
                "diversity": 184.1560616626792
            },
            {
                "best": {
                    "class_name": "warrior",
                    "performance": 35.391294001617986
                },
                "mean": 18.791065686931216,
                "generation": 4,
                "diversity": 172.12469035324628
            },
            {
                "best": {
                    "class_name": "warrior",
                    "performance": 33.740609717487295
                },
                "mean": 19.95376956423378,
                "generation": 5,
                "diversity": 162.16814711266068
            },
            {
                "best": {
                    "class_name": "warrior",
                    "performance": 39.79494963214489
                },
                "mean": 21.443866806280532,
                "generation": 6,
                "diversity": 140.52123492864817
            },
            {
                "best": {
                    "class_name": "warrior",
                    "performance": 39.021031285765694
                },
                "mean": 22.14001177778099,
                "generation": 7,
                "diversity": 133.19622406048154
            },
            {
                "best": {
                    "class_name": "warrior",
                    "performance": 38.8018731361316
                },
                "mean": 22.983813239368224,
                "generation": 8,
                "diversity": 124.45586740385369
            },
            {
                "best": {
                    "class_name": "warrior",
                    "performance": 37.27679694145569
                },
                "mean": 23.88192993482106,
                "generation": 9,
                "diversity": 119.35455683288338
            },
            {
                "best": {
                    "class_name": "warrior",
                    "performance": 37.06201479651374
                },
                "mean": 25.081866892126072,
                "generation": 10,
                "diversity": 114.8996693963767
            },
            {
                "best": {
                    "class_name": "warrior",
                    "performance": 38.307963343413135
                },
                "mean": 26.180817802730633,
                "generation": 11,
                "diversity": 106.81037538654704
            },
            {
                "best": {
                    "class_name": "warrior",
                    "performance": 38.721238210203374
                },
                "mean": 27.43177038987053,
                "generation": 12,
                "diversity": 100.53504204717512
            },
            {
                "best": {
                    "class_name": "warrior",
                    "performance": 40.314710429617186
                },
                "mean": 28.134183874461527,
                "generation": 13,
                "diversity": 92.75171342021552
            },
            {
                "best": {
                    "class_name": "warrior",
                    "performance": 40.536602168604695
                },
                "mean": 28.93864097540073,
                "generation": 14,
                "diversity": 80.07968115196581
            },
            {
                "best": {
                    "class_name": "warrior",
                    "performance": 40.13867981262881
                },
                "mean": 29.70140069446923,
                "generation": 15,
                "diversity": 73.20043058466973
            },
            {
                "best": {
                    "class_name": "warrior",
                    "performance": 39.62557968130356
                },
                "mean": 30.68719154603838,
                "generation": 16,
                "diversity": 67.60639581723228
            },
            {
                "best": {
                    "class_name": "warrior",
                    "performance": 40.82395971943854
                },
                "mean": 31.440249155304873,
                "generation": 17,
                "diversity": 61.72503043584036
            },
            {
                "best": {
                    "class_name": "warrior",
                    "performance": 41.00990848211282
                },
                "mean": 32.41341835636479,
                "generation": 18,
                "diversity": 57.949325511367334
            },
            {
                "best": {
                    "class_name": "warrior",
                    "performance": 40.782395021101976
                },
                "mean": 33.01394128781942,
                "generation": 19,
                "diversity": 49.72711456571213
            },
            {
                "best": {
                    "class_name": "warrior",
                    "performance": 40.58285323083946
                },
                "mean": 33.631538386862736,
                "generation": 20,
                "diversity": 46.864401694078744
            },
            {
                "best": {
                    "class_name": "warrior",
                    "performance": 41.02298858163603
                },
                "mean": 34.08648935578691,
                "generation": 21,
                "diversity": 40.644714131476505
            },
            {
                "best": {
                    "class_name": "warrior",
                    "performance": 40.61104795184153
                },
                "mean": 34.89168013144404,
                "generation": 22,
                "diversity": 39.15752766013945
            },
            {
                "best": {
                    "class_name": "warrior",
                    "performance": 40.542279451235935
                },
                "mean": 35.351906729759996,
                "generation": 23,
                "diversity": 38.57510663749252
            },
            {
                "best": {
                    "class_name": "warrior",
                    "performance": 40.5616675211223
                },
                "mean": 35.60863464450449,
                "generation": 24,
                "diversity": 38.463446016545596
            },
            {
                "best": {
                    "class_name": "warrior",
                    "performance": 40.564031556437534
                },
                "mean": 35.9181528754691,
                "generation": 25,
                "diversity": 33.11850057781893
            },
            {
                "best": {
                    "class_name": "warrior",
                    "performance": 40.78740310646105
                },
                "mean": 36.132653068570846,
                "generation": 26,
                "diversity": 31.809049338332628
            },
            {
                "best": {
                    "class_name": "warrior",
                    "performance": 40.58633676437141
                },
                "mean": 36.391698672426806,
                "generation": 27,
                "diversity": 30.420297447123247
            },
            {
                "best": {
                    "class_name": "warrior",
                    "performance": 41.04360780705422
                },
                "mean": 36.581385295855796,
                "generation": 28,
                "diversity": 29.23587799157488
            },
            {
                "best": {
                    "class_name": "warrior",
                    "performance": 41.056363463124406
                },
                "mean": 36.8424318621137,
                "generation": 29,
                "diversity": 26.68009253727287
            },
            {
                "best": {
                    "class_name": "warrior",
                    "performance": 41.056363463124406
                },
                "mean": 37.002434737693335,
                "generation": 30,
                "diversity": 28.281961342174437
            },
            {
                "best": {
                    "class_name": "warrior",
                    "performance": 41.06017136811692
                },
                "mean": 37.26100947280534,
                "generation": 31,
                "diversity": 24.729533764560998
            },
            {
                "best": {
                    "class_name": "warrior",
                    "performance": 40.956418372799526
                },
                "mean": 37.219456401740665,
                "generation": 32,
                "diversity": 25.40230850934994
            },
            {
                "best": {
                    "class_name": "warrior",
                    "performance": 41.02737210954231
                },
                "mean": 37.23077511484934,
                "generation": 33,
                "diversity": 25.961144387200353
            },
            {
                "best": {
                    "class_name": "warrior",
                    "performance": 41.01967165265712
                },
                "mean": 37.41054598476789,
                "generation": 34,
                "diversity": 23.559732965194183
            },
            {
                "best": {
                    "class_name": "warrior",
                    "performance": 40.988143500706535
                },
                "mean": 37.33345622299917,
                "generation": 35,
                "diversity": 23.624599552284106
            },
            {
                "best": {
                    "class_name": "warrior",
                    "performance": 40.988143500706535
                },
                "mean": 37.4347218689889,
                "generation": 36,
                "diversity": 25.144466390973378
            },
            {
                "best": {
                    "class_name": "warrior",
                    "performance": 41.04162540535738
                },
                "mean": 37.59689782902345,
                "generation": 37,
                "diversity": 24.51635553547364
            },
            {
                "best": {
                    "class_name": "warrior",
                    "performance": 41.220958225840036
                },
                "mean": 37.622461199263064,
                "generation": 38,
                "diversity": 23.73182815231029
            },
            {
                "best": {
                    "class_name": "warrior",
                    "performance": 41.220958225840036
                },
                "mean": 37.743466990375836,
                "generation": 39,
                "diversity": 25.7186016733712
            },
            {
                "best": {
                    "class_name": "warrior",
                    "performance": 41.13792969217763
                },
                "mean": 37.50747640739983,
                "generation": 40,
                "diversity": 25.70084268155071
            },
            {
                "best": {
                    "class_name": "warrior",
                    "performance": 41.13792969217763
                },
                "mean": 37.61712988848103,
                "generation": 41,
                "diversity": 25.146146448846142
            },
            {
                "best": {
                    "class_name": "warrior",
                    "performance": 41.22622434332653
                },
                "mean": 37.69014702965873,
                "generation": 42,
                "diversity": 25.350016078783394
            },
            {
                "best": {
                    "class_name": "warrior",
                    "performance": 41.18259754573876
                },
                "mean": 37.680258951628204,
                "generation": 43,
                "diversity": 26.07106603129255
            },
            {
                "best": {
                    "class_name": "warrior",
                    "performance": 41.2316373055909
                },
                "mean": 37.69302757160194,
                "generation": 44,
                "diversity": 27.997628020202296
            },
            {
                "best": {
                    "class_name": "warrior",
                    "performance": 41.18259754573876
                },
                "mean": 37.54672868072836,
                "generation": 45,
                "diversity": 28.051842739154683
            },
            {
                "best": {
                    "class_name": "warrior",
                    "performance": 41.03882732058862
                },
                "mean": 37.4329131895112,
                "generation": 46,
                "diversity": 28.603481838701196
            },
            {
                "best": {
                    "class_name": "warrior",
                    "performance": 41.13848080991664
                },
                "mean": 37.36644175310143,
                "generation": 47,
                "diversity": 29.15622512484831
            },
            {
                "best": {
                    "class_name": "warrior",
                    "performance": 41.134106572993296
                },
                "mean": 37.620222474783475,
                "generation": 48,
                "diversity": 27.054839370777234
            },
            {
                "best": {
                    "class_name": "warrior",
                    "performance": 41.134106572993296
                },
                "mean": 37.54859192067053,
                "generation": 49,
                "diversity": 27.168487358522572
            },
            {
                "best": {
                    "class_name": "warrior",
                    "performance": 41.21636849539559
                },
                "mean": 37.65150179575924,
                "generation": 50,
                "diversity": 27.858951536962852
            },
            {
                "best": {
                    "class_name": "warrior",
                    "performance": 41.21636849539559
                },
                "mean": 37.75601073851863,
                "generation": 51,
                "diversity": 26.29033625394378
            },
            {
                "best": {
                    "class_name": "warrior",
                    "performance": 40.974424760598424
                },
                "mean": 37.61418875309572,
                "generation": 52,
                "diversity": 27.111960103107602
            },
            {
                "best": {
                    "class_name": "warrior",
                    "performance": 41.079752926714
                },
                "mean": 37.60192108639496,
                "generation": 53,
                "diversity": 27.84138369502804
            },
            {
                "best": {
                    "class_name": "warrior",
                    "performance": 41.1444427057862
                },
                "mean": 37.84339934396881,
                "generation": 54,
                "diversity": 26.95018071347205
            },
            {
                "best": {
                    "class_name": "warrior",
                    "performance": 41.1444427057862
                },
                "mean": 38.041422535235036,
                "generation": 55,
                "diversity": 26.8162224381377
            },
            {
                "best": {
                    "class_name": "warrior",
                    "performance": 41.178470426008325
                },
                "mean": 38.05697811568313,
                "generation": 56,
                "diversity": 28.10604875146443
            },
            {
                "best": {
                    "class_name": "warrior",
                    "performance": 41.093515703004506
                },
                "mean": 38.0040943254608,
                "generation": 57,
                "diversity": 26.951835320219086
            },
            {
                "best": {
                    "class_name": "warrior",
                    "performance": 41.08668246181584
                },
                "mean": 38.08409714960487,
                "generation": 58,
                "diversity": 26.491794436674258
            },
            {
                "best": {
                    "class_name": "warrior",
                    "performance": 41.133658870412596
                },
                "mean": 38.259701002350006,
                "generation": 59,
                "diversity": 27.39394600553251
            },
            {
                "best": {
                    "class_name": "warrior",
                    "performance": 41.20444221019648
                },
                "mean": 38.015743255310596,
                "generation": 60,
                "diversity": 26.681459912286623
            },
            {
                "best": {
                    "class_name": "warrior",
                    "performance": 41.20444221019648
                },
                "mean": 37.840846145827,
                "generation": 61,
                "diversity": 26.255637480622784
            },
            {
                "best": {
                    "class_name": "warrior",
                    "performance": 41.233694082209084
                },
                "mean": 37.6806076024996,
                "generation": 62,
                "diversity": 25.620941258167196
            }
        ]
    },
    "config": {
        "population_size": 1300,
        "population_to_keep": 650,
        "class_name": "warrior",
        "selection_config_a": {
            "selection_type": "elite",
            "population_to_keep": 325,
            "tournament_size": 50,
            "threshold": 0.75,
            "initial_temperature": 30,
            "temperature_decay": 0.6,
            "min_temperature": 5
        },
        "selection_config_b": {
            "selection_type": "roulette",
            "population_to_keep": 325,
            "tournament_size": 50,
            "threshold": 0.75,
            "initial_temperature": 30,
            "temperature_decay": 0.6,
            "min_temperature": 5
        },
        "selection_config_rate": 0.5,
        "crossover_config": {
            "method": "uniform"
        },
        "mutation_config": {
            "mutation_type": "multi_gen",
            "mutation_rate": 0.2,
            "delta_mutation": 15
        },
        "replacement_config_a": {
            "type": "traditional",
            "quantity": 325,
            "gen_gap": 0.5
        },
        "replacement_config_b": {
            "type": "young_bias",
            "quantity": 325,
            "gen_gap": 0.5
        },
        "replacement_config_rate": 0.5,
        "end_condition_config": {
            "type": "content",
            "generations_to_check": 20,
            "generations": 500,
            "optimum_value": 61.5,
            "tolerance": 0.1,
            "structure_tolerance": 0.01,
            "structure_relevant_proportion": 0.98
        }
    }
}