{
    "results": {
        "best": {
            "solution": {
                "class_name": "warrior",
                "variables": {
                    "strength": 75.4952173411806,
                    "agility": 74.5047826588194,
                    "expertise": 0.0,
                    "resistance": 0.0,
                    "life": 0.0,
                    "height": 1.92
                },
                "performance": 41.242441019551464
            },
            "generation": 26
        },
        "last_iterations": [
            {
                "best": {
                    "class_name": "warrior",
                    "performance": 30.935147387378137
                },
                "mean": 15.306619690009702,
                "generation": 0,
                "diversity": 243.57309172275924
            },
            {
                "best": {
                    "class_name": "warrior",
                    "performance": 31.749306974196106
                },
                "mean": 15.792112778646358,
                "generation": 1,
                "diversity": 240.86820649112482
            },
            {
                "best": {
                    "class_name": "warrior",
                    "performance": 31.433558648063457
                },
                "mean": 16.682709659699995,
                "generation": 2,
                "diversity": 221.82936279614057
            },
            {
                "best": {
                    "class_name": "warrior",
                    "performance": 34.69419330618707
                },
                "mean": 17.44168789545656,
                "generation": 3,
                "diversity": 213.6209950666398
            },
            {
                "best": {
                    "class_name": "warrior",
                    "performance": 35.64444391943344
                },
                "mean": 18.12496796999484,
                "generation": 4,
                "diversity": 207.55226393529526
            },
            {
                "best": {
                    "class_name": "warrior",
                    "performance": 34.2029255837082
                },
                "mean": 19.155162055909404,
                "generation": 5,
                "diversity": 211.0615533850382
            },
            {
                "best": {
                    "class_name": "warrior",
                    "performance": 39.55362077234819
                },
                "mean": 20.032043627931834,
                "generation": 6,
                "diversity": 215.55641492740958
            },
            {
                "best": {
                    "class_name": "warrior",
                    "performance": 39.923091556471654
                },
                "mean": 21.020532302356685,
                "generation": 7,
                "diversity": 200.03103816089273
            },
            {
                "best": {
                    "class_name": "warrior",
                    "performance": 37.20377918556967
                },
                "mean": 21.893873931010553,
                "generation": 8,
                "diversity": 191.91566927383175
            },
            {
                "best": {
                    "class_name": "warrior",
                    "performance": 37.84024955772604
                },
                "mean": 22.686309222729566,
                "generation": 9,
                "diversity": 181.40563405581455
            },
            {
                "best": {
                    "class_name": "warrior",
                    "performance": 39.62573579007126
                },
                "mean": 23.722328924480085,
                "generation": 10,
                "diversity": 174.76825666258387
            },
            {
                "best": {
                    "class_name": "warrior",
                    "performance": 39.25885202601216
                },
                "mean": 24.622953140370303,
                "generation": 11,
                "diversity": 180.77109607143993
            },
            {
                "best": {
                    "class_name": "warrior",
                    "performance": 37.8924204353365
                },
                "mean": 25.5073745475508,
                "generation": 12,
                "diversity": 165.09792460466036
            },
            {
                "best": {
                    "class_name": "warrior",
                    "performance": 40.028896669057126
                },
                "mean": 27.00757164032879,
                "generation": 13,
                "diversity": 165.1204216406238
            },
            {
                "best": {
                    "class_name": "warrior",
                    "performance": 41.12272919650089
                },
                "mean": 28.206259493528723,
                "generation": 14,
                "diversity": 140.63767656685914
            },
            {
                "best": {
                    "class_name": "warrior",
                    "performance": 40.16586803694146
                },
                "mean": 28.53004582084218,
                "generation": 15,
                "diversity": 137.9746820128627
            },
            {
                "best": {
                    "class_name": "warrior",
                    "performance": 40.96241696221431
                },
                "mean": 28.7401022377383,
                "generation": 16,
                "diversity": 133.8234255896639
            },
            {
                "best": {
                    "class_name": "warrior",
                    "performance": 41.02648574243899
                },
                "mean": 29.739875642113926,
                "generation": 17,
                "diversity": 133.17129293154127
            },
            {
                "best": {
                    "class_name": "warrior",
                    "performance": 41.10262023297189
                },
                "mean": 30.241724699812508,
                "generation": 18,
                "diversity": 126.96201052600095
            },
            {
                "best": {
                    "class_name": "warrior",
                    "performance": 41.10262023297189
                },
                "mean": 31.028371092013508,
                "generation": 19,
                "diversity": 118.12078410422795
            },
            {
                "best": {
                    "class_name": "warrior",
                    "performance": 41.119893196424485
                },
                "mean": 31.41982194798088,
                "generation": 20,
                "diversity": 116.26289977780351
            },
            {
                "best": {
                    "class_name": "warrior",
                    "performance": 41.131863200120684
                },
                "mean": 31.626341313869744,
                "generation": 21,
                "diversity": 117.35451887972492
            },
            {
                "best": {
                    "class_name": "warrior",
                    "performance": 41.131863200120684
                },
                "mean": 32.26326533365906,
                "generation": 22,
                "diversity": 113.80061083119368
            },
            {
                "best": {
                    "class_name": "warrior",
                    "performance": 41.23835002837539
                },
                "mean": 32.33738959934973,
                "generation": 23,
                "diversity": 112.27378174871005
            },
            {
                "best": {
                    "class_name": "warrior",
                    "performance": 41.23835002837539
                },
                "mean": 32.29242859237951,
                "generation": 24,
                "diversity": 102.42707856458975
            },
            {
                "best": {
                    "class_name": "warrior",
                    "performance": 41.23835002837539
                },
                "mean": 32.426989734453656,
                "generation": 25,
                "diversity": 102.54235675130526
            },
            {
                "best": {
                    "class_name": "warrior",
                    "performance": 41.242441019551464
                },
                "mean": 32.61663995770353,
                "generation": 26,
                "diversity": 101.48502658036676
            },
            {
                "best": {
                    "class_name": "warrior",
                    "performance": 41.09514184464426
                },
                "mean": 32.53878010686052,
                "generation": 27,
                "diversity": 94.29802276635382
            },
            {
                "best": {
                    "class_name": "warrior",
                    "performance": 41.131741799007514
                },
                "mean": 32.7032178808688,
                "generation": 28,
                "diversity": 84.81549580328762
            },
            {
                "best": {
                    "class_name": "warrior",
                    "performance": 41.15461476711162
                },
                "mean": 33.185186348867816,
                "generation": 29,
                "diversity": 80.3361281113465
            },
            {
                "best": {
                    "class_name": "warrior",
                    "performance": 41.11789228368654
                },
                "mean": 33.26394814712205,
                "generation": 30,
                "diversity": 77.55389450834257
            },
            {
                "best": {
                    "class_name": "warrior",
                    "performance": 41.14507074313179
                },
                "mean": 33.59484342809207,
                "generation": 31,
                "diversity": 72.68012730856208
            },
            {
                "best": {
                    "class_name": "warrior",
                    "performance": 41.23332486810753
                },
                "mean": 33.66546992690222,
                "generation": 32,
                "diversity": 65.6836442453447
            },
            {
                "best": {
                    "class_name": "warrior",
                    "performance": 41.23332486810753
                },
                "mean": 33.75553927960335,
                "generation": 33,
                "diversity": 65.96913129224112
            },
            {
                "best": {
                    "class_name": "warrior",
                    "performance": 41.23332486810753
                },
                "mean": 33.8026381978649,
                "generation": 34,
                "diversity": 65.3424157239124
            },
            {
                "best": {
                    "class_name": "warrior",
                    "performance": 40.94074574550277
                },
                "mean": 33.76481005090247,
                "generation": 35,
                "diversity": 63.75296456112224
            },
            {
                "best": {
                    "class_name": "warrior",
                    "performance": 41.18055715005677
                },
                "mean": 33.57057249451906,
                "generation": 36,
                "diversity": 61.55042743799353
            },
            {
                "best": {
                    "class_name": "warrior",
                    "performance": 41.16190366409807
                },
                "mean": 33.50939890929214,
                "generation": 37,
                "diversity": 64.28096063218992
            },
            {
                "best": {
                    "class_name": "warrior",
                    "performance": 41.11295076987739
                },
                "mean": 33.84264034311328,
                "generation": 38,
                "diversity": 61.96226462611429
            },
            {
                "best": {
                    "class_name": "warrior",
                    "performance": 41.126221448383795
                },
                "mean": 34.02820921540331,
                "generation": 39,
                "diversity": 59.3474512103604
            },
            {
                "best": {
                    "class_name": "warrior",
                    "performance": 41.07919876606811
                },
                "mean": 34.48611928627623,
                "generation": 40,
                "diversity": 56.80355982432285
            },
            {
                "best": {
                    "class_name": "warrior",
                    "performance": 41.13557449415672
                },
                "mean": 34.57500505237926,
                "generation": 41,
                "diversity": 60.647910407908476
            },
            {
                "best": {
                    "class_name": "warrior",
                    "performance": 41.13329164507146
                },
                "mean": 34.45545185336217,
                "generation": 42,
                "diversity": 59.77342038533268
            },
            {
                "best": {
                    "class_name": "warrior",
                    "performance": 41.2369756676518
                },
                "mean": 34.49169466883101,
                "generation": 43,
                "diversity": 60.16285177800666
            }
        ]
    },
    "config": {
        "population_size": 700,
        "population_to_keep": 525,
        "class_name": "warrior",
        "selection_config_a": {
            "selection_type": "elite",
            "population_to_keep": 210,
            "tournament_size": 50,
            "threshold": 0.75,
            "initial_temperature": 30,
            "temperature_decay": 0.6,
            "min_temperature": 5
        },
        "selection_config_b": {
            "selection_type": "ranking",
            "population_to_keep": 315,
            "tournament_size": 50,
            "threshold": 0.75,
            "initial_temperature": 30,
            "temperature_decay": 0.6,
            "min_temperature": 5
        },
        "selection_config_rate": 0.4,
        "crossover_config": {
            "method": "uniform"
        },
        "mutation_config": {
            "mutation_type": "multi_gen",
            "mutation_rate": 0.3,
            "delta_mutation": 30
        },
        "replacement_config_a": {
            "type": "traditional",
            "quantity": 158,
            "gen_gap": 0.5
        },
        "replacement_config_b": {
            "type": "young_bias",
            "quantity": 367,
            "gen_gap": 0.5
        },
        "replacement_config_rate": 0.3,
        "end_condition_config": {
            "type": "content",
            "generations_to_check": 20,
            "generations": 500,
            "optimum_value": 61.5,
            "tolerance": 0.1,
            "structure_tolerance": 0.01,
            "structure_relevant_proportion": 0.98
        }
    }
}