{
    "results": {
        "best": {
            "solution": {
                "class_name": "warrior",
                "variables": {
                    "strength": 74.9045164578048,
                    "agility": 69.46958328558355,
                    "expertise": 5.6259002566116445,
                    "resistance": 0.0,
                    "life": 0.0,
                    "height": 1.93
                },
                "performance": 41.0732258742109
            },
            "generation": 36
        },
        "last_iterations": [
            {
                "best": {
                    "class_name": "warrior",
                    "performance": 25.590700127078627
                },
                "mean": 14.855296155363353,
                "generation": 1,
                "diversity": 252.2556436881799
            },
            {
                "best": {
                    "class_name": "warrior",
                    "performance": 25.590700127078627
                },
                "mean": 16.681029498808904,
                "generation": 2,
                "diversity": 220.57539285117116
            },
            {
                "best": {
                    "class_name": "warrior",
                    "performance": 25.611970098662177
                },
                "mean": 17.963126698205603,
                "generation": 3,
                "diversity": 186.29890956821637
            },
            {
                "best": {
                    "class_name": "warrior",
                    "performance": 27.07179722221359
                },
                "mean": 19.046582073752223,
                "generation": 4,
                "diversity": 157.9121688500551
            },
            {
                "best": {
                    "class_name": "warrior",
                    "performance": 25.977397576806457
                },
                "mean": 19.511744306942205,
                "generation": 5,
                "diversity": 131.8834086889486
            },
            {
                "best": {
                    "class_name": "warrior",
                    "performance": 27.91306851418671
                },
                "mean": 20.884382468787102,
                "generation": 6,
                "diversity": 105.40899914792176
            },
            {
                "best": {
                    "class_name": "warrior",
                    "performance": 32.090702360413886
                },
                "mean": 21.909430480182788,
                "generation": 7,
                "diversity": 99.46427214642142
            },
            {
                "best": {
                    "class_name": "warrior",
                    "performance": 32.090702360413886
                },
                "mean": 22.54048988843774,
                "generation": 8,
                "diversity": 82.41343990934728
            },
            {
                "best": {
                    "class_name": "warrior",
                    "performance": 32.090702360413886
                },
                "mean": 23.64255214891649,
                "generation": 9,
                "diversity": 68.90723706270111
            },
            {
                "best": {
                    "class_name": "warrior",
                    "performance": 35.203501763669614
                },
                "mean": 24.334066970704356,
                "generation": 10,
                "diversity": 57.984590433991315
            },
            {
                "best": {
                    "class_name": "warrior",
                    "performance": 32.075860667797905
                },
                "mean": 24.628046391369175,
                "generation": 11,
                "diversity": 56.662551098664494
            },
            {
                "best": {
                    "class_name": "warrior",
                    "performance": 35.53705618308612
                },
                "mean": 25.63140062676213,
                "generation": 12,
                "diversity": 50.682112609454244
            },
            {
                "best": {
                    "class_name": "warrior",
                    "performance": 34.690085961026135
                },
                "mean": 26.121268329544694,
                "generation": 13,
                "diversity": 46.7054436931703
            },
            {
                "best": {
                    "class_name": "warrior",
                    "performance": 34.690085961026135
                },
                "mean": 26.493498631326332,
                "generation": 14,
                "diversity": 45.39204702313746
            },
            {
                "best": {
                    "class_name": "warrior",
                    "performance": 35.18036256406466
                },
                "mean": 26.71381837710432,
                "generation": 15,
                "diversity": 47.23826149470738
            },
            {
                "best": {
                    "class_name": "warrior",
                    "performance": 34.66545409917334
                },
                "mean": 27.698709010429393,
                "generation": 16,
                "diversity": 44.86944371506225
            },
            {
                "best": {
                    "class_name": "warrior",
                    "performance": 34.66545409917334
                },
                "mean": 28.916098442683406,
                "generation": 17,
                "diversity": 38.32537542681718
            },
            {
                "best": {
                    "class_name": "warrior",
                    "performance": 37.424370866558135
                },
                "mean": 29.419681473904514,
                "generation": 18,
                "diversity": 43.86441694769804
            },
            {
                "best": {
                    "class_name": "warrior",
                    "performance": 39.698882164084836
                },
                "mean": 30.35724149090233,
                "generation": 19,
                "diversity": 47.88215016424504
            },
            {
                "best": {
                    "class_name": "warrior",
                    "performance": 40.0924832817673
                },
                "mean": 31.335904770497187,
                "generation": 20,
                "diversity": 37.578192195535
            },
            {
                "best": {
                    "class_name": "warrior",
                    "performance": 39.63764990739527
                },
                "mean": 31.494628386592126,
                "generation": 21,
                "diversity": 33.131602222179154
            },
            {
                "best": {
                    "class_name": "warrior",
                    "performance": 39.327459939444246
                },
                "mean": 32.54843819745551,
                "generation": 22,
                "diversity": 33.67017273750319
            },
            {
                "best": {
                    "class_name": "warrior",
                    "performance": 39.66769425890619
                },
                "mean": 33.35115637970652,
                "generation": 23,
                "diversity": 33.92919540242578
            },
            {
                "best": {
                    "class_name": "warrior",
                    "performance": 39.327459939444246
                },
                "mean": 33.2717163218298,
                "generation": 24,
                "diversity": 35.46641146666433
            },
            {
                "best": {
                    "class_name": "warrior",
                    "performance": 39.673697631519204
                },
                "mean": 33.3491053764724,
                "generation": 25,
                "diversity": 36.74393955018828
            },
            {
                "best": {
                    "class_name": "warrior",
                    "performance": 39.891637776473736
                },
                "mean": 34.511782726385626,
                "generation": 26,
                "diversity": 32.98940257972816
            },
            {
                "best": {
                    "class_name": "warrior",
                    "performance": 39.961681853963036
                },
                "mean": 34.45401560881504,
                "generation": 27,
                "diversity": 32.50620788848119
            },
            {
                "best": {
                    "class_name": "warrior",
                    "performance": 39.891637776473736
                },
                "mean": 33.853490280333155,
                "generation": 28,
                "diversity": 33.65912581469859
            },
            {
                "best": {
                    "class_name": "warrior",
                    "performance": 39.75616912545986
                },
                "mean": 33.80402459929261,
                "generation": 29,
                "diversity": 37.49915410801056
            },
            {
                "best": {
                    "class_name": "warrior",
                    "performance": 40.027986723718776
                },
                "mean": 34.34469897517737,
                "generation": 30,
                "diversity": 35.02544274583381
            },
            {
                "best": {
                    "class_name": "warrior",
                    "performance": 39.75616912545986
                },
                "mean": 34.56285461920609,
                "generation": 31,
                "diversity": 37.53229556414578
            },
            {
                "best": {
                    "class_name": "warrior",
                    "performance": 39.61689733472321
                },
                "mean": 34.7600347147697,
                "generation": 32,
                "diversity": 34.460836878674236
            },
            {
                "best": {
                    "class_name": "warrior",
                    "performance": 41.01069436759605
                },
                "mean": 35.31960569748291,
                "generation": 33,
                "diversity": 34.97446585524079
            },
            {
                "best": {
                    "class_name": "warrior",
                    "performance": 40.88814504460762
                },
                "mean": 35.61340631039374,
                "generation": 34,
                "diversity": 42.31644378509879
            },
            {
                "best": {
                    "class_name": "warrior",
                    "performance": 40.89959515711287
                },
                "mean": 35.31029607219704,
                "generation": 35,
                "diversity": 41.37753908057859
            },
            {
                "best": {
                    "class_name": "warrior",
                    "performance": 41.0732258742109
                },
                "mean": 35.318409231204434,
                "generation": 36,
                "diversity": 35.360642214195416
            },
            {
                "best": {
                    "class_name": "warrior",
                    "performance": 40.121102675353164
                },
                "mean": 35.17634612558694,
                "generation": 37,
                "diversity": 41.20186491976224
            },
            {
                "best": {
                    "class_name": "warrior",
                    "performance": 39.57238129796329
                },
                "mean": 35.294274240703274,
                "generation": 38,
                "diversity": 40.492976188364615
            },
            {
                "best": {
                    "class_name": "warrior",
                    "performance": 40.03707145181567
                },
                "mean": 35.27114793230076,
                "generation": 39,
                "diversity": 39.21542920926261
            },
            {
                "best": {
                    "class_name": "warrior",
                    "performance": 39.78998479389553
                },
                "mean": 34.78303802749509,
                "generation": 40,
                "diversity": 41.539190242297614
            },
            {
                "best": {
                    "class_name": "warrior",
                    "performance": 39.85972535050224
                },
                "mean": 35.255884562297474,
                "generation": 41,
                "diversity": 37.32747124383812
            },
            {
                "best": {
                    "class_name": "warrior",
                    "performance": 39.99494143416388
                },
                "mean": 35.42045628601825,
                "generation": 42,
                "diversity": 31.669718021048514
            },
            {
                "best": {
                    "class_name": "warrior",
                    "performance": 39.99494143416388
                },
                "mean": 35.855641357757186,
                "generation": 43,
                "diversity": 28.471776042687196
            },
            {
                "best": {
                    "class_name": "warrior",
                    "performance": 40.09648945875271
                },
                "mean": 36.46319158824987,
                "generation": 44,
                "diversity": 23.929831945566377
            },
            {
                "best": {
                    "class_name": "warrior",
                    "performance": 40.74989889815588
                },
                "mean": 36.45302603379751,
                "generation": 45,
                "diversity": 24.46185753243151
            },
            {
                "best": {
                    "class_name": "warrior",
                    "performance": 40.19862540782421
                },
                "mean": 36.876026975231724,
                "generation": 46,
                "diversity": 23.39314009493207
            },
            {
                "best": {
                    "class_name": "warrior",
                    "performance": 40.6994412224669
                },
                "mean": 37.251585800257914,
                "generation": 47,
                "diversity": 26.435317432927643
            },
            {
                "best": {
                    "class_name": "warrior",
                    "performance": 40.422532054731164
                },
                "mean": 36.850106731956664,
                "generation": 48,
                "diversity": 24.59105853226256
            },
            {
                "best": {
                    "class_name": "warrior",
                    "performance": 40.44815125215603
                },
                "mean": 36.568880695532776,
                "generation": 49,
                "diversity": 28.156479981694
            },
            {
                "best": {
                    "class_name": "warrior",
                    "performance": 40.46077771396181
                },
                "mean": 36.72874367065638,
                "generation": 50,
                "diversity": 29.007268951575124
            },
            {
                "best": {
                    "class_name": "warrior",
                    "performance": 40.422532054731164
                },
                "mean": 37.11698699082128,
                "generation": 51,
                "diversity": 27.63165497454364
            },
            {
                "best": {
                    "class_name": "warrior",
                    "performance": 40.45807354314619
                },
                "mean": 36.698784099860845,
                "generation": 52,
                "diversity": 29.438430508304048
            },
            {
                "best": {
                    "class_name": "warrior",
                    "performance": 40.6728148618142
                },
                "mean": 37.1195291113321,
                "generation": 53,
                "diversity": 24.814997412545576
            },
            {
                "best": {
                    "class_name": "warrior",
                    "performance": 41.043056784749474
                },
                "mean": 37.11646461929506,
                "generation": 54,
                "diversity": 16.814256285432435
            },
            {
                "best": {
                    "class_name": "warrior",
                    "performance": 41.043056784749474
                },
                "mean": 37.602233421091995,
                "generation": 55,
                "diversity": 17.28865234043884
            },
            {
                "best": {
                    "class_name": "warrior",
                    "performance": 40.36111153801395
                },
                "mean": 37.828287372384814,
                "generation": 56,
                "diversity": 16.622241276100247
            }
        ]
    },
    "config": {
        "population_size": 200,
        "population_to_keep": 100,
        "class_name": "warrior",
        "selection_config_a": {
            "selection_type": "elite",
            "population_to_keep": 50,
            "tournament_size": 50,
            "threshold": 0.75,
            "initial_temperature": 30,
            "temperature_decay": 0.6,
            "min_temperature": 5
        },
        "selection_config_b": {
            "selection_type": "roulette",
            "population_to_keep": 50,
            "tournament_size": 50,
            "threshold": 0.75,
            "initial_temperature": 30,
            "temperature_decay": 0.6,
            "min_temperature": 5
        },
        "selection_config_rate": 0.5,
        "crossover_config": {
            "method": "uniform"
        },
        "mutation_config": {
            "mutation_type": "multi_gen",
            "mutation_rate": 0.2,
            "delta_mutation": 15
        },
        "replacement_config_a": {
            "type": "traditional",
            "quantity": 50,
            "gen_gap": 0.5
        },
        "replacement_config_b": {
            "type": "young_bias",
            "quantity": 50,
            "gen_gap": 0.5
        },
        "replacement_config_rate": 0.5,
        "end_condition_config": {
            "type": "content",
            "generations_to_check": 20,
            "generations": 500,
            "optimum_value": 61.5,
            "tolerance": 0.1,
            "structure_tolerance": 0.01,
            "structure_relevant_proportion": 0.98
        }
    }
}