{
    "results": {
        "best": {
            "solution": {
                "class_name": "warrior",
                "variables": {
                    "strength": 74.94844357573949,
                    "agility": 75.05155642426051,
                    "expertise": 0.0,
                    "resistance": 0.0,
                    "life": 0.0,
                    "height": 1.9200000000000002
                },
                "performance": 41.24451751069781
            },
            "generation": 59
        },
        "last_iterations": [
            {
                "best": {
                    "class_name": "warrior",
                    "performance": 31.548713356110632
                },
                "mean": 15.912112450769092,
                "generation": 1,
                "diversity": 205.9232912581433
            },
            {
                "best": {
                    "class_name": "warrior",
                    "performance": 27.30606750163085
                },
                "mean": 16.244663207993764,
                "generation": 2,
                "diversity": 193.9126922433695
            },
            {
                "best": {
                    "class_name": "warrior",
                    "performance": 29.632788610567243
                },
                "mean": 16.841517384350354,
                "generation": 3,
                "diversity": 201.7024007213702
            },
            {
                "best": {
                    "class_name": "warrior",
                    "performance": 33.186922216252114
                },
                "mean": 18.253866051882458,
                "generation": 4,
                "diversity": 175.45554901077693
            },
            {
                "best": {
                    "class_name": "warrior",
                    "performance": 33.186922216252114
                },
                "mean": 19.00095543153324,
                "generation": 5,
                "diversity": 167.3300220840965
            },
            {
                "best": {
                    "class_name": "warrior",
                    "performance": 33.186922216252114
                },
                "mean": 20.636921343810908,
                "generation": 6,
                "diversity": 162.37907331200748
            },
            {
                "best": {
                    "class_name": "warrior",
                    "performance": 33.95068208791552
                },
                "mean": 21.75921933313635,
                "generation": 7,
                "diversity": 146.17811746865485
            },
            {
                "best": {
                    "class_name": "warrior",
                    "performance": 38.020337319268606
                },
                "mean": 23.39721772359807,
                "generation": 8,
                "diversity": 146.72468626304467
            },
            {
                "best": {
                    "class_name": "warrior",
                    "performance": 35.041883131832336
                },
                "mean": 24.233732677837935,
                "generation": 9,
                "diversity": 133.70818809021253
            },
            {
                "best": {
                    "class_name": "warrior",
                    "performance": 37.217587655313935
                },
                "mean": 25.601647019583066,
                "generation": 10,
                "diversity": 122.90237720769603
            },
            {
                "best": {
                    "class_name": "warrior",
                    "performance": 37.569122138754395
                },
                "mean": 27.0524116685987,
                "generation": 11,
                "diversity": 116.00548575260306
            },
            {
                "best": {
                    "class_name": "warrior",
                    "performance": 38.568375294218875
                },
                "mean": 27.624076088467902,
                "generation": 12,
                "diversity": 122.19342392869892
            },
            {
                "best": {
                    "class_name": "warrior",
                    "performance": 37.569122138754395
                },
                "mean": 29.115188711869287,
                "generation": 13,
                "diversity": 110.00963786531473
            },
            {
                "best": {
                    "class_name": "warrior",
                    "performance": 38.04054166847838
                },
                "mean": 29.799228094167386,
                "generation": 14,
                "diversity": 112.94012029868391
            },
            {
                "best": {
                    "class_name": "warrior",
                    "performance": 38.67739964643203
                },
                "mean": 30.400299187400282,
                "generation": 15,
                "diversity": 95.7628418073777
            },
            {
                "best": {
                    "class_name": "warrior",
                    "performance": 39.14942388316157
                },
                "mean": 31.210632891341312,
                "generation": 16,
                "diversity": 80.36912690120127
            },
            {
                "best": {
                    "class_name": "warrior",
                    "performance": 39.46692773236338
                },
                "mean": 31.76001996847431,
                "generation": 17,
                "diversity": 79.28858159144526
            },
            {
                "best": {
                    "class_name": "warrior",
                    "performance": 39.48112992503787
                },
                "mean": 31.995919276775822,
                "generation": 18,
                "diversity": 83.66579916019772
            },
            {
                "best": {
                    "class_name": "warrior",
                    "performance": 39.48112992503787
                },
                "mean": 32.37805028526145,
                "generation": 19,
                "diversity": 66.44188523205834
            },
            {
                "best": {
                    "class_name": "warrior",
                    "performance": 40.15553727098865
                },
                "mean": 33.521306652895326,
                "generation": 20,
                "diversity": 63.15824741373592
            },
            {
                "best": {
                    "class_name": "warrior",
                    "performance": 40.70839298427813
                },
                "mean": 33.823630023511555,
                "generation": 21,
                "diversity": 56.34624519137768
            },
            {
                "best": {
                    "class_name": "warrior",
                    "performance": 40.56486997096562
                },
                "mean": 34.60191978507648,
                "generation": 22,
                "diversity": 51.785708191741584
            },
            {
                "best": {
                    "class_name": "warrior",
                    "performance": 40.70526738671878
                },
                "mean": 34.9585776285867,
                "generation": 23,
                "diversity": 48.06844969536945
            },
            {
                "best": {
                    "class_name": "warrior",
                    "performance": 40.554792457710526
                },
                "mean": 35.02492325971336,
                "generation": 24,
                "diversity": 45.11194331439595
            },
            {
                "best": {
                    "class_name": "warrior",
                    "performance": 40.77218339473538
                },
                "mean": 35.92012862501861,
                "generation": 25,
                "diversity": 41.4844102326906
            },
            {
                "best": {
                    "class_name": "warrior",
                    "performance": 40.511564163801985
                },
                "mean": 36.31382487318516,
                "generation": 26,
                "diversity": 33.81810718275073
            },
            {
                "best": {
                    "class_name": "warrior",
                    "performance": 40.41138439982024
                },
                "mean": 36.246568694177675,
                "generation": 27,
                "diversity": 35.260688173528926
            },
            {
                "best": {
                    "class_name": "warrior",
                    "performance": 40.65904014888167
                },
                "mean": 36.56625505072547,
                "generation": 28,
                "diversity": 30.921708619238192
            },
            {
                "best": {
                    "class_name": "warrior",
                    "performance": 40.980394756788264
                },
                "mean": 37.412893529759565,
                "generation": 29,
                "diversity": 26.3945045750457
            },
            {
                "best": {
                    "class_name": "warrior",
                    "performance": 40.6867502033647
                },
                "mean": 38.09178831506822,
                "generation": 30,
                "diversity": 19.0562451309505
            },
            {
                "best": {
                    "class_name": "warrior",
                    "performance": 40.87771254706978
                },
                "mean": 37.99216895905619,
                "generation": 31,
                "diversity": 23.140810910141724
            },
            {
                "best": {
                    "class_name": "warrior",
                    "performance": 41.14502041064167
                },
                "mean": 37.99528266680563,
                "generation": 32,
                "diversity": 22.505332296871032
            },
            {
                "best": {
                    "class_name": "warrior",
                    "performance": 40.74412868021423
                },
                "mean": 38.19745424672941,
                "generation": 33,
                "diversity": 19.081091605154537
            },
            {
                "best": {
                    "class_name": "warrior",
                    "performance": 40.87259361828569
                },
                "mean": 38.508474495340344,
                "generation": 34,
                "diversity": 19.47201842774655
            },
            {
                "best": {
                    "class_name": "warrior",
                    "performance": 41.1106563244223
                },
                "mean": 38.33214247608595,
                "generation": 35,
                "diversity": 20.16499455093911
            },
            {
                "best": {
                    "class_name": "warrior",
                    "performance": 41.14582220118856
                },
                "mean": 38.93460328086945,
                "generation": 36,
                "diversity": 20.464455138051925
            },
            {
                "best": {
                    "class_name": "warrior",
                    "performance": 41.12715188342961
                },
                "mean": 39.14365013337834,
                "generation": 37,
                "diversity": 21.19472999808435
            },
            {
                "best": {
                    "class_name": "warrior",
                    "performance": 41.13260143798567
                },
                "mean": 38.93121634769406,
                "generation": 38,
                "diversity": 18.965192733040926
            },
            {
                "best": {
                    "class_name": "warrior",
                    "performance": 41.219689109122974
                },
                "mean": 39.08737530048329,
                "generation": 39,
                "diversity": 17.194707931601787
            },
            {
                "best": {
                    "class_name": "warrior",
                    "performance": 41.219249803370914
                },
                "mean": 39.18373486598603,
                "generation": 40,
                "diversity": 19.493251898682015
            },
            {
                "best": {
                    "class_name": "warrior",
                    "performance": 41.24036370585794
                },
                "mean": 38.997504858373745,
                "generation": 41,
                "diversity": 17.427385598109005
            },
            {
                "best": {
                    "class_name": "warrior",
                    "performance": 41.14805160525669
                },
                "mean": 38.91883571889944,
                "generation": 42,
                "diversity": 16.250774114995
            },
            {
                "best": {
                    "class_name": "warrior",
                    "performance": 41.15181888316598
                },
                "mean": 38.379769107082964,
                "generation": 43,
                "diversity": 16.62455868857793
            },
            {
                "best": {
                    "class_name": "warrior",
                    "performance": 41.13129322497446
                },
                "mean": 38.66984431766795,
                "generation": 44,
                "diversity": 13.771091561970222
            },
            {
                "best": {
                    "class_name": "warrior",
                    "performance": 41.22078343977654
                },
                "mean": 38.31873385916582,
                "generation": 45,
                "diversity": 14.927534768414445
            },
            {
                "best": {
                    "class_name": "warrior",
                    "performance": 41.22078343977654
                },
                "mean": 37.9368454119232,
                "generation": 46,
                "diversity": 18.057502657207007
            },
            {
                "best": {
                    "class_name": "warrior",
                    "performance": 41.22078343977654
                },
                "mean": 37.92001530486763,
                "generation": 47,
                "diversity": 19.826717848246137
            },
            {
                "best": {
                    "class_name": "warrior",
                    "performance": 41.13090906192014
                },
                "mean": 37.790729637245875,
                "generation": 48,
                "diversity": 18.559713680372475
            },
            {
                "best": {
                    "class_name": "warrior",
                    "performance": 41.18879596633089
                },
                "mean": 38.00539050483767,
                "generation": 49,
                "diversity": 16.64695055891564
            },
            {
                "best": {
                    "class_name": "warrior",
                    "performance": 41.18879596633089
                },
                "mean": 38.13747490854915,
                "generation": 50,
                "diversity": 14.538580965855315
            },
            {
                "best": {
                    "class_name": "warrior",
                    "performance": 41.10270634126566
                },
                "mean": 38.244337513449146,
                "generation": 51,
                "diversity": 18.84618355879819
            },
            {
                "best": {
                    "class_name": "warrior",
                    "performance": 41.14117250690577
                },
                "mean": 38.08985712155759,
                "generation": 52,
                "diversity": 21.225159998126603
            },
            {
                "best": {
                    "class_name": "warrior",
                    "performance": 41.193031046376774
                },
                "mean": 37.79468281477434,
                "generation": 53,
                "diversity": 21.92887879283492
            },
            {
                "best": {
                    "class_name": "warrior",
                    "performance": 41.22884607516155
                },
                "mean": 37.91752715744766,
                "generation": 54,
                "diversity": 22.25731017715361
            },
            {
                "best": {
                    "class_name": "warrior",
                    "performance": 41.223434060673526
                },
                "mean": 37.62410107011458,
                "generation": 55,
                "diversity": 23.560057525147112
            },
            {
                "best": {
                    "class_name": "warrior",
                    "performance": 41.15370038991964
                },
                "mean": 37.9512005859845,
                "generation": 56,
                "diversity": 22.915034357710116
            },
            {
                "best": {
                    "class_name": "warrior",
                    "performance": 41.220214688565804
                },
                "mean": 37.86774896308291,
                "generation": 57,
                "diversity": 22.411512481596535
            },
            {
                "best": {
                    "class_name": "warrior",
                    "performance": 41.20714283482001
                },
                "mean": 38.0818322259317,
                "generation": 58,
                "diversity": 19.07253347296
            },
            {
                "best": {
                    "class_name": "warrior",
                    "performance": 41.24451751069781
                },
                "mean": 37.98268138696456,
                "generation": 59,
                "diversity": 21.956141133434766
            },
            {
                "best": {
                    "class_name": "warrior",
                    "performance": 41.24451751069781
                },
                "mean": 38.16603799196859,
                "generation": 60,
                "diversity": 21.739424661969604
            },
            {
                "best": {
                    "class_name": "warrior",
                    "performance": 41.24451751069781
                },
                "mean": 38.249175874962944,
                "generation": 61,
                "diversity": 21.328061556611157
            }
        ]
    },
    "config": {
        "population_size": 300,
        "population_to_keep": 150,
        "class_name": "warrior",
        "selection_config_a": {
            "selection_type": "elite",
            "population_to_keep": 75,
            "tournament_size": 50,
            "threshold": 0.75,
            "initial_temperature": 30,
            "temperature_decay": 0.6,
            "min_temperature": 5
        },
        "selection_config_b": {
            "selection_type": "roulette",
            "population_to_keep": 75,
            "tournament_size": 50,
            "threshold": 0.75,
            "initial_temperature": 30,
            "temperature_decay": 0.6,
            "min_temperature": 5
        },
        "selection_config_rate": 0.5,
        "crossover_config": {
            "method": "uniform"
        },
        "mutation_config": {
            "mutation_type": "multi_gen",
            "mutation_rate": 0.2,
            "delta_mutation": 15
        },
        "replacement_config_a": {
            "type": "traditional",
            "quantity": 75,
            "gen_gap": 0.5
        },
        "replacement_config_b": {
            "type": "young_bias",
            "quantity": 75,
            "gen_gap": 0.5
        },
        "replacement_config_rate": 0.5,
        "end_condition_config": {
            "type": "content",
            "generations_to_check": 20,
            "generations": 500,
            "optimum_value": 61.5,
            "tolerance": 0.1,
            "structure_tolerance": 0.01,
            "structure_relevant_proportion": 0.98
        }
    }
}