{
    "results": {
        "best": {
            "solution": {
                "class_name": "warrior",
                "variables": {
                    "strength": 72.17900277241746,
                    "agility": 58.287001675836855,
                    "expertise": 19.53399555174568,
                    "resistance": 0.0,
                    "life": 0.0,
                    "height": 1.92
                },
                "performance": 40.46912861440223
            },
            "generation": 15
        },
        "last_iterations": [
            {
                "best": {
                    "class_name": "warrior",
                    "performance": 31.869383478422826
                },
                "mean": 16.92038974231336,
                "generation": 1,
                "diversity": 235.86802005461655
            },
            {
                "best": {
                    "class_name": "warrior",
                    "performance": 36.22467262664427
                },
                "mean": 17.6929200607476,
                "generation": 2,
                "diversity": 199.14057842831332
            },
            {
                "best": {
                    "class_name": "warrior",
                    "performance": 34.46372582967533
                },
                "mean": 18.893109744906216,
                "generation": 3,
                "diversity": 172.04053921493468
            },
            {
                "best": {
                    "class_name": "warrior",
                    "performance": 34.97706751560487
                },
                "mean": 19.905591747439146,
                "generation": 4,
                "diversity": 147.49651272995072
            },
            {
                "best": {
                    "class_name": "warrior",
                    "performance": 33.01147136359821
                },
                "mean": 20.699406260590834,
                "generation": 5,
                "diversity": 131.2399735132243
            },
            {
                "best": {
                    "class_name": "warrior",
                    "performance": 38.49387660870906
                },
                "mean": 21.769904021116186,
                "generation": 6,
                "diversity": 117.10469058573686
            },
            {
                "best": {
                    "class_name": "warrior",
                    "performance": 39.140941704198816
                },
                "mean": 22.598014159575346,
                "generation": 7,
                "diversity": 122.10746245849901
            },
            {
                "best": {
                    "class_name": "warrior",
                    "performance": 39.140941704198816
                },
                "mean": 23.92526609902092,
                "generation": 8,
                "diversity": 107.88958148831335
            },
            {
                "best": {
                    "class_name": "warrior",
                    "performance": 38.37624253747495
                },
                "mean": 24.875232134986348,
                "generation": 9,
                "diversity": 97.11340548028886
            },
            {
                "best": {
                    "class_name": "warrior",
                    "performance": 38.83008408996699
                },
                "mean": 26.05583534476955,
                "generation": 10,
                "diversity": 83.22162325708753
            },
            {
                "best": {
                    "class_name": "warrior",
                    "performance": 38.83008408996699
                },
                "mean": 26.734960046551926,
                "generation": 11,
                "diversity": 75.39458141578856
            },
            {
                "best": {
                    "class_name": "warrior",
                    "performance": 39.13190024337525
                },
                "mean": 28.14074970062433,
                "generation": 12,
                "diversity": 63.661009841660615
            },
            {
                "best": {
                    "class_name": "warrior",
                    "performance": 39.06331532460934
                },
                "mean": 29.236982154107793,
                "generation": 13,
                "diversity": 66.88779203209334
            },
            {
                "best": {
                    "class_name": "warrior",
                    "performance": 39.67518479550242
                },
                "mean": 30.25135847924948,
                "generation": 14,
                "diversity": 59.70679166611609
            },
            {
                "best": {
                    "class_name": "warrior",
                    "performance": 40.46912861440223
                },
                "mean": 30.936305396092017,
                "generation": 15,
                "diversity": 56.891397570902704
            },
            {
                "best": {
                    "class_name": "warrior",
                    "performance": 39.49676293740142
                },
                "mean": 32.16865158470965,
                "generation": 16,
                "diversity": 45.00707415151704
            },
            {
                "best": {
                    "class_name": "warrior",
                    "performance": 39.69778223794107
                },
                "mean": 32.238741706946385,
                "generation": 17,
                "diversity": 46.02714392658581
            },
            {
                "best": {
                    "class_name": "warrior",
                    "performance": 39.69778223794107
                },
                "mean": 33.24401401330227,
                "generation": 18,
                "diversity": 34.14272378388822
            },
            {
                "best": {
                    "class_name": "warrior",
                    "performance": 39.80982175433557
                },
                "mean": 33.761759194290036,
                "generation": 19,
                "diversity": 30.031261508287134
            },
            {
                "best": {
                    "class_name": "warrior",
                    "performance": 39.950306795355
                },
                "mean": 33.97184510229944,
                "generation": 20,
                "diversity": 29.908647854053367
            },
            {
                "best": {
                    "class_name": "warrior",
                    "performance": 39.742624155907755
                },
                "mean": 34.324850780933986,
                "generation": 21,
                "diversity": 28.21850393262594
            },
            {
                "best": {
                    "class_name": "warrior",
                    "performance": 40.0916670818199
                },
                "mean": 34.65690339517952,
                "generation": 22,
                "diversity": 26.980408090466153
            },
            {
                "best": {
                    "class_name": "warrior",
                    "performance": 40.462131987098935
                },
                "mean": 35.15514851080914,
                "generation": 23,
                "diversity": 27.092926893174752
            },
            {
                "best": {
                    "class_name": "warrior",
                    "performance": 40.0916670818199
                },
                "mean": 35.122695385351044,
                "generation": 24,
                "diversity": 27.133065926960967
            },
            {
                "best": {
                    "class_name": "warrior",
                    "performance": 39.928127972460004
                },
                "mean": 35.17396966708185,
                "generation": 25,
                "diversity": 25.97515236034189
            },
            {
                "best": {
                    "class_name": "warrior",
                    "performance": 39.932315959728776
                },
                "mean": 35.34082419517606,
                "generation": 26,
                "diversity": 21.72890150326828
            },
            {
                "best": {
                    "class_name": "warrior",
                    "performance": 39.932315959728776
                },
                "mean": 35.33781481870095,
                "generation": 27,
                "diversity": 21.111080201872742
            },
            {
                "best": {
                    "class_name": "warrior",
                    "performance": 39.932315959728776
                },
                "mean": 35.79960341680604,
                "generation": 28,
                "diversity": 18.659822316441822
            },
            {
                "best": {
                    "class_name": "warrior",
                    "performance": 39.935578799789496
                },
                "mean": 36.073733430896915,
                "generation": 29,
                "diversity": 17.666834157901622
            },
            {
                "best": {
                    "class_name": "warrior",
                    "performance": 40.142178359203555
                },
                "mean": 36.28691134635891,
                "generation": 30,
                "diversity": 17.27776179498579
            },
            {
                "best": {
                    "class_name": "warrior",
                    "performance": 39.857224477401665
                },
                "mean": 36.37655491338815,
                "generation": 31,
                "diversity": 15.499306804622057
            },
            {
                "best": {
                    "class_name": "warrior",
                    "performance": 40.36354524838279
                },
                "mean": 36.26219269137193,
                "generation": 32,
                "diversity": 16.036895430600257
            },
            {
                "best": {
                    "class_name": "warrior",
                    "performance": 39.85017144387319
                },
                "mean": 36.554699181827395,
                "generation": 33,
                "diversity": 15.043071077310072
            },
            {
                "best": {
                    "class_name": "warrior",
                    "performance": 40.183666828208466
                },
                "mean": 36.58963781835611,
                "generation": 34,
                "diversity": 13.720902328985739
            },
            {
                "best": {
                    "class_name": "warrior",
                    "performance": 40.183666828208466
                },
                "mean": 36.384605004525035,
                "generation": 35,
                "diversity": 15.301948690175594
            }
        ]
    },
    "config": {
        "population_size": 600,
        "population_to_keep": 300,
        "class_name": "warrior",
        "selection_config_a": {
            "selection_type": "elite",
            "population_to_keep": 150,
            "tournament_size": 50,
            "threshold": 0.75,
            "initial_temperature": 30,
            "temperature_decay": 0.6,
            "min_temperature": 5
        },
        "selection_config_b": {
            "selection_type": "roulette",
            "population_to_keep": 150,
            "tournament_size": 50,
            "threshold": 0.75,
            "initial_temperature": 30,
            "temperature_decay": 0.6,
            "min_temperature": 5
        },
        "selection_config_rate": 0.5,
        "crossover_config": {
            "method": "uniform"
        },
        "mutation_config": {
            "mutation_type": "multi_gen",
            "mutation_rate": 0.2,
            "delta_mutation": 15
        },
        "replacement_config_a": {
            "type": "traditional",
            "quantity": 150,
            "gen_gap": 0.5
        },
        "replacement_config_b": {
            "type": "young_bias",
            "quantity": 150,
            "gen_gap": 0.5
        },
        "replacement_config_rate": 0.5,
        "end_condition_config": {
            "type": "content",
            "generations_to_check": 20,
            "generations": 500,
            "optimum_value": 61.5,
            "tolerance": 0.1,
            "structure_tolerance": 0.01,
            "structure_relevant_proportion": 0.98
        }
    }
}