{
    "results": {
        "best": {
            "solution": {
                "class_name": "warrior",
                "variables": {
                    "strength": 75.88599217418923,
                    "agility": 74.11400782581076,
                    "expertise": 0.0,
                    "resistance": 0.0,
                    "life": 0.0,
                    "height": 1.9100000000000001
                },
                "performance": 41.236353165636494
            },
            "generation": 19
        },
        "last_iterations": [
            {
                "best": {
                    "class_name": "warrior",
                    "performance": 32.52472127418803
                },
                "mean": 15.421747172536262,
                "generation": 0,
                "diversity": 246.77161663477088
            },
            {
                "best": {
                    "class_name": "warrior",
                    "performance": 34.12484926838739
                },
                "mean": 16.037064976405418,
                "generation": 1,
                "diversity": 243.78126691194097
            },
            {
                "best": {
                    "class_name": "warrior",
                    "performance": 32.4534006071725
                },
                "mean": 17.05231420383885,
                "generation": 2,
                "diversity": 224.97512978213797
            },
            {
                "best": {
                    "class_name": "warrior",
                    "performance": 32.77230926039982
                },
                "mean": 18.006009419577673,
                "generation": 3,
                "diversity": 215.5014736457771
            },
            {
                "best": {
                    "class_name": "warrior",
                    "performance": 33.19805088797384
                },
                "mean": 18.59272763415545,
                "generation": 4,
                "diversity": 196.45181078564084
            },
            {
                "best": {
                    "class_name": "warrior",
                    "performance": 34.89240152268352
                },
                "mean": 19.44422835845068,
                "generation": 5,
                "diversity": 207.33864593852516
            },
            {
                "best": {
                    "class_name": "warrior",
                    "performance": 35.11407290471938
                },
                "mean": 20.242450328124367,
                "generation": 6,
                "diversity": 198.06618965073676
            },
            {
                "best": {
                    "class_name": "warrior",
                    "performance": 35.168865713742726
                },
                "mean": 21.311921463686,
                "generation": 7,
                "diversity": 195.79550311362405
            },
            {
                "best": {
                    "class_name": "warrior",
                    "performance": 34.707967945021565
                },
                "mean": 22.641589915288336,
                "generation": 8,
                "diversity": 192.24642226902165
            },
            {
                "best": {
                    "class_name": "warrior",
                    "performance": 36.460819421548834
                },
                "mean": 24.395381010351755,
                "generation": 9,
                "diversity": 168.38429729978978
            },
            {
                "best": {
                    "class_name": "warrior",
                    "performance": 38.676179406414505
                },
                "mean": 25.636404296600837,
                "generation": 10,
                "diversity": 159.15809039492228
            },
            {
                "best": {
                    "class_name": "warrior",
                    "performance": 38.448885286251645
                },
                "mean": 25.87042232190094,
                "generation": 11,
                "diversity": 165.89097426181272
            },
            {
                "best": {
                    "class_name": "warrior",
                    "performance": 40.837167821866636
                },
                "mean": 26.5805229134031,
                "generation": 12,
                "diversity": 153.49457646538323
            },
            {
                "best": {
                    "class_name": "warrior",
                    "performance": 40.25185231435568
                },
                "mean": 27.41544087700348,
                "generation": 13,
                "diversity": 143.5630217375054
            },
            {
                "best": {
                    "class_name": "warrior",
                    "performance": 40.36286073873806
                },
                "mean": 28.467665952231414,
                "generation": 14,
                "diversity": 139.19131514560158
            },
            {
                "best": {
                    "class_name": "warrior",
                    "performance": 40.413542534657644
                },
                "mean": 29.160328348485578,
                "generation": 15,
                "diversity": 131.88143981313547
            },
            {
                "best": {
                    "class_name": "warrior",
                    "performance": 41.01357607657878
                },
                "mean": 29.901330211924478,
                "generation": 16,
                "diversity": 131.13035004093578
            },
            {
                "best": {
                    "class_name": "warrior",
                    "performance": 41.1563423249028
                },
                "mean": 30.31806306862895,
                "generation": 17,
                "diversity": 122.29629896768239
            },
            {
                "best": {
                    "class_name": "warrior",
                    "performance": 40.91541566433165
                },
                "mean": 30.135451762681974,
                "generation": 18,
                "diversity": 118.96179567442307
            },
            {
                "best": {
                    "class_name": "warrior",
                    "performance": 41.236353165636494
                },
                "mean": 30.56290429737869,
                "generation": 19,
                "diversity": 107.314485193687
            },
            {
                "best": {
                    "class_name": "warrior",
                    "performance": 40.01607899544445
                },
                "mean": 30.634720035443795,
                "generation": 20,
                "diversity": 103.38979410196352
            },
            {
                "best": {
                    "class_name": "warrior",
                    "performance": 41.019619498363774
                },
                "mean": 31.058385575911757,
                "generation": 21,
                "diversity": 93.43326259578019
            },
            {
                "best": {
                    "class_name": "warrior",
                    "performance": 40.75753783346604
                },
                "mean": 31.111597709273823,
                "generation": 22,
                "diversity": 92.35014403081209
            },
            {
                "best": {
                    "class_name": "warrior",
                    "performance": 41.08628725085569
                },
                "mean": 31.789112981385962,
                "generation": 23,
                "diversity": 84.60022061785806
            },
            {
                "best": {
                    "class_name": "warrior",
                    "performance": 41.08628725085569
                },
                "mean": 32.2528174816805,
                "generation": 24,
                "diversity": 86.31113643044468
            },
            {
                "best": {
                    "class_name": "warrior",
                    "performance": 40.8620563624317
                },
                "mean": 32.19526075317211,
                "generation": 25,
                "diversity": 84.3681670996724
            },
            {
                "best": {
                    "class_name": "warrior",
                    "performance": 41.20803755777845
                },
                "mean": 32.61849178408921,
                "generation": 26,
                "diversity": 87.24435679552653
            },
            {
                "best": {
                    "class_name": "warrior",
                    "performance": 41.214467582321085
                },
                "mean": 32.839082001708526,
                "generation": 27,
                "diversity": 86.01313246382263
            },
            {
                "best": {
                    "class_name": "warrior",
                    "performance": 41.123912743371854
                },
                "mean": 32.71199822789467,
                "generation": 28,
                "diversity": 95.37432655161255
            },
            {
                "best": {
                    "class_name": "warrior",
                    "performance": 40.8273035457696
                },
                "mean": 33.70120834358944,
                "generation": 29,
                "diversity": 81.11363529536276
            },
            {
                "best": {
                    "class_name": "warrior",
                    "performance": 41.10358293724761
                },
                "mean": 33.58565285093338,
                "generation": 30,
                "diversity": 81.65550285562591
            },
            {
                "best": {
                    "class_name": "warrior",
                    "performance": 41.152573121207226
                },
                "mean": 33.55187816427796,
                "generation": 31,
                "diversity": 83.0425976191525
            },
            {
                "best": {
                    "class_name": "warrior",
                    "performance": 40.79393164864275
                },
                "mean": 33.289505366580194,
                "generation": 32,
                "diversity": 85.16620619720287
            },
            {
                "best": {
                    "class_name": "warrior",
                    "performance": 41.184334927994996
                },
                "mean": 33.044670461736054,
                "generation": 33,
                "diversity": 87.87098705945886
            },
            {
                "best": {
                    "class_name": "warrior",
                    "performance": 40.873399675565636
                },
                "mean": 33.313669298807994,
                "generation": 34,
                "diversity": 83.82540754786352
            },
            {
                "best": {
                    "class_name": "warrior",
                    "performance": 40.91525222542302
                },
                "mean": 33.387570778621345,
                "generation": 35,
                "diversity": 87.07940824712135
            },
            {
                "best": {
                    "class_name": "warrior",
                    "performance": 41.185366751169546
                },
                "mean": 33.55375158417956,
                "generation": 36,
                "diversity": 79.29451364004123
            },
            {
                "best": {
                    "class_name": "warrior",
                    "performance": 41.21267497265112
                },
                "mean": 33.552241933944295,
                "generation": 37,
                "diversity": 83.32532504496545
            },
            {
                "best": {
                    "class_name": "warrior",
                    "performance": 41.02565805536673
                },
                "mean": 33.60885200223057,
                "generation": 38,
                "diversity": 80.27438371170778
            },
            {
                "best": {
                    "class_name": "warrior",
                    "performance": 41.13783911736973
                },
                "mean": 34.046306165455945,
                "generation": 39,
                "diversity": 77.66122267563385
            }
        ]
    },
    "config": {
        "population_size": 500,
        "population_to_keep": 375,
        "class_name": "warrior",
        "selection_config_a": {
            "selection_type": "elite",
            "population_to_keep": 150,
            "tournament_size": 50,
            "threshold": 0.75,
            "initial_temperature": 30,
            "temperature_decay": 0.6,
            "min_temperature": 5
        },
        "selection_config_b": {
            "selection_type": "ranking",
            "population_to_keep": 225,
            "tournament_size": 50,
            "threshold": 0.75,
            "initial_temperature": 30,
            "temperature_decay": 0.6,
            "min_temperature": 5
        },
        "selection_config_rate": 0.4,
        "crossover_config": {
            "method": "uniform"
        },
        "mutation_config": {
            "mutation_type": "multi_gen",
            "mutation_rate": 0.3,
            "delta_mutation": 30
        },
        "replacement_config_a": {
            "type": "traditional",
            "quantity": 112,
            "gen_gap": 0.5
        },
        "replacement_config_b": {
            "type": "young_bias",
            "quantity": 263,
            "gen_gap": 0.5
        },
        "replacement_config_rate": 0.3,
        "end_condition_config": {
            "type": "content",
            "generations_to_check": 20,
            "generations": 500,
            "optimum_value": 61.5,
            "tolerance": 0.1,
            "structure_tolerance": 0.01,
            "structure_relevant_proportion": 0.98
        }
    }
}