{
    "results": {
        "best": {
            "solution": {
                "class_name": "warrior",
                "variables": {
                    "strength": 75.44002767817496,
                    "agility": 74.55997232182503,
                    "expertise": 0.0,
                    "resistance": 0.0,
                    "life": 0,
                    "height": 1.9200000000000002
                },
                "performance": 41.24288284650417
            },
            "generation": 29
        },
        "last_iterations": [
            {
                "best": {
                    "class_name": "warrior",
                    "performance": 29.20470705339149
                },
                "mean": 16.70838219127358,
                "generation": 1,
                "diversity": 218.2552226291401
            },
            {
                "best": {
                    "class_name": "warrior",
                    "performance": 34.00428502757562
                },
                "mean": 17.66769630907909,
                "generation": 2,
                "diversity": 206.59020721880668
            },
            {
                "best": {
                    "class_name": "warrior",
                    "performance": 34.00428502757562
                },
                "mean": 18.773270119465803,
                "generation": 3,
                "diversity": 186.56471314871737
            },
            {
                "best": {
                    "class_name": "warrior",
                    "performance": 35.18350365754207
                },
                "mean": 19.770730208902883,
                "generation": 4,
                "diversity": 168.03922390760266
            },
            {
                "best": {
                    "class_name": "warrior",
                    "performance": 35.18350365754207
                },
                "mean": 20.87376537557989,
                "generation": 5,
                "diversity": 147.3170285097039
            },
            {
                "best": {
                    "class_name": "warrior",
                    "performance": 37.680185281971795
                },
                "mean": 22.705823287089917,
                "generation": 6,
                "diversity": 121.74467129052358
            },
            {
                "best": {
                    "class_name": "warrior",
                    "performance": 37.680185281971795
                },
                "mean": 23.791804927453168,
                "generation": 7,
                "diversity": 110.43425390229913
            },
            {
                "best": {
                    "class_name": "warrior",
                    "performance": 37.53019049076981
                },
                "mean": 24.424982188668817,
                "generation": 8,
                "diversity": 106.62565822682679
            },
            {
                "best": {
                    "class_name": "warrior",
                    "performance": 36.47348638786661
                },
                "mean": 25.11075292897133,
                "generation": 9,
                "diversity": 107.34097485027378
            },
            {
                "best": {
                    "class_name": "warrior",
                    "performance": 38.36179406538786
                },
                "mean": 26.171385173463378,
                "generation": 10,
                "diversity": 96.75171927426099
            },
            {
                "best": {
                    "class_name": "warrior",
                    "performance": 39.265657003352075
                },
                "mean": 27.44289021183435,
                "generation": 11,
                "diversity": 86.48873910362262
            },
            {
                "best": {
                    "class_name": "warrior",
                    "performance": 38.06011754245788
                },
                "mean": 28.28778491752725,
                "generation": 12,
                "diversity": 80.64919441645104
            },
            {
                "best": {
                    "class_name": "warrior",
                    "performance": 39.031589133899296
                },
                "mean": 28.816647741878423,
                "generation": 13,
                "diversity": 80.08664417454408
            },
            {
                "best": {
                    "class_name": "warrior",
                    "performance": 41.11749178514507
                },
                "mean": 29.463821226038615,
                "generation": 14,
                "diversity": 75.46519297518482
            },
            {
                "best": {
                    "class_name": "warrior",
                    "performance": 41.11749178514507
                },
                "mean": 30.007327630313632,
                "generation": 15,
                "diversity": 74.52825098190614
            },
            {
                "best": {
                    "class_name": "warrior",
                    "performance": 41.00342254100804
                },
                "mean": 30.521619586528367,
                "generation": 16,
                "diversity": 66.50161926037036
            },
            {
                "best": {
                    "class_name": "warrior",
                    "performance": 40.148372410772254
                },
                "mean": 31.26998381118151,
                "generation": 17,
                "diversity": 57.59984097635307
            },
            {
                "best": {
                    "class_name": "warrior",
                    "performance": 40.148372410772254
                },
                "mean": 32.267697398800436,
                "generation": 18,
                "diversity": 48.254569509411134
            },
            {
                "best": {
                    "class_name": "warrior",
                    "performance": 40.148372410772254
                },
                "mean": 32.65514983690169,
                "generation": 19,
                "diversity": 46.31273547997358
            },
            {
                "best": {
                    "class_name": "warrior",
                    "performance": 40.85611258234878
                },
                "mean": 33.17594093374997,
                "generation": 20,
                "diversity": 42.59663028691667
            },
            {
                "best": {
                    "class_name": "warrior",
                    "performance": 40.85611258234878
                },
                "mean": 33.46250264004411,
                "generation": 21,
                "diversity": 43.27950005974532
            },
            {
                "best": {
                    "class_name": "warrior",
                    "performance": 40.605923600379526
                },
                "mean": 33.90609693681965,
                "generation": 22,
                "diversity": 40.75056943723108
            },
            {
                "best": {
                    "class_name": "warrior",
                    "performance": 40.21499916001135
                },
                "mean": 34.427280963420536,
                "generation": 23,
                "diversity": 40.38229190149957
            },
            {
                "best": {
                    "class_name": "warrior",
                    "performance": 40.60230692590665
                },
                "mean": 35.18289711066234,
                "generation": 24,
                "diversity": 35.180839709285245
            },
            {
                "best": {
                    "class_name": "warrior",
                    "performance": 40.734723766341055
                },
                "mean": 35.29081374543271,
                "generation": 25,
                "diversity": 36.41896062938602
            },
            {
                "best": {
                    "class_name": "warrior",
                    "performance": 40.734723766341055
                },
                "mean": 35.52422966643808,
                "generation": 26,
                "diversity": 34.11338147353872
            },
            {
                "best": {
                    "class_name": "warrior",
                    "performance": 40.660685249659146
                },
                "mean": 35.80552520390278,
                "generation": 27,
                "diversity": 32.873835615680825
            },
            {
                "best": {
                    "class_name": "warrior",
                    "performance": 41.04403531922814
                },
                "mean": 36.17008445437014,
                "generation": 28,
                "diversity": 31.809816040927714
            },
            {
                "best": {
                    "class_name": "warrior",
                    "performance": 41.24288284650417
                },
                "mean": 36.40373978459296,
                "generation": 29,
                "diversity": 30.01736473801176
            },
            {
                "best": {
                    "class_name": "warrior",
                    "performance": 41.02562477086601
                },
                "mean": 36.44306174003397,
                "generation": 30,
                "diversity": 31.003061711562992
            },
            {
                "best": {
                    "class_name": "warrior",
                    "performance": 41.09771304825545
                },
                "mean": 36.597601542140474,
                "generation": 31,
                "diversity": 30.70995499980737
            },
            {
                "best": {
                    "class_name": "warrior",
                    "performance": 41.177373820738765
                },
                "mean": 36.753610597331146,
                "generation": 32,
                "diversity": 28.338520981564333
            },
            {
                "best": {
                    "class_name": "warrior",
                    "performance": 40.99399490728066
                },
                "mean": 36.92678123812092,
                "generation": 33,
                "diversity": 27.55800331039821
            },
            {
                "best": {
                    "class_name": "warrior",
                    "performance": 41.10175717922133
                },
                "mean": 37.10281441971293,
                "generation": 34,
                "diversity": 27.81973864927868
            },
            {
                "best": {
                    "class_name": "warrior",
                    "performance": 41.232048091243584
                },
                "mean": 37.17387880297873,
                "generation": 35,
                "diversity": 29.154201095101815
            },
            {
                "best": {
                    "class_name": "warrior",
                    "performance": 41.20724692400673
                },
                "mean": 37.21040482446755,
                "generation": 36,
                "diversity": 28.6870560110883
            },
            {
                "best": {
                    "class_name": "warrior",
                    "performance": 41.20724692400673
                },
                "mean": 37.41077336177062,
                "generation": 37,
                "diversity": 28.160853853826
            },
            {
                "best": {
                    "class_name": "warrior",
                    "performance": 41.216291482136725
                },
                "mean": 37.36762911113838,
                "generation": 38,
                "diversity": 28.790688324415886
            },
            {
                "best": {
                    "class_name": "warrior",
                    "performance": 40.658488349688476
                },
                "mean": 37.27855843692927,
                "generation": 39,
                "diversity": 24.34006309424423
            },
            {
                "best": {
                    "class_name": "warrior",
                    "performance": 41.09804635945222
                },
                "mean": 37.41769233154494,
                "generation": 40,
                "diversity": 26.19608898565843
            },
            {
                "best": {
                    "class_name": "warrior",
                    "performance": 41.137917739623155
                },
                "mean": 37.843264907316964,
                "generation": 41,
                "diversity": 26.92392470033246
            },
            {
                "best": {
                    "class_name": "warrior",
                    "performance": 41.137917739623155
                },
                "mean": 37.85583431526183,
                "generation": 42,
                "diversity": 29.346322201348087
            },
            {
                "best": {
                    "class_name": "warrior",
                    "performance": 41.16311085958744
                },
                "mean": 38.004516485515175,
                "generation": 43,
                "diversity": 28.00869065811518
            },
            {
                "best": {
                    "class_name": "warrior",
                    "performance": 41.16255091854834
                },
                "mean": 37.95452966181481,
                "generation": 44,
                "diversity": 27.767843040073515
            },
            {
                "best": {
                    "class_name": "warrior",
                    "performance": 41.17314071673279
                },
                "mean": 37.765395053635935,
                "generation": 45,
                "diversity": 28.382129867169493
            },
            {
                "best": {
                    "class_name": "warrior",
                    "performance": 41.17314071673279
                },
                "mean": 37.855127791650375,
                "generation": 46,
                "diversity": 28.467347371737276
            },
            {
                "best": {
                    "class_name": "warrior",
                    "performance": 41.17314071673279
                },
                "mean": 37.83633622189629,
                "generation": 47,
                "diversity": 29.016087376573953
            },
            {
                "best": {
                    "class_name": "warrior",
                    "performance": 41.15038078669283
                },
                "mean": 38.05242997549559,
                "generation": 48,
                "diversity": 30.370208436045903
            },
            {
                "best": {
                    "class_name": "warrior",
                    "performance": 41.22634541188863
                },
                "mean": 37.90741957676578,
                "generation": 49,
                "diversity": 32.18460351332158
            }
        ]
    },
    "config": {
        "population_size": 1000,
        "population_to_keep": 500,
        "class_name": "warrior",
        "selection_config_a": {
            "selection_type": "elite",
            "population_to_keep": 250,
            "tournament_size": 50,
            "threshold": 0.75,
            "initial_temperature": 30,
            "temperature_decay": 0.6,
            "min_temperature": 5
        },
        "selection_config_b": {
            "selection_type": "roulette",
            "population_to_keep": 250,
            "tournament_size": 50,
            "threshold": 0.75,
            "initial_temperature": 30,
            "temperature_decay": 0.6,
            "min_temperature": 5
        },
        "selection_config_rate": 0.5,
        "crossover_config": {
            "method": "uniform"
        },
        "mutation_config": {
            "mutation_type": "multi_gen",
            "mutation_rate": 0.2,
            "delta_mutation": 15
        },
        "replacement_config_a": {
            "type": "traditional",
            "quantity": 250,
            "gen_gap": 0.5
        },
        "replacement_config_b": {
            "type": "young_bias",
            "quantity": 250,
            "gen_gap": 0.5
        },
        "replacement_config_rate": 0.5,
        "end_condition_config": {
            "type": "content",
            "generations_to_check": 20,
            "generations": 500,
            "optimum_value": 61.5,
            "tolerance": 0.1,
            "structure_tolerance": 0.01,
            "structure_relevant_proportion": 0.98
        }
    }
}