{
    "results": {
        "best": {
            "solution": {
                "class_name": "warrior",
                "variables": {
                    "strength": 75.49466584429355,
                    "agility": 74.40006813686834,
                    "expertise": 0.10526601883810621,
                    "resistance": 0.0,
                    "life": 0.0,
                    "height": 1.9200000000000002
                },
                "performance": 41.24239505369266
            },
            "generation": 33
        },
        "last_iterations": [
            {
                "best": {
                    "class_name": "warrior",
                    "performance": 30.460146373171774
                },
                "mean": 16.821614434825072,
                "generation": 1,
                "diversity": 214.9939869998269
            },
            {
                "best": {
                    "class_name": "warrior",
                    "performance": 30.50561736600474
                },
                "mean": 17.945213735737415,
                "generation": 2,
                "diversity": 217.8492380298518
            },
            {
                "best": {
                    "class_name": "warrior",
                    "performance": 29.328361951278886
                },
                "mean": 19.014268069493813,
                "generation": 3,
                "diversity": 160.1702521992042
            },
            {
                "best": {
                    "class_name": "warrior",
                    "performance": 33.325713407280176
                },
                "mean": 19.681801588577436,
                "generation": 4,
                "diversity": 142.59025397670368
            },
            {
                "best": {
                    "class_name": "warrior",
                    "performance": 33.325713407280176
                },
                "mean": 20.02094266526944,
                "generation": 5,
                "diversity": 130.95066810049366
            },
            {
                "best": {
                    "class_name": "warrior",
                    "performance": 31.06078931728273
                },
                "mean": 20.62126910005009,
                "generation": 6,
                "diversity": 119.95987509488788
            },
            {
                "best": {
                    "class_name": "warrior",
                    "performance": 31.06078931728273
                },
                "mean": 21.690350492984923,
                "generation": 7,
                "diversity": 98.35176036023432
            },
            {
                "best": {
                    "class_name": "warrior",
                    "performance": 32.50773303740491
                },
                "mean": 22.530629686797592,
                "generation": 8,
                "diversity": 104.76441775186221
            },
            {
                "best": {
                    "class_name": "warrior",
                    "performance": 33.50094813689268
                },
                "mean": 23.965116674392323,
                "generation": 9,
                "diversity": 88.74493768405743
            },
            {
                "best": {
                    "class_name": "warrior",
                    "performance": 31.787415752015985
                },
                "mean": 24.462926444938002,
                "generation": 10,
                "diversity": 67.3721251503848
            },
            {
                "best": {
                    "class_name": "warrior",
                    "performance": 37.661724781779554
                },
                "mean": 24.753270609717152,
                "generation": 11,
                "diversity": 73.42148841651289
            },
            {
                "best": {
                    "class_name": "warrior",
                    "performance": 37.404186649157204
                },
                "mean": 25.697885818977603,
                "generation": 12,
                "diversity": 78.40177248965567
            },
            {
                "best": {
                    "class_name": "warrior",
                    "performance": 39.77407107864085
                },
                "mean": 26.62514081389189,
                "generation": 13,
                "diversity": 70.8292130570448
            },
            {
                "best": {
                    "class_name": "warrior",
                    "performance": 37.143063484488245
                },
                "mean": 27.56930363346503,
                "generation": 14,
                "diversity": 67.2407577498338
            },
            {
                "best": {
                    "class_name": "warrior",
                    "performance": 39.54961086805172
                },
                "mean": 28.153801808166286,
                "generation": 15,
                "diversity": 66.20410300728508
            },
            {
                "best": {
                    "class_name": "warrior",
                    "performance": 39.640586536252606
                },
                "mean": 28.711956327886075,
                "generation": 16,
                "diversity": 67.05896688562518
            },
            {
                "best": {
                    "class_name": "warrior",
                    "performance": 39.640586536252606
                },
                "mean": 29.35568210789744,
                "generation": 17,
                "diversity": 60.098949382291146
            },
            {
                "best": {
                    "class_name": "warrior",
                    "performance": 39.640586536252606
                },
                "mean": 30.177894499592345,
                "generation": 18,
                "diversity": 56.84043971158757
            },
            {
                "best": {
                    "class_name": "warrior",
                    "performance": 39.69929879562779
                },
                "mean": 31.52075754611136,
                "generation": 19,
                "diversity": 46.791980273567304
            },
            {
                "best": {
                    "class_name": "warrior",
                    "performance": 38.5941034250123
                },
                "mean": 31.844025005150264,
                "generation": 20,
                "diversity": 48.34930641521222
            },
            {
                "best": {
                    "class_name": "warrior",
                    "performance": 38.57438320863364
                },
                "mean": 32.848589099800854,
                "generation": 21,
                "diversity": 38.74534614752201
            },
            {
                "best": {
                    "class_name": "warrior",
                    "performance": 38.91116441690433
                },
                "mean": 33.034812722774774,
                "generation": 22,
                "diversity": 42.368934613526754
            },
            {
                "best": {
                    "class_name": "warrior",
                    "performance": 40.695255881241195
                },
                "mean": 33.91453075473466,
                "generation": 23,
                "diversity": 43.135647332765046
            },
            {
                "best": {
                    "class_name": "warrior",
                    "performance": 41.144884313067415
                },
                "mean": 34.24693574101119,
                "generation": 24,
                "diversity": 44.50488340484829
            },
            {
                "best": {
                    "class_name": "warrior",
                    "performance": 40.933330415032316
                },
                "mean": 34.51261522134646,
                "generation": 25,
                "diversity": 48.79984319398512
            },
            {
                "best": {
                    "class_name": "warrior",
                    "performance": 41.09919187762563
                },
                "mean": 35.51901850338926,
                "generation": 26,
                "diversity": 53.56361498498066
            },
            {
                "best": {
                    "class_name": "warrior",
                    "performance": 41.09919187762563
                },
                "mean": 36.18932476648686,
                "generation": 27,
                "diversity": 55.879920026691416
            },
            {
                "best": {
                    "class_name": "warrior",
                    "performance": 41.102298555971124
                },
                "mean": 35.79170036599462,
                "generation": 28,
                "diversity": 59.1301143592457
            },
            {
                "best": {
                    "class_name": "warrior",
                    "performance": 40.90876577331212
                },
                "mean": 36.317279057541235,
                "generation": 29,
                "diversity": 46.438113547540944
            },
            {
                "best": {
                    "class_name": "warrior",
                    "performance": 40.97222577328453
                },
                "mean": 36.552704897112974,
                "generation": 30,
                "diversity": 45.28730402461009
            },
            {
                "best": {
                    "class_name": "warrior",
                    "performance": 41.099523584041485
                },
                "mean": 37.40843010063675,
                "generation": 31,
                "diversity": 32.97513210809537
            },
            {
                "best": {
                    "class_name": "warrior",
                    "performance": 41.070127205886955
                },
                "mean": 37.14546722497915,
                "generation": 32,
                "diversity": 31.75923318284427
            },
            {
                "best": {
                    "class_name": "warrior",
                    "performance": 41.24239505369266
                },
                "mean": 37.514756646559285,
                "generation": 33,
                "diversity": 26.640123778919214
            },
            {
                "best": {
                    "class_name": "warrior",
                    "performance": 41.242336825831764
                },
                "mean": 38.00906320763149,
                "generation": 34,
                "diversity": 21.891098737171163
            },
            {
                "best": {
                    "class_name": "warrior",
                    "performance": 41.1208068802629
                },
                "mean": 37.90054637893088,
                "generation": 35,
                "diversity": 20.556412829888774
            },
            {
                "best": {
                    "class_name": "warrior",
                    "performance": 40.89618156267066
                },
                "mean": 37.89656089711732,
                "generation": 36,
                "diversity": 19.581890130549542
            },
            {
                "best": {
                    "class_name": "warrior",
                    "performance": 40.78286968442325
                },
                "mean": 37.216305646503386,
                "generation": 37,
                "diversity": 17.229607213206588
            },
            {
                "best": {
                    "class_name": "warrior",
                    "performance": 40.867317811143174
                },
                "mean": 36.273738443420186,
                "generation": 38,
                "diversity": 22.007139395943824
            },
            {
                "best": {
                    "class_name": "warrior",
                    "performance": 41.23169603177644
                },
                "mean": 36.84290917995982,
                "generation": 39,
                "diversity": 19.962438964068465
            },
            {
                "best": {
                    "class_name": "warrior",
                    "performance": 41.23169603177644
                },
                "mean": 36.39309664048078,
                "generation": 40,
                "diversity": 21.198877817700644
            },
            {
                "best": {
                    "class_name": "warrior",
                    "performance": 41.1100454390188
                },
                "mean": 36.99094554653908,
                "generation": 41,
                "diversity": 20.423177548047263
            },
            {
                "best": {
                    "class_name": "warrior",
                    "performance": 41.23518106279929
                },
                "mean": 37.236385906523545,
                "generation": 42,
                "diversity": 18.585428974668464
            },
            {
                "best": {
                    "class_name": "warrior",
                    "performance": 41.183472383710686
                },
                "mean": 37.64578897929789,
                "generation": 43,
                "diversity": 21.697703340855707
            },
            {
                "best": {
                    "class_name": "warrior",
                    "performance": 41.09542300022383
                },
                "mean": 38.079674271814326,
                "generation": 44,
                "diversity": 17.270203231829033
            },
            {
                "best": {
                    "class_name": "warrior",
                    "performance": 41.14586465193052
                },
                "mean": 38.097741263821106,
                "generation": 45,
                "diversity": 16.829786048259663
            },
            {
                "best": {
                    "class_name": "warrior",
                    "performance": 41.100405158499434
                },
                "mean": 37.932874600750054,
                "generation": 46,
                "diversity": 16.26984358654271
            },
            {
                "best": {
                    "class_name": "warrior",
                    "performance": 40.97889484865996
                },
                "mean": 37.85492545069928,
                "generation": 47,
                "diversity": 18.03499623585179
            },
            {
                "best": {
                    "class_name": "warrior",
                    "performance": 40.97889484865996
                },
                "mean": 38.41225928830514,
                "generation": 48,
                "diversity": 17.905329978152647
            },
            {
                "best": {
                    "class_name": "warrior",
                    "performance": 41.1152410068997
                },
                "mean": 38.28259729184551,
                "generation": 49,
                "diversity": 18.990576332788557
            },
            {
                "best": {
                    "class_name": "warrior",
                    "performance": 41.05046586854041
                },
                "mean": 38.162426860582116,
                "generation": 50,
                "diversity": 20.96122877259123
            },
            {
                "best": {
                    "class_name": "warrior",
                    "performance": 41.10742324788827
                },
                "mean": 38.04284436754927,
                "generation": 51,
                "diversity": 21.30613470766429
            },
            {
                "best": {
                    "class_name": "warrior",
                    "performance": 41.213361009116426
                },
                "mean": 38.15224856067446,
                "generation": 52,
                "diversity": 23.111053446298268
            },
            {
                "best": {
                    "class_name": "warrior",
                    "performance": 41.213361009116426
                },
                "mean": 38.703814059698516,
                "generation": 53,
                "diversity": 22.256790872133767
            }
        ]
    },
    "config": {
        "population_size": 200,
        "population_to_keep": 100,
        "class_name": "warrior",
        "selection_config_a": {
            "selection_type": "elite",
            "population_to_keep": 50,
            "tournament_size": 50,
            "threshold": 0.75,
            "initial_temperature": 30,
            "temperature_decay": 0.6,
            "min_temperature": 5
        },
        "selection_config_b": {
            "selection_type": "roulette",
            "population_to_keep": 50,
            "tournament_size": 50,
            "threshold": 0.75,
            "initial_temperature": 30,
            "temperature_decay": 0.6,
            "min_temperature": 5
        },
        "selection_config_rate": 0.5,
        "crossover_config": {
            "method": "uniform"
        },
        "mutation_config": {
            "mutation_type": "multi_gen",
            "mutation_rate": 0.2,
            "delta_mutation": 15
        },
        "replacement_config_a": {
            "type": "traditional",
            "quantity": 50,
            "gen_gap": 0.5
        },
        "replacement_config_b": {
            "type": "young_bias",
            "quantity": 50,
            "gen_gap": 0.5
        },
        "replacement_config_rate": 0.5,
        "end_condition_config": {
            "type": "content",
            "generations_to_check": 20,
            "generations": 500,
            "optimum_value": 61.5,
            "tolerance": 0.1,
            "structure_tolerance": 0.01,
            "structure_relevant_proportion": 0.98
        }
    }
}