{
    "results": {
        "best": {
            "solution": {
                "class_name": "warrior",
                "variables": {
                    "strength": 75.69781740201704,
                    "agility": 74.30218259798296,
                    "expertise": 0.0,
                    "resistance": 0.0,
                    "life": 0.0,
                    "height": 1.9200000000000002
                },
                "performance": 41.240372029662076
            },
            "generation": 40
        },
        "last_iterations": [
            {
                "best": {
                    "class_name": "warrior",
                    "performance": 28.647810177273417
                },
                "mean": 15.97148746152001,
                "generation": 1,
                "diversity": 230.04453173327678
            },
            {
                "best": {
                    "class_name": "warrior",
                    "performance": 28.74030987949375
                },
                "mean": 16.99834192800885,
                "generation": 2,
                "diversity": 200.55457613980093
            },
            {
                "best": {
                    "class_name": "warrior",
                    "performance": 26.098495847134256
                },
                "mean": 17.523020716428864,
                "generation": 3,
                "diversity": 173.0393850051826
            },
            {
                "best": {
                    "class_name": "warrior",
                    "performance": 29.58383393649904
                },
                "mean": 17.912072297653715,
                "generation": 4,
                "diversity": 161.3793306519524
            },
            {
                "best": {
                    "class_name": "warrior",
                    "performance": 34.678343520434915
                },
                "mean": 18.83237156077844,
                "generation": 5,
                "diversity": 163.09966684323265
            },
            {
                "best": {
                    "class_name": "warrior",
                    "performance": 36.86243179612694
                },
                "mean": 19.8940899456007,
                "generation": 6,
                "diversity": 174.89805489432524
            },
            {
                "best": {
                    "class_name": "warrior",
                    "performance": 36.86243179612694
                },
                "mean": 22.49323197879059,
                "generation": 7,
                "diversity": 138.76849903362645
            },
            {
                "best": {
                    "class_name": "warrior",
                    "performance": 36.86243179612694
                },
                "mean": 23.845011245159764,
                "generation": 8,
                "diversity": 127.44164514607898
            },
            {
                "best": {
                    "class_name": "warrior",
                    "performance": 36.86243179612694
                },
                "mean": 25.46818546071664,
                "generation": 9,
                "diversity": 118.24355231160149
            },
            {
                "best": {
                    "class_name": "warrior",
                    "performance": 37.69150378297783
                },
                "mean": 27.1021293384608,
                "generation": 10,
                "diversity": 94.63489898027866
            },
            {
                "best": {
                    "class_name": "warrior",
                    "performance": 37.94719967661451
                },
                "mean": 27.603606466622082,
                "generation": 11,
                "diversity": 93.64599387687478
            },
            {
                "best": {
                    "class_name": "warrior",
                    "performance": 35.72157402884305
                },
                "mean": 27.741699405266868,
                "generation": 12,
                "diversity": 78.46684683644945
            },
            {
                "best": {
                    "class_name": "warrior",
                    "performance": 38.725170470201206
                },
                "mean": 28.770847854862424,
                "generation": 13,
                "diversity": 63.17441821320253
            },
            {
                "best": {
                    "class_name": "warrior",
                    "performance": 39.31777804956356
                },
                "mean": 29.43453649502601,
                "generation": 14,
                "diversity": 57.09626665582047
            },
            {
                "best": {
                    "class_name": "warrior",
                    "performance": 39.28687032455848
                },
                "mean": 31.092915080618862,
                "generation": 15,
                "diversity": 46.703459580650765
            },
            {
                "best": {
                    "class_name": "warrior",
                    "performance": 37.07426313312876
                },
                "mean": 31.891513954146934,
                "generation": 16,
                "diversity": 48.77617887582439
            },
            {
                "best": {
                    "class_name": "warrior",
                    "performance": 37.95490396955489
                },
                "mean": 32.46996220205521,
                "generation": 17,
                "diversity": 47.544148542417815
            },
            {
                "best": {
                    "class_name": "warrior",
                    "performance": 39.09994535581749
                },
                "mean": 33.21801870125222,
                "generation": 18,
                "diversity": 48.092523283773566
            },
            {
                "best": {
                    "class_name": "warrior",
                    "performance": 39.09994535581749
                },
                "mean": 33.96475276418911,
                "generation": 19,
                "diversity": 41.43172614775008
            },
            {
                "best": {
                    "class_name": "warrior",
                    "performance": 39.48454719812569
                },
                "mean": 34.32679885124351,
                "generation": 20,
                "diversity": 41.31479126267356
            },
            {
                "best": {
                    "class_name": "warrior",
                    "performance": 40.1558103346307
                },
                "mean": 34.32914929735088,
                "generation": 21,
                "diversity": 45.234958694230045
            },
            {
                "best": {
                    "class_name": "warrior",
                    "performance": 40.746919477045964
                },
                "mean": 34.70097081727678,
                "generation": 22,
                "diversity": 40.104661370288994
            },
            {
                "best": {
                    "class_name": "warrior",
                    "performance": 40.743860515791
                },
                "mean": 35.468003106592974,
                "generation": 23,
                "diversity": 32.428942717173506
            },
            {
                "best": {
                    "class_name": "warrior",
                    "performance": 41.10367695304052
                },
                "mean": 36.09791962135813,
                "generation": 24,
                "diversity": 30.824255936754856
            },
            {
                "best": {
                    "class_name": "warrior",
                    "performance": 41.113779202001915
                },
                "mean": 36.51205904694632,
                "generation": 25,
                "diversity": 31.55605731404124
            },
            {
                "best": {
                    "class_name": "warrior",
                    "performance": 41.117779868584456
                },
                "mean": 36.57365050691606,
                "generation": 26,
                "diversity": 31.670835460097965
            },
            {
                "best": {
                    "class_name": "warrior",
                    "performance": 41.117779868584456
                },
                "mean": 36.39201932006497,
                "generation": 27,
                "diversity": 31.060550655967035
            },
            {
                "best": {
                    "class_name": "warrior",
                    "performance": 41.15738441694277
                },
                "mean": 36.569000563112034,
                "generation": 28,
                "diversity": 30.28774304505316
            },
            {
                "best": {
                    "class_name": "warrior",
                    "performance": 40.70132573094505
                },
                "mean": 36.8364246014367,
                "generation": 29,
                "diversity": 29.5482039451298
            },
            {
                "best": {
                    "class_name": "warrior",
                    "performance": 40.619468654802596
                },
                "mean": 37.37899541316262,
                "generation": 30,
                "diversity": 27.163649721852213
            },
            {
                "best": {
                    "class_name": "warrior",
                    "performance": 40.803075103583005
                },
                "mean": 37.16091703506799,
                "generation": 31,
                "diversity": 24.0145735454239
            },
            {
                "best": {
                    "class_name": "warrior",
                    "performance": 41.11666810171193
                },
                "mean": 37.2570109376395,
                "generation": 32,
                "diversity": 24.46568905150985
            },
            {
                "best": {
                    "class_name": "warrior",
                    "performance": 41.11666810171193
                },
                "mean": 37.97164840222968,
                "generation": 33,
                "diversity": 24.378099975038364
            },
            {
                "best": {
                    "class_name": "warrior",
                    "performance": 41.11698377706419
                },
                "mean": 38.05594530254474,
                "generation": 34,
                "diversity": 24.778715154239624
            },
            {
                "best": {
                    "class_name": "warrior",
                    "performance": 41.13678514296267
                },
                "mean": 37.92013171537434,
                "generation": 35,
                "diversity": 27.77114702742558
            },
            {
                "best": {
                    "class_name": "warrior",
                    "performance": 41.192450579344815
                },
                "mean": 38.54038739224728,
                "generation": 36,
                "diversity": 26.5494387113845
            },
            {
                "best": {
                    "class_name": "warrior",
                    "performance": 41.13678514296267
                },
                "mean": 38.396880400604864,
                "generation": 37,
                "diversity": 27.047098309461855
            },
            {
                "best": {
                    "class_name": "warrior",
                    "performance": 41.127953314755146
                },
                "mean": 37.89851215794331,
                "generation": 38,
                "diversity": 33.29137605500461
            },
            {
                "best": {
                    "class_name": "warrior",
                    "performance": 41.122724044570155
                },
                "mean": 37.96693904932986,
                "generation": 39,
                "diversity": 30.752945287996283
            },
            {
                "best": {
                    "class_name": "warrior",
                    "performance": 41.240372029662076
                },
                "mean": 37.67642825098554,
                "generation": 40,
                "diversity": 29.499544357287864
            },
            {
                "best": {
                    "class_name": "warrior",
                    "performance": 41.122724044570155
                },
                "mean": 37.52966638103083,
                "generation": 41,
                "diversity": 22.03711418435759
            },
            {
                "best": {
                    "class_name": "warrior",
                    "performance": 41.122724044570155
                },
                "mean": 37.681984323450315,
                "generation": 42,
                "diversity": 23.875117799570813
            },
            {
                "best": {
                    "class_name": "warrior",
                    "performance": 41.10751946977661
                },
                "mean": 37.87065360848349,
                "generation": 43,
                "diversity": 27.937602141289474
            },
            {
                "best": {
                    "class_name": "warrior",
                    "performance": 41.10751946977661
                },
                "mean": 37.64352148789298,
                "generation": 44,
                "diversity": 27.324930682507684
            },
            {
                "best": {
                    "class_name": "warrior",
                    "performance": 41.12453621743484
                },
                "mean": 37.52968936892668,
                "generation": 45,
                "diversity": 31.270031011769017
            },
            {
                "best": {
                    "class_name": "warrior",
                    "performance": 40.88689582488767
                },
                "mean": 37.73283691997721,
                "generation": 46,
                "diversity": 25.17267597175476
            },
            {
                "best": {
                    "class_name": "warrior",
                    "performance": 41.02756921635829
                },
                "mean": 37.91442819427432,
                "generation": 47,
                "diversity": 26.719381078377467
            },
            {
                "best": {
                    "class_name": "warrior",
                    "performance": 41.21000123017853
                },
                "mean": 38.45258491946576,
                "generation": 48,
                "diversity": 23.95017806587673
            },
            {
                "best": {
                    "class_name": "warrior",
                    "performance": 41.181794395060656
                },
                "mean": 38.86223609205881,
                "generation": 49,
                "diversity": 21.61829200182338
            },
            {
                "best": {
                    "class_name": "warrior",
                    "performance": 41.1524703445571
                },
                "mean": 38.72734562173406,
                "generation": 50,
                "diversity": 25.192231559999993
            },
            {
                "best": {
                    "class_name": "warrior",
                    "performance": 41.018936417800695
                },
                "mean": 38.332068020530464,
                "generation": 51,
                "diversity": 21.60976864525992
            },
            {
                "best": {
                    "class_name": "warrior",
                    "performance": 41.106737265497415
                },
                "mean": 38.47838635890476,
                "generation": 52,
                "diversity": 20.36351914798503
            },
            {
                "best": {
                    "class_name": "warrior",
                    "performance": 41.11901043559717
                },
                "mean": 38.96855775063184,
                "generation": 53,
                "diversity": 18.701818895657564
            },
            {
                "best": {
                    "class_name": "warrior",
                    "performance": 41.11901043559717
                },
                "mean": 38.80517881302824,
                "generation": 54,
                "diversity": 19.66104355172312
            },
            {
                "best": {
                    "class_name": "warrior",
                    "performance": 41.11901043559717
                },
                "mean": 37.871306891975536,
                "generation": 55,
                "diversity": 21.944627931984584
            },
            {
                "best": {
                    "class_name": "warrior",
                    "performance": 41.224954356791905
                },
                "mean": 37.623021441939464,
                "generation": 56,
                "diversity": 20.74137971713548
            },
            {
                "best": {
                    "class_name": "warrior",
                    "performance": 41.08629421027748
                },
                "mean": 38.04770731205294,
                "generation": 57,
                "diversity": 23.896015627768932
            },
            {
                "best": {
                    "class_name": "warrior",
                    "performance": 41.11528345378849
                },
                "mean": 37.69447155693954,
                "generation": 58,
                "diversity": 24.24704458508897
            },
            {
                "best": {
                    "class_name": "warrior",
                    "performance": 41.14202030842817
                },
                "mean": 37.79182554652029,
                "generation": 59,
                "diversity": 23.011637572236353
            },
            {
                "best": {
                    "class_name": "warrior",
                    "performance": 41.14202030842817
                },
                "mean": 37.558789433602385,
                "generation": 60,
                "diversity": 22.86388783288622
            }
        ]
    },
    "config": {
        "population_size": 200,
        "population_to_keep": 100,
        "class_name": "warrior",
        "selection_config_a": {
            "selection_type": "elite",
            "population_to_keep": 50,
            "tournament_size": 50,
            "threshold": 0.75,
            "initial_temperature": 30,
            "temperature_decay": 0.6,
            "min_temperature": 5
        },
        "selection_config_b": {
            "selection_type": "roulette",
            "population_to_keep": 50,
            "tournament_size": 50,
            "threshold": 0.75,
            "initial_temperature": 30,
            "temperature_decay": 0.6,
            "min_temperature": 5
        },
        "selection_config_rate": 0.5,
        "crossover_config": {
            "method": "uniform"
        },
        "mutation_config": {
            "mutation_type": "multi_gen",
            "mutation_rate": 0.2,
            "delta_mutation": 15
        },
        "replacement_config_a": {
            "type": "traditional",
            "quantity": 50,
            "gen_gap": 0.5
        },
        "replacement_config_b": {
            "type": "young_bias",
            "quantity": 50,
            "gen_gap": 0.5
        },
        "replacement_config_rate": 0.5,
        "end_condition_config": {
            "type": "content",
            "generations_to_check": 20,
            "generations": 500,
            "optimum_value": 61.5,
            "tolerance": 0.1,
            "structure_tolerance": 0.01,
            "structure_relevant_proportion": 0.98
        }
    }
}