{
    "results": {
        "best": {
            "solution": {
                "class_name": "warrior",
                "variables": {
                    "strength": 74.98658401777959,
                    "agility": 75.0134159822204,
                    "expertise": 0.0,
                    "resistance": 0.0,
                    "life": 0.0,
                    "height": 1.9200000000000002
                },
                "performance": 41.24453872304462
            },
            "generation": 62
        },
        "last_iterations": [
            {
                "best": {
                    "class_name": "warrior",
                    "performance": 31.50571661935909
                },
                "mean": 16.12781032445784,
                "generation": 1,
                "diversity": 212.9612450972063
            },
            {
                "best": {
                    "class_name": "warrior",
                    "performance": 28.26725455556683
                },
                "mean": 17.83314685646808,
                "generation": 2,
                "diversity": 191.87612120128213
            },
            {
                "best": {
                    "class_name": "warrior",
                    "performance": 29.48896546981333
                },
                "mean": 18.745125966157325,
                "generation": 3,
                "diversity": 159.50247649528941
            },
            {
                "best": {
                    "class_name": "warrior",
                    "performance": 30.15690566907499
                },
                "mean": 19.24610443117693,
                "generation": 4,
                "diversity": 159.71122589820226
            },
            {
                "best": {
                    "class_name": "warrior",
                    "performance": 32.345888271350205
                },
                "mean": 20.147004244327505,
                "generation": 5,
                "diversity": 136.9146715213484
            },
            {
                "best": {
                    "class_name": "warrior",
                    "performance": 31.253913395981517
                },
                "mean": 20.97127830982831,
                "generation": 6,
                "diversity": 124.08335820942789
            },
            {
                "best": {
                    "class_name": "warrior",
                    "performance": 34.66967755109377
                },
                "mean": 21.846576019109293,
                "generation": 7,
                "diversity": 117.75250752861791
            },
            {
                "best": {
                    "class_name": "warrior",
                    "performance": 34.66967755109377
                },
                "mean": 22.400839164143225,
                "generation": 8,
                "diversity": 101.84601401454161
            },
            {
                "best": {
                    "class_name": "warrior",
                    "performance": 34.74423013410822
                },
                "mean": 22.724690160914722,
                "generation": 9,
                "diversity": 94.59361666553093
            },
            {
                "best": {
                    "class_name": "warrior",
                    "performance": 36.443650509731505
                },
                "mean": 23.507391780868247,
                "generation": 10,
                "diversity": 85.18853932601405
            },
            {
                "best": {
                    "class_name": "warrior",
                    "performance": 38.61086116694478
                },
                "mean": 24.81298598275487,
                "generation": 11,
                "diversity": 88.46022820404886
            },
            {
                "best": {
                    "class_name": "warrior",
                    "performance": 38.61086116694478
                },
                "mean": 25.31749565429424,
                "generation": 12,
                "diversity": 90.69200852969688
            },
            {
                "best": {
                    "class_name": "warrior",
                    "performance": 40.321125618601776
                },
                "mean": 26.674364696616678,
                "generation": 13,
                "diversity": 98.83289656278703
            },
            {
                "best": {
                    "class_name": "warrior",
                    "performance": 40.42023753125523
                },
                "mean": 27.058688123637417,
                "generation": 14,
                "diversity": 93.48782625471368
            },
            {
                "best": {
                    "class_name": "warrior",
                    "performance": 38.111217409095545
                },
                "mean": 27.534993891532384,
                "generation": 15,
                "diversity": 94.83369698070076
            },
            {
                "best": {
                    "class_name": "warrior",
                    "performance": 39.7665106843834
                },
                "mean": 28.889906397237652,
                "generation": 16,
                "diversity": 83.66415917893384
            },
            {
                "best": {
                    "class_name": "warrior",
                    "performance": 40.66864163470334
                },
                "mean": 29.48128020940339,
                "generation": 17,
                "diversity": 79.86334141061796
            },
            {
                "best": {
                    "class_name": "warrior",
                    "performance": 39.97205529192648
                },
                "mean": 30.22370123894728,
                "generation": 18,
                "diversity": 76.31193543260864
            },
            {
                "best": {
                    "class_name": "warrior",
                    "performance": 39.97205529192648
                },
                "mean": 30.762189825073445,
                "generation": 19,
                "diversity": 67.32694895810017
            },
            {
                "best": {
                    "class_name": "warrior",
                    "performance": 40.572517966930896
                },
                "mean": 31.104091261595034,
                "generation": 20,
                "diversity": 66.38804628823922
            },
            {
                "best": {
                    "class_name": "warrior",
                    "performance": 40.611982870326166
                },
                "mean": 31.99287414699092,
                "generation": 21,
                "diversity": 60.84886743896151
            },
            {
                "best": {
                    "class_name": "warrior",
                    "performance": 40.611982870326166
                },
                "mean": 32.61238059519281,
                "generation": 22,
                "diversity": 62.08034946206675
            },
            {
                "best": {
                    "class_name": "warrior",
                    "performance": 40.837890203656556
                },
                "mean": 33.5106514220681,
                "generation": 23,
                "diversity": 54.75766672661167
            },
            {
                "best": {
                    "class_name": "warrior",
                    "performance": 40.837890203656556
                },
                "mean": 33.905081248663585,
                "generation": 24,
                "diversity": 49.19492530951597
            },
            {
                "best": {
                    "class_name": "warrior",
                    "performance": 40.28138174817414
                },
                "mean": 34.46978141439262,
                "generation": 25,
                "diversity": 39.82008282641921
            },
            {
                "best": {
                    "class_name": "warrior",
                    "performance": 40.30493605911964
                },
                "mean": 34.9144722621321,
                "generation": 26,
                "diversity": 36.5921665851477
            },
            {
                "best": {
                    "class_name": "warrior",
                    "performance": 40.589511995905205
                },
                "mean": 35.604947710961035,
                "generation": 27,
                "diversity": 28.36572850654782
            },
            {
                "best": {
                    "class_name": "warrior",
                    "performance": 40.843507928655974
                },
                "mean": 35.5932227168683,
                "generation": 28,
                "diversity": 28.221032888704332
            },
            {
                "best": {
                    "class_name": "warrior",
                    "performance": 40.843507928655974
                },
                "mean": 35.86662002542882,
                "generation": 29,
                "diversity": 26.794696693244617
            },
            {
                "best": {
                    "class_name": "warrior",
                    "performance": 40.867207605453395
                },
                "mean": 35.68385905092933,
                "generation": 30,
                "diversity": 31.53345295689554
            },
            {
                "best": {
                    "class_name": "warrior",
                    "performance": 40.60789716905313
                },
                "mean": 35.541528071901,
                "generation": 31,
                "diversity": 27.83586189049566
            },
            {
                "best": {
                    "class_name": "warrior",
                    "performance": 41.089401609511434
                },
                "mean": 35.854163888588126,
                "generation": 32,
                "diversity": 27.857614904831234
            },
            {
                "best": {
                    "class_name": "warrior",
                    "performance": 41.089401609511434
                },
                "mean": 36.00386819861131,
                "generation": 33,
                "diversity": 27.072551282262253
            },
            {
                "best": {
                    "class_name": "warrior",
                    "performance": 40.7948098022093
                },
                "mean": 36.22357273350788,
                "generation": 34,
                "diversity": 30.56160797086305
            },
            {
                "best": {
                    "class_name": "warrior",
                    "performance": 40.85189935395108
                },
                "mean": 36.39310002105123,
                "generation": 35,
                "diversity": 32.52346716393505
            },
            {
                "best": {
                    "class_name": "warrior",
                    "performance": 40.973585783608705
                },
                "mean": 36.4649895513752,
                "generation": 36,
                "diversity": 33.13153007541854
            },
            {
                "best": {
                    "class_name": "warrior",
                    "performance": 41.06298708592459
                },
                "mean": 36.23712629117443,
                "generation": 37,
                "diversity": 33.623270081573565
            },
            {
                "best": {
                    "class_name": "warrior",
                    "performance": 41.13339095550048
                },
                "mean": 36.49627767191424,
                "generation": 38,
                "diversity": 34.36140524027085
            },
            {
                "best": {
                    "class_name": "warrior",
                    "performance": 41.13339095550048
                },
                "mean": 36.8476571686547,
                "generation": 39,
                "diversity": 30.741074755292175
            },
            {
                "best": {
                    "class_name": "warrior",
                    "performance": 41.0803137386173
                },
                "mean": 36.932474452708455,
                "generation": 40,
                "diversity": 27.738333842189476
            },
            {
                "best": {
                    "class_name": "warrior",
                    "performance": 41.0803137386173
                },
                "mean": 37.554206054275824,
                "generation": 41,
                "diversity": 26.373204839240643
            },
            {
                "best": {
                    "class_name": "warrior",
                    "performance": 40.85444622241413
                },
                "mean": 37.78631284883563,
                "generation": 42,
                "diversity": 29.441064955997472
            },
            {
                "best": {
                    "class_name": "warrior",
                    "performance": 40.85444622241413
                },
                "mean": 37.942886442066126,
                "generation": 43,
                "diversity": 29.688691862997214
            },
            {
                "best": {
                    "class_name": "warrior",
                    "performance": 41.061561912738114
                },
                "mean": 37.984615652636165,
                "generation": 44,
                "diversity": 27.474016985502434
            },
            {
                "best": {
                    "class_name": "warrior",
                    "performance": 41.074100344059396
                },
                "mean": 38.12762919289542,
                "generation": 45,
                "diversity": 25.34470026272447
            },
            {
                "best": {
                    "class_name": "warrior",
                    "performance": 41.205462756665476
                },
                "mean": 38.29820338653892,
                "generation": 46,
                "diversity": 26.47645736740027
            },
            {
                "best": {
                    "class_name": "warrior",
                    "performance": 41.13434474888906
                },
                "mean": 38.36890662898918,
                "generation": 47,
                "diversity": 26.412665355261737
            },
            {
                "best": {
                    "class_name": "warrior",
                    "performance": 41.14115853670701
                },
                "mean": 38.088715662266246,
                "generation": 48,
                "diversity": 27.228154161636947
            },
            {
                "best": {
                    "class_name": "warrior",
                    "performance": 41.097352288397296
                },
                "mean": 38.714706779912625,
                "generation": 49,
                "diversity": 24.982273341873775
            },
            {
                "best": {
                    "class_name": "warrior",
                    "performance": 41.19705083680758
                },
                "mean": 38.6296632363345,
                "generation": 50,
                "diversity": 22.03574331980127
            },
            {
                "best": {
                    "class_name": "warrior",
                    "performance": 41.06230614221472
                },
                "mean": 38.230528494436626,
                "generation": 51,
                "diversity": 23.958630987194734
            },
            {
                "best": {
                    "class_name": "warrior",
                    "performance": 41.104635655258214
                },
                "mean": 38.4628087828267,
                "generation": 52,
                "diversity": 22.831808783117296
            },
            {
                "best": {
                    "class_name": "warrior",
                    "performance": 41.22912076526966
                },
                "mean": 38.47189054748507,
                "generation": 53,
                "diversity": 23.89288483440832
            },
            {
                "best": {
                    "class_name": "warrior",
                    "performance": 41.04865334001815
                },
                "mean": 38.42986342940023,
                "generation": 54,
                "diversity": 24.865779792662863
            },
            {
                "best": {
                    "class_name": "warrior",
                    "performance": 41.04865334001815
                },
                "mean": 38.69513925870419,
                "generation": 55,
                "diversity": 25.53422876231998
            },
            {
                "best": {
                    "class_name": "warrior",
                    "performance": 41.06962790862966
                },
                "mean": 38.62780622147719,
                "generation": 56,
                "diversity": 22.51256730300817
            },
            {
                "best": {
                    "class_name": "warrior",
                    "performance": 41.025125314025765
                },
                "mean": 38.63290196200946,
                "generation": 57,
                "diversity": 22.494795608404548
            },
            {
                "best": {
                    "class_name": "warrior",
                    "performance": 41.210587921154904
                },
                "mean": 38.77316845923719,
                "generation": 58,
                "diversity": 21.393144396853273
            },
            {
                "best": {
                    "class_name": "warrior",
                    "performance": 41.21670907153876
                },
                "mean": 38.66511389625527,
                "generation": 59,
                "diversity": 24.137287441207718
            },
            {
                "best": {
                    "class_name": "warrior",
                    "performance": 41.21670907153876
                },
                "mean": 38.62481475324928,
                "generation": 60,
                "diversity": 23.12379770993373
            },
            {
                "best": {
                    "class_name": "warrior",
                    "performance": 41.23580936415802
                },
                "mean": 38.54362088761822,
                "generation": 61,
                "diversity": 22.432967706605776
            },
            {
                "best": {
                    "class_name": "warrior",
                    "performance": 41.24453872304462
                },
                "mean": 38.50549157122268,
                "generation": 62,
                "diversity": 23.437557541077126
            },
            {
                "best": {
                    "class_name": "warrior",
                    "performance": 41.23580936415802
                },
                "mean": 38.85383553772505,
                "generation": 63,
                "diversity": 17.955571930416514
            },
            {
                "best": {
                    "class_name": "warrior",
                    "performance": 41.145656288761984
                },
                "mean": 38.85699201940055,
                "generation": 64,
                "diversity": 18.31466608225553
            },
            {
                "best": {
                    "class_name": "warrior",
                    "performance": 41.23426310045772
                },
                "mean": 38.627995834734875,
                "generation": 65,
                "diversity": 19.83240155021961
            },
            {
                "best": {
                    "class_name": "warrior",
                    "performance": 41.23426310045772
                },
                "mean": 38.891250162229476,
                "generation": 66,
                "diversity": 19.409221414460628
            },
            {
                "best": {
                    "class_name": "warrior",
                    "performance": 41.15610751455863
                },
                "mean": 38.91038393422592,
                "generation": 67,
                "diversity": 20.197574970569743
            },
            {
                "best": {
                    "class_name": "warrior",
                    "performance": 41.17366981507251
                },
                "mean": 39.19808581288109,
                "generation": 68,
                "diversity": 17.273510637528513
            },
            {
                "best": {
                    "class_name": "warrior",
                    "performance": 41.198947167843464
                },
                "mean": 39.25804539253775,
                "generation": 69,
                "diversity": 18.744314422846674
            },
            {
                "best": {
                    "class_name": "warrior",
                    "performance": 41.17260001564866
                },
                "mean": 38.83323208910024,
                "generation": 70,
                "diversity": 18.163115375144763
            },
            {
                "best": {
                    "class_name": "warrior",
                    "performance": 41.205153757945816
                },
                "mean": 38.972088818144364,
                "generation": 71,
                "diversity": 19.43837750782883
            },
            {
                "best": {
                    "class_name": "warrior",
                    "performance": 41.20182945491711
                },
                "mean": 38.99370817982514,
                "generation": 72,
                "diversity": 19.615463816966027
            },
            {
                "best": {
                    "class_name": "warrior",
                    "performance": 41.20182945491711
                },
                "mean": 38.95310700164438,
                "generation": 73,
                "diversity": 19.039024895707417
            },
            {
                "best": {
                    "class_name": "warrior",
                    "performance": 41.20182945491711
                },
                "mean": 38.63968557507371,
                "generation": 74,
                "diversity": 21.23558739437564
            },
            {
                "best": {
                    "class_name": "warrior",
                    "performance": 41.227124820069214
                },
                "mean": 38.61434082715862,
                "generation": 75,
                "diversity": 20.712268434725114
            },
            {
                "best": {
                    "class_name": "warrior",
                    "performance": 41.18127463036415
                },
                "mean": 38.62152674211935,
                "generation": 76,
                "diversity": 21.822272960323705
            },
            {
                "best": {
                    "class_name": "warrior",
                    "performance": 41.112316209446156
                },
                "mean": 38.38520339852631,
                "generation": 77,
                "diversity": 22.391611322951235
            },
            {
                "best": {
                    "class_name": "warrior",
                    "performance": 41.220202341447234
                },
                "mean": 38.53886258688792,
                "generation": 78,
                "diversity": 23.983024071054214
            },
            {
                "best": {
                    "class_name": "warrior",
                    "performance": 41.13696438254164
                },
                "mean": 38.5738394439984,
                "generation": 79,
                "diversity": 21.504974625145962
            },
            {
                "best": {
                    "class_name": "warrior",
                    "performance": 41.13804275653501
                },
                "mean": 38.66071909942145,
                "generation": 80,
                "diversity": 20.934321929127055
            },
            {
                "best": {
                    "class_name": "warrior",
                    "performance": 41.09926605815944
                },
                "mean": 38.73727634469329,
                "generation": 81,
                "diversity": 20.554926816797607
            }
        ]
    },
    "config": {
        "population_size": 500,
        "population_to_keep": 250,
        "class_name": "warrior",
        "selection_config_a": {
            "selection_type": "elite",
            "population_to_keep": 125,
            "tournament_size": 50,
            "threshold": 0.75,
            "initial_temperature": 30,
            "temperature_decay": 0.6,
            "min_temperature": 5
        },
        "selection_config_b": {
            "selection_type": "roulette",
            "population_to_keep": 125,
            "tournament_size": 50,
            "threshold": 0.75,
            "initial_temperature": 30,
            "temperature_decay": 0.6,
            "min_temperature": 5
        },
        "selection_config_rate": 0.5,
        "crossover_config": {
            "method": "uniform"
        },
        "mutation_config": {
            "mutation_type": "multi_gen",
            "mutation_rate": 0.2,
            "delta_mutation": 15
        },
        "replacement_config_a": {
            "type": "traditional",
            "quantity": 125,
            "gen_gap": 0.5
        },
        "replacement_config_b": {
            "type": "young_bias",
            "quantity": 125,
            "gen_gap": 0.5
        },
        "replacement_config_rate": 0.5,
        "end_condition_config": {
            "type": "content",
            "generations_to_check": 20,
            "generations": 500,
            "optimum_value": 61.5,
            "tolerance": 0.1,
            "structure_tolerance": 0.01,
            "structure_relevant_proportion": 0.98
        }
    }
}