{
    "results": {
        "best": {
            "solution": {
                "class_name": "warrior",
                "variables": {
                    "strength": 74.86359012745882,
                    "agility": 75.13640987254118,
                    "expertise": 0.0,
                    "resistance": 0.0,
                    "life": 0.0,
                    "height": 1.91
                },
                "performance": 41.2429129636247
            },
            "generation": 56
        },
        "last_iterations": [
            {
                "best": {
                    "class_name": "warrior",
                    "performance": 28.8954424036583
                },
                "mean": 15.303617279004728,
                "generation": 1,
                "diversity": 261.3317826386997
            },
            {
                "best": {
                    "class_name": "warrior",
                    "performance": 28.8954424036583
                },
                "mean": 16.04678114631962,
                "generation": 2,
                "diversity": 247.86424807551063
            },
            {
                "best": {
                    "class_name": "warrior",
                    "performance": 27.25276806737195
                },
                "mean": 16.554199737887245,
                "generation": 3,
                "diversity": 224.41242915352962
            },
            {
                "best": {
                    "class_name": "warrior",
                    "performance": 28.64006047347034
                },
                "mean": 17.187911442375004,
                "generation": 4,
                "diversity": 174.2699183111879
            },
            {
                "best": {
                    "class_name": "warrior",
                    "performance": 25.81021478878737
                },
                "mean": 16.94006039699381,
                "generation": 5,
                "diversity": 193.18586700092524
            },
            {
                "best": {
                    "class_name": "warrior",
                    "performance": 25.81021478878737
                },
                "mean": 17.971974508572377,
                "generation": 6,
                "diversity": 194.77505089838385
            },
            {
                "best": {
                    "class_name": "warrior",
                    "performance": 33.166814896661165
                },
                "mean": 19.971687703366864,
                "generation": 7,
                "diversity": 151.93864839819346
            },
            {
                "best": {
                    "class_name": "warrior",
                    "performance": 30.01736267751675
                },
                "mean": 21.39917805805728,
                "generation": 8,
                "diversity": 130.83183604272517
            },
            {
                "best": {
                    "class_name": "warrior",
                    "performance": 35.52604168702255
                },
                "mean": 22.644659391976333,
                "generation": 9,
                "diversity": 127.37165225283728
            },
            {
                "best": {
                    "class_name": "warrior",
                    "performance": 36.036318054814224
                },
                "mean": 22.653749606052717,
                "generation": 10,
                "diversity": 130.2418548981175
            },
            {
                "best": {
                    "class_name": "warrior",
                    "performance": 32.24053767982514
                },
                "mean": 22.96267401537294,
                "generation": 11,
                "diversity": 119.00876441665237
            },
            {
                "best": {
                    "class_name": "warrior",
                    "performance": 34.388468499575744
                },
                "mean": 23.00951391178522,
                "generation": 12,
                "diversity": 120.86169780062971
            },
            {
                "best": {
                    "class_name": "warrior",
                    "performance": 35.8140548156104
                },
                "mean": 23.489209452985868,
                "generation": 13,
                "diversity": 118.42405763444337
            },
            {
                "best": {
                    "class_name": "warrior",
                    "performance": 34.06723505377757
                },
                "mean": 24.61987138556067,
                "generation": 14,
                "diversity": 110.67152647078166
            },
            {
                "best": {
                    "class_name": "warrior",
                    "performance": 36.81305462118637
                },
                "mean": 25.980799289462848,
                "generation": 15,
                "diversity": 101.42758071099767
            },
            {
                "best": {
                    "class_name": "warrior",
                    "performance": 34.74654801569271
                },
                "mean": 27.189066552298822,
                "generation": 16,
                "diversity": 78.86267247431793
            },
            {
                "best": {
                    "class_name": "warrior",
                    "performance": 38.789248411176075
                },
                "mean": 28.519892676108412,
                "generation": 17,
                "diversity": 70.47974555557717
            },
            {
                "best": {
                    "class_name": "warrior",
                    "performance": 39.21329014718927
                },
                "mean": 29.881259620613903,
                "generation": 18,
                "diversity": 56.233490568026696
            },
            {
                "best": {
                    "class_name": "warrior",
                    "performance": 39.21329014718927
                },
                "mean": 30.259185626060525,
                "generation": 19,
                "diversity": 47.318762569039144
            },
            {
                "best": {
                    "class_name": "warrior",
                    "performance": 39.30455741740804
                },
                "mean": 31.230064352860197,
                "generation": 20,
                "diversity": 41.2952344354044
            },
            {
                "best": {
                    "class_name": "warrior",
                    "performance": 40.391781924875154
                },
                "mean": 31.559197042125497,
                "generation": 21,
                "diversity": 42.61295393691822
            },
            {
                "best": {
                    "class_name": "warrior",
                    "performance": 40.34429526389319
                },
                "mean": 32.43489771293601,
                "generation": 22,
                "diversity": 35.227607017754764
            },
            {
                "best": {
                    "class_name": "warrior",
                    "performance": 39.556170815167405
                },
                "mean": 33.410812685089034,
                "generation": 23,
                "diversity": 33.01309213285377
            },
            {
                "best": {
                    "class_name": "warrior",
                    "performance": 39.52938678317943
                },
                "mean": 33.24945475642925,
                "generation": 24,
                "diversity": 34.37442311702123
            },
            {
                "best": {
                    "class_name": "warrior",
                    "performance": 40.27608607268611
                },
                "mean": 33.05154759442692,
                "generation": 25,
                "diversity": 35.61534169757595
            },
            {
                "best": {
                    "class_name": "warrior",
                    "performance": 40.51723567386771
                },
                "mean": 33.18044215265806,
                "generation": 26,
                "diversity": 35.25961851026212
            },
            {
                "best": {
                    "class_name": "warrior",
                    "performance": 40.51723567386771
                },
                "mean": 34.1976064720044,
                "generation": 27,
                "diversity": 36.369892863299796
            },
            {
                "best": {
                    "class_name": "warrior",
                    "performance": 40.32730753901607
                },
                "mean": 34.26635033822605,
                "generation": 28,
                "diversity": 37.34706373706045
            },
            {
                "best": {
                    "class_name": "warrior",
                    "performance": 40.43629785729372
                },
                "mean": 35.30484643083284,
                "generation": 29,
                "diversity": 34.776299869353146
            },
            {
                "best": {
                    "class_name": "warrior",
                    "performance": 40.22016639055115
                },
                "mean": 36.08155953761868,
                "generation": 30,
                "diversity": 27.988485681356092
            },
            {
                "best": {
                    "class_name": "warrior",
                    "performance": 40.68399512634949
                },
                "mean": 36.24118550875214,
                "generation": 31,
                "diversity": 27.036241896347352
            },
            {
                "best": {
                    "class_name": "warrior",
                    "performance": 40.71023496227897
                },
                "mean": 36.240204607337176,
                "generation": 32,
                "diversity": 26.922170744779994
            },
            {
                "best": {
                    "class_name": "warrior",
                    "performance": 40.771110543370334
                },
                "mean": 36.87442204919552,
                "generation": 33,
                "diversity": 26.53172071765991
            },
            {
                "best": {
                    "class_name": "warrior",
                    "performance": 40.793851968483374
                },
                "mean": 36.83480185078288,
                "generation": 34,
                "diversity": 21.43398973036051
            },
            {
                "best": {
                    "class_name": "warrior",
                    "performance": 40.73731203841003
                },
                "mean": 36.84324768918922,
                "generation": 35,
                "diversity": 22.278595412396214
            },
            {
                "best": {
                    "class_name": "warrior",
                    "performance": 40.670174914344756
                },
                "mean": 37.37890892326013,
                "generation": 36,
                "diversity": 19.14511895424272
            },
            {
                "best": {
                    "class_name": "warrior",
                    "performance": 40.66032532915668
                },
                "mean": 37.51268448432432,
                "generation": 37,
                "diversity": 18.983331466120646
            },
            {
                "best": {
                    "class_name": "warrior",
                    "performance": 40.67409669325248
                },
                "mean": 36.979318918532385,
                "generation": 38,
                "diversity": 19.518224923862853
            },
            {
                "best": {
                    "class_name": "warrior",
                    "performance": 40.654300310863526
                },
                "mean": 36.9517031196734,
                "generation": 39,
                "diversity": 17.744442019310693
            },
            {
                "best": {
                    "class_name": "warrior",
                    "performance": 40.74961782844465
                },
                "mean": 36.87382636999777,
                "generation": 40,
                "diversity": 15.463720799684188
            },
            {
                "best": {
                    "class_name": "warrior",
                    "performance": 40.7267769779095
                },
                "mean": 37.03703720010831,
                "generation": 41,
                "diversity": 13.949503324212879
            },
            {
                "best": {
                    "class_name": "warrior",
                    "performance": 40.39775651365687
                },
                "mean": 36.83663448889554,
                "generation": 42,
                "diversity": 17.28206513789601
            },
            {
                "best": {
                    "class_name": "warrior",
                    "performance": 41.01402523059532
                },
                "mean": 36.731033399391215,
                "generation": 43,
                "diversity": 23.798998823092035
            },
            {
                "best": {
                    "class_name": "warrior",
                    "performance": 40.87100983508597
                },
                "mean": 36.96150072503042,
                "generation": 44,
                "diversity": 25.074062333641503
            },
            {
                "best": {
                    "class_name": "warrior",
                    "performance": 41.03352893722396
                },
                "mean": 37.02860820261773,
                "generation": 45,
                "diversity": 24.814257551952064
            },
            {
                "best": {
                    "class_name": "warrior",
                    "performance": 41.09833221826241
                },
                "mean": 37.43982152013202,
                "generation": 46,
                "diversity": 24.451928531463896
            },
            {
                "best": {
                    "class_name": "warrior",
                    "performance": 40.88311813468191
                },
                "mean": 36.85742822829623,
                "generation": 47,
                "diversity": 28.922053671974883
            },
            {
                "best": {
                    "class_name": "warrior",
                    "performance": 40.91090045784095
                },
                "mean": 37.39881058079627,
                "generation": 48,
                "diversity": 23.84600589285662
            },
            {
                "best": {
                    "class_name": "warrior",
                    "performance": 40.936559480555395
                },
                "mean": 37.518802631899455,
                "generation": 49,
                "diversity": 20.483951447925836
            },
            {
                "best": {
                    "class_name": "warrior",
                    "performance": 41.22352586647245
                },
                "mean": 37.831687393391505,
                "generation": 50,
                "diversity": 24.409094886178682
            },
            {
                "best": {
                    "class_name": "warrior",
                    "performance": 41.22352586647245
                },
                "mean": 38.15315229091005,
                "generation": 51,
                "diversity": 26.96461531608818
            },
            {
                "best": {
                    "class_name": "warrior",
                    "performance": 40.933218819937125
                },
                "mean": 38.37007549289794,
                "generation": 52,
                "diversity": 24.319396771772585
            },
            {
                "best": {
                    "class_name": "warrior",
                    "performance": 41.197264674509086
                },
                "mean": 38.30196686584669,
                "generation": 53,
                "diversity": 24.152538568785605
            },
            {
                "best": {
                    "class_name": "warrior",
                    "performance": 41.24056633636729
                },
                "mean": 38.40427360714158,
                "generation": 54,
                "diversity": 30.269686864209834
            },
            {
                "best": {
                    "class_name": "warrior",
                    "performance": 41.24257037163058
                },
                "mean": 38.36382682782242,
                "generation": 55,
                "diversity": 27.949609496383754
            },
            {
                "best": {
                    "class_name": "warrior",
                    "performance": 41.2429129636247
                },
                "mean": 38.66679794970993,
                "generation": 56,
                "diversity": 31.019686527702206
            },
            {
                "best": {
                    "class_name": "warrior",
                    "performance": 41.237821920435756
                },
                "mean": 38.57074154696202,
                "generation": 57,
                "diversity": 30.38531441871734
            },
            {
                "best": {
                    "class_name": "warrior",
                    "performance": 41.238637922250476
                },
                "mean": 38.76062282994117,
                "generation": 58,
                "diversity": 32.30782456197696
            },
            {
                "best": {
                    "class_name": "warrior",
                    "performance": 41.238637922250476
                },
                "mean": 38.83952478682757,
                "generation": 59,
                "diversity": 25.577730280775157
            },
            {
                "best": {
                    "class_name": "warrior",
                    "performance": 41.238637922250476
                },
                "mean": 38.83077382080526,
                "generation": 60,
                "diversity": 23.312087837733802
            },
            {
                "best": {
                    "class_name": "warrior",
                    "performance": 41.238637922250476
                },
                "mean": 38.32791418654302,
                "generation": 61,
                "diversity": 23.19325788465997
            },
            {
                "best": {
                    "class_name": "warrior",
                    "performance": 41.16651937901719
                },
                "mean": 39.05000579231117,
                "generation": 62,
                "diversity": 17.879601832006887
            },
            {
                "best": {
                    "class_name": "warrior",
                    "performance": 41.200133836948076
                },
                "mean": 38.71730323229832,
                "generation": 63,
                "diversity": 14.694449266132656
            },
            {
                "best": {
                    "class_name": "warrior",
                    "performance": 41.16651937901719
                },
                "mean": 38.30749021718375,
                "generation": 64,
                "diversity": 15.519050741922849
            },
            {
                "best": {
                    "class_name": "warrior",
                    "performance": 41.232232606136506
                },
                "mean": 38.29235723884266,
                "generation": 65,
                "diversity": 18.942690106851426
            },
            {
                "best": {
                    "class_name": "warrior",
                    "performance": 41.16247947059758
                },
                "mean": 38.08647526217496,
                "generation": 66,
                "diversity": 19.792498985690454
            },
            {
                "best": {
                    "class_name": "warrior",
                    "performance": 41.16247947059758
                },
                "mean": 37.701610357916124,
                "generation": 67,
                "diversity": 21.542584853260255
            },
            {
                "best": {
                    "class_name": "warrior",
                    "performance": 41.16247947059758
                },
                "mean": 37.46878255265739,
                "generation": 68,
                "diversity": 22.02210945455083
            },
            {
                "best": {
                    "class_name": "warrior",
                    "performance": 41.16247947059758
                },
                "mean": 37.481853017028286,
                "generation": 69,
                "diversity": 21.7618082092697
            },
            {
                "best": {
                    "class_name": "warrior",
                    "performance": 41.16247947059758
                },
                "mean": 37.95152661565102,
                "generation": 70,
                "diversity": 25.07191396648165
            },
            {
                "best": {
                    "class_name": "warrior",
                    "performance": 41.22603117900317
                },
                "mean": 38.12971483725959,
                "generation": 71,
                "diversity": 26.615243396593325
            },
            {
                "best": {
                    "class_name": "warrior",
                    "performance": 41.21424321914215
                },
                "mean": 38.26751844976238,
                "generation": 72,
                "diversity": 31.246976455976977
            },
            {
                "best": {
                    "class_name": "warrior",
                    "performance": 41.20199064434186
                },
                "mean": 38.662719964033016,
                "generation": 73,
                "diversity": 27.16580187647682
            },
            {
                "best": {
                    "class_name": "warrior",
                    "performance": 41.20199064434186
                },
                "mean": 38.19303037970558,
                "generation": 74,
                "diversity": 24.53796048209124
            }
        ]
    },
    "config": {
        "population_size": 200,
        "population_to_keep": 100,
        "class_name": "warrior",
        "selection_config_a": {
            "selection_type": "elite",
            "population_to_keep": 50,
            "tournament_size": 50,
            "threshold": 0.75,
            "initial_temperature": 30,
            "temperature_decay": 0.6,
            "min_temperature": 5
        },
        "selection_config_b": {
            "selection_type": "roulette",
            "population_to_keep": 50,
            "tournament_size": 50,
            "threshold": 0.75,
            "initial_temperature": 30,
            "temperature_decay": 0.6,
            "min_temperature": 5
        },
        "selection_config_rate": 0.5,
        "crossover_config": {
            "method": "uniform"
        },
        "mutation_config": {
            "mutation_type": "multi_gen",
            "mutation_rate": 0.2,
            "delta_mutation": 15
        },
        "replacement_config_a": {
            "type": "traditional",
            "quantity": 50,
            "gen_gap": 0.5
        },
        "replacement_config_b": {
            "type": "young_bias",
            "quantity": 50,
            "gen_gap": 0.5
        },
        "replacement_config_rate": 0.5,
        "end_condition_config": {
            "type": "content",
            "generations_to_check": 20,
            "generations": 500,
            "optimum_value": 61.5,
            "tolerance": 0.1,
            "structure_tolerance": 0.01,
            "structure_relevant_proportion": 0.98
        }
    }
}