{
    "results": {
        "best": {
            "solution": {
                "class_name": "warrior",
                "variables": {
                    "strength": 75.38100394385884,
                    "agility": 74.61899605614116,
                    "expertise": 0.0,
                    "resistance": 0.0,
                    "life": 0.0,
                    "height": 1.92
                },
                "performance": 41.24329766371859
            },
            "generation": 40
        },
        "last_iterations": [
            {
                "best": {
                    "class_name": "warrior",
                    "performance": 34.22318852175614
                },
                "mean": 16.311564281394023,
                "generation": 1,
                "diversity": 238.23255426035985
            },
            {
                "best": {
                    "class_name": "warrior",
                    "performance": 34.22318852175614
                },
                "mean": 17.451343752639392,
                "generation": 2,
                "diversity": 224.06142108766812
            },
            {
                "best": {
                    "class_name": "warrior",
                    "performance": 30.979191881998695
                },
                "mean": 17.890422435814664,
                "generation": 3,
                "diversity": 194.9328531811024
            },
            {
                "best": {
                    "class_name": "warrior",
                    "performance": 31.43488287617409
                },
                "mean": 19.08687879088956,
                "generation": 4,
                "diversity": 166.80286084814074
            },
            {
                "best": {
                    "class_name": "warrior",
                    "performance": 29.87525030114386
                },
                "mean": 19.99790860424882,
                "generation": 5,
                "diversity": 154.17220348893412
            },
            {
                "best": {
                    "class_name": "warrior",
                    "performance": 32.05977537124623
                },
                "mean": 21.507429005436666,
                "generation": 6,
                "diversity": 139.2363006253203
            },
            {
                "best": {
                    "class_name": "warrior",
                    "performance": 31.545374026854024
                },
                "mean": 22.113291429510706,
                "generation": 7,
                "diversity": 130.78654787656242
            },
            {
                "best": {
                    "class_name": "warrior",
                    "performance": 33.09694197729299
                },
                "mean": 22.57952838416178,
                "generation": 8,
                "diversity": 112.98085186695478
            },
            {
                "best": {
                    "class_name": "warrior",
                    "performance": 35.42462820752943
                },
                "mean": 23.180250908299644,
                "generation": 9,
                "diversity": 114.44867816128306
            },
            {
                "best": {
                    "class_name": "warrior",
                    "performance": 37.19553945854842
                },
                "mean": 24.516378293879082,
                "generation": 10,
                "diversity": 102.27095824638845
            },
            {
                "best": {
                    "class_name": "warrior",
                    "performance": 40.226203352705454
                },
                "mean": 25.22237300063983,
                "generation": 11,
                "diversity": 95.50162244703438
            },
            {
                "best": {
                    "class_name": "warrior",
                    "performance": 37.798749154108066
                },
                "mean": 26.442326316145746,
                "generation": 12,
                "diversity": 81.44778437337027
            },
            {
                "best": {
                    "class_name": "warrior",
                    "performance": 38.59987377511292
                },
                "mean": 27.2520693421253,
                "generation": 13,
                "diversity": 77.84635876189246
            },
            {
                "best": {
                    "class_name": "warrior",
                    "performance": 39.32620184617177
                },
                "mean": 28.072907575809737,
                "generation": 14,
                "diversity": 70.31143582927321
            },
            {
                "best": {
                    "class_name": "warrior",
                    "performance": 39.9536402689208
                },
                "mean": 29.304567369964353,
                "generation": 15,
                "diversity": 68.48975901169393
            },
            {
                "best": {
                    "class_name": "warrior",
                    "performance": 39.40754417116073
                },
                "mean": 30.10597394324456,
                "generation": 16,
                "diversity": 65.54687743293512
            },
            {
                "best": {
                    "class_name": "warrior",
                    "performance": 39.40754417116073
                },
                "mean": 30.891093169820362,
                "generation": 17,
                "diversity": 61.770604880363464
            },
            {
                "best": {
                    "class_name": "warrior",
                    "performance": 39.67374246021118
                },
                "mean": 31.526019019954195,
                "generation": 18,
                "diversity": 56.70958725053566
            },
            {
                "best": {
                    "class_name": "warrior",
                    "performance": 39.906226081372324
                },
                "mean": 32.54354066738457,
                "generation": 19,
                "diversity": 50.73861717789135
            },
            {
                "best": {
                    "class_name": "warrior",
                    "performance": 40.402323161131555
                },
                "mean": 32.879718598911616,
                "generation": 20,
                "diversity": 49.71175415177314
            },
            {
                "best": {
                    "class_name": "warrior",
                    "performance": 40.35791311713886
                },
                "mean": 33.76118421218692,
                "generation": 21,
                "diversity": 45.00364287590967
            },
            {
                "best": {
                    "class_name": "warrior",
                    "performance": 40.53053475733374
                },
                "mean": 34.66333125357135,
                "generation": 22,
                "diversity": 42.99446286567783
            },
            {
                "best": {
                    "class_name": "warrior",
                    "performance": 40.65530548396283
                },
                "mean": 35.23271070544533,
                "generation": 23,
                "diversity": 40.960886357809166
            },
            {
                "best": {
                    "class_name": "warrior",
                    "performance": 40.57747339654108
                },
                "mean": 35.3948366002964,
                "generation": 24,
                "diversity": 36.57381274691164
            },
            {
                "best": {
                    "class_name": "warrior",
                    "performance": 40.58842253723518
                },
                "mean": 35.39631322749188,
                "generation": 25,
                "diversity": 35.12592585487497
            },
            {
                "best": {
                    "class_name": "warrior",
                    "performance": 40.58842253723518
                },
                "mean": 35.6681956380273,
                "generation": 26,
                "diversity": 33.366623550257636
            },
            {
                "best": {
                    "class_name": "warrior",
                    "performance": 40.67685880787281
                },
                "mean": 35.99748640478027,
                "generation": 27,
                "diversity": 33.18084202525145
            },
            {
                "best": {
                    "class_name": "warrior",
                    "performance": 40.2787515032914
                },
                "mean": 36.23597850866288,
                "generation": 28,
                "diversity": 32.02860190350852
            },
            {
                "best": {
                    "class_name": "warrior",
                    "performance": 40.48190118691505
                },
                "mean": 36.195922311092815,
                "generation": 29,
                "diversity": 29.76809081427855
            },
            {
                "best": {
                    "class_name": "warrior",
                    "performance": 40.48190118691505
                },
                "mean": 36.400703035848174,
                "generation": 30,
                "diversity": 32.89776341753748
            },
            {
                "best": {
                    "class_name": "warrior",
                    "performance": 40.73728042984163
                },
                "mean": 36.438485464066034,
                "generation": 31,
                "diversity": 31.674323675731372
            },
            {
                "best": {
                    "class_name": "warrior",
                    "performance": 41.049634542471836
                },
                "mean": 36.57954340884474,
                "generation": 32,
                "diversity": 29.58949145008243
            },
            {
                "best": {
                    "class_name": "warrior",
                    "performance": 40.94367773609739
                },
                "mean": 36.75323904977339,
                "generation": 33,
                "diversity": 29.298759305271755
            },
            {
                "best": {
                    "class_name": "warrior",
                    "performance": 40.94367773609739
                },
                "mean": 36.822797523269834,
                "generation": 34,
                "diversity": 27.557555350924748
            },
            {
                "best": {
                    "class_name": "warrior",
                    "performance": 41.18802992441973
                },
                "mean": 36.95481436576801,
                "generation": 35,
                "diversity": 29.790200138605808
            },
            {
                "best": {
                    "class_name": "warrior",
                    "performance": 41.24302918368825
                },
                "mean": 36.930697272364114,
                "generation": 36,
                "diversity": 34.486923173458855
            },
            {
                "best": {
                    "class_name": "warrior",
                    "performance": 40.956098559876544
                },
                "mean": 37.49020089430085,
                "generation": 37,
                "diversity": 32.90311325654369
            },
            {
                "best": {
                    "class_name": "warrior",
                    "performance": 40.956098559876544
                },
                "mean": 37.60419979359993,
                "generation": 38,
                "diversity": 33.14982426929003
            },
            {
                "best": {
                    "class_name": "warrior",
                    "performance": 41.10599422965827
                },
                "mean": 37.62476638328114,
                "generation": 39,
                "diversity": 31.486602671470518
            },
            {
                "best": {
                    "class_name": "warrior",
                    "performance": 41.24329766371859
                },
                "mean": 37.73620701043571,
                "generation": 40,
                "diversity": 31.42428865395272
            },
            {
                "best": {
                    "class_name": "warrior",
                    "performance": 41.17219720473217
                },
                "mean": 37.932596102198886,
                "generation": 41,
                "diversity": 29.396986669330474
            },
            {
                "best": {
                    "class_name": "warrior",
                    "performance": 41.17011815778498
                },
                "mean": 37.87011693081458,
                "generation": 42,
                "diversity": 25.379631636916383
            },
            {
                "best": {
                    "class_name": "warrior",
                    "performance": 40.91333929113635
                },
                "mean": 38.06064701181789,
                "generation": 43,
                "diversity": 24.8145586719157
            },
            {
                "best": {
                    "class_name": "warrior",
                    "performance": 41.04448236738576
                },
                "mean": 37.81384939035981,
                "generation": 44,
                "diversity": 27.221654876496927
            },
            {
                "best": {
                    "class_name": "warrior",
                    "performance": 40.95619429197564
                },
                "mean": 38.00838457335484,
                "generation": 45,
                "diversity": 26.310028390631118
            },
            {
                "best": {
                    "class_name": "warrior",
                    "performance": 40.90785877384424
                },
                "mean": 38.17073296085432,
                "generation": 46,
                "diversity": 24.16281128470707
            },
            {
                "best": {
                    "class_name": "warrior",
                    "performance": 40.94204764976245
                },
                "mean": 38.13215497430911,
                "generation": 47,
                "diversity": 24.1184740117366
            },
            {
                "best": {
                    "class_name": "warrior",
                    "performance": 40.94293670764163
                },
                "mean": 38.22793896363618,
                "generation": 48,
                "diversity": 27.450681227746937
            },
            {
                "best": {
                    "class_name": "warrior",
                    "performance": 40.92160172486226
                },
                "mean": 38.0923938743397,
                "generation": 49,
                "diversity": 25.876375996682416
            },
            {
                "best": {
                    "class_name": "warrior",
                    "performance": 41.11183869594302
                },
                "mean": 37.89059868445555,
                "generation": 50,
                "diversity": 25.59253546963826
            },
            {
                "best": {
                    "class_name": "warrior",
                    "performance": 40.84122861293063
                },
                "mean": 38.138436806125746,
                "generation": 51,
                "diversity": 25.69724672816712
            },
            {
                "best": {
                    "class_name": "warrior",
                    "performance": 41.08965033518921
                },
                "mean": 38.11759457592065,
                "generation": 52,
                "diversity": 25.52081533334884
            },
            {
                "best": {
                    "class_name": "warrior",
                    "performance": 41.03911726022424
                },
                "mean": 38.1471731480517,
                "generation": 53,
                "diversity": 25.010458668449697
            },
            {
                "best": {
                    "class_name": "warrior",
                    "performance": 40.91470343393731
                },
                "mean": 38.24676027632658,
                "generation": 54,
                "diversity": 22.4686134362712
            },
            {
                "best": {
                    "class_name": "warrior",
                    "performance": 41.000563326674666
                },
                "mean": 38.11057384525606,
                "generation": 55,
                "diversity": 24.41398893891987
            },
            {
                "best": {
                    "class_name": "warrior",
                    "performance": 41.16639949112786
                },
                "mean": 37.972524960846336,
                "generation": 56,
                "diversity": 23.71777067146654
            }
        ]
    },
    "config": {
        "population_size": 600,
        "population_to_keep": 300,
        "class_name": "warrior",
        "selection_config_a": {
            "selection_type": "elite",
            "population_to_keep": 150,
            "tournament_size": 50,
            "threshold": 0.75,
            "initial_temperature": 30,
            "temperature_decay": 0.6,
            "min_temperature": 5
        },
        "selection_config_b": {
            "selection_type": "roulette",
            "population_to_keep": 150,
            "tournament_size": 50,
            "threshold": 0.75,
            "initial_temperature": 30,
            "temperature_decay": 0.6,
            "min_temperature": 5
        },
        "selection_config_rate": 0.5,
        "crossover_config": {
            "method": "uniform"
        },
        "mutation_config": {
            "mutation_type": "multi_gen",
            "mutation_rate": 0.2,
            "delta_mutation": 15
        },
        "replacement_config_a": {
            "type": "traditional",
            "quantity": 150,
            "gen_gap": 0.5
        },
        "replacement_config_b": {
            "type": "young_bias",
            "quantity": 150,
            "gen_gap": 0.5
        },
        "replacement_config_rate": 0.5,
        "end_condition_config": {
            "type": "content",
            "generations_to_check": 20,
            "generations": 500,
            "optimum_value": 61.5,
            "tolerance": 0.1,
            "structure_tolerance": 0.01,
            "structure_relevant_proportion": 0.98
        }
    }
}