{
    "results": {
        "best": {
            "solution": {
                "class_name": "warrior",
                "variables": {
                    "strength": 73.24089445405568,
                    "agility": 76.75910554594434,
                    "expertise": 0.0,
                    "resistance": 0.0,
                    "life": 0.0,
                    "height": 1.92
                },
                "performance": 41.21805389064237
            },
            "generation": 29
        },
        "last_iterations": [
            {
                "best": {
                    "class_name": "warrior",
                    "performance": 28.308278436469596
                },
                "mean": 16.815831960091064,
                "generation": 1,
                "diversity": 237.96152373226724
            },
            {
                "best": {
                    "class_name": "warrior",
                    "performance": 30.51633268139564
                },
                "mean": 16.892700520358442,
                "generation": 2,
                "diversity": 246.59943587303573
            },
            {
                "best": {
                    "class_name": "warrior",
                    "performance": 31.076763977091925
                },
                "mean": 17.755071548512507,
                "generation": 3,
                "diversity": 245.75544154711005
            },
            {
                "best": {
                    "class_name": "warrior",
                    "performance": 32.87903450632558
                },
                "mean": 18.287733899529943,
                "generation": 4,
                "diversity": 261.57421816675935
            },
            {
                "best": {
                    "class_name": "warrior",
                    "performance": 32.87903450632558
                },
                "mean": 19.93633862279013,
                "generation": 5,
                "diversity": 261.2622701819578
            },
            {
                "best": {
                    "class_name": "warrior",
                    "performance": 34.00615602753842
                },
                "mean": 21.005305895022374,
                "generation": 6,
                "diversity": 294.23211933548595
            },
            {
                "best": {
                    "class_name": "warrior",
                    "performance": 34.375992526326776
                },
                "mean": 22.03391736185442,
                "generation": 7,
                "diversity": 244.44422458530312
            },
            {
                "best": {
                    "class_name": "warrior",
                    "performance": 32.5055247357445
                },
                "mean": 23.52135730267477,
                "generation": 8,
                "diversity": 213.63854330658455
            },
            {
                "best": {
                    "class_name": "warrior",
                    "performance": 37.15376907089746
                },
                "mean": 25.49742951304379,
                "generation": 9,
                "diversity": 165.1628794713717
            },
            {
                "best": {
                    "class_name": "warrior",
                    "performance": 36.41259290857266
                },
                "mean": 26.10915479541291,
                "generation": 10,
                "diversity": 158.0433048227756
            },
            {
                "best": {
                    "class_name": "warrior",
                    "performance": 36.4723538367008
                },
                "mean": 27.298606392228617,
                "generation": 11,
                "diversity": 144.93442464864435
            },
            {
                "best": {
                    "class_name": "warrior",
                    "performance": 36.76010660654544
                },
                "mean": 28.28674318078803,
                "generation": 12,
                "diversity": 125.94476155727644
            },
            {
                "best": {
                    "class_name": "warrior",
                    "performance": 37.87094430125949
                },
                "mean": 28.22866891257395,
                "generation": 13,
                "diversity": 98.49660885514241
            },
            {
                "best": {
                    "class_name": "warrior",
                    "performance": 38.834978631711095
                },
                "mean": 29.14130480108484,
                "generation": 14,
                "diversity": 89.77578332281496
            },
            {
                "best": {
                    "class_name": "warrior",
                    "performance": 38.78026271672776
                },
                "mean": 29.497318285849925,
                "generation": 15,
                "diversity": 79.84147436181196
            },
            {
                "best": {
                    "class_name": "warrior",
                    "performance": 36.79742867747318
                },
                "mean": 29.552573620886214,
                "generation": 16,
                "diversity": 84.19451609768706
            },
            {
                "best": {
                    "class_name": "warrior",
                    "performance": 38.96838299517069
                },
                "mean": 30.631527629817537,
                "generation": 17,
                "diversity": 76.9641816251224
            },
            {
                "best": {
                    "class_name": "warrior",
                    "performance": 37.866837362739744
                },
                "mean": 31.01692191557497,
                "generation": 18,
                "diversity": 67.03078484259973
            },
            {
                "best": {
                    "class_name": "warrior",
                    "performance": 39.97087221841019
                },
                "mean": 31.144120330424993,
                "generation": 19,
                "diversity": 66.68819434182062
            },
            {
                "best": {
                    "class_name": "warrior",
                    "performance": 39.97087221841019
                },
                "mean": 30.323156788473867,
                "generation": 20,
                "diversity": 68.52797553584494
            },
            {
                "best": {
                    "class_name": "warrior",
                    "performance": 39.01962997477476
                },
                "mean": 31.263807743121134,
                "generation": 21,
                "diversity": 62.94481128612876
            },
            {
                "best": {
                    "class_name": "warrior",
                    "performance": 39.77247676827755
                },
                "mean": 31.73812863698427,
                "generation": 22,
                "diversity": 61.2458261596631
            },
            {
                "best": {
                    "class_name": "warrior",
                    "performance": 39.87090319792161
                },
                "mean": 32.960085991400994,
                "generation": 23,
                "diversity": 55.95162346232084
            },
            {
                "best": {
                    "class_name": "warrior",
                    "performance": 40.66530937815503
                },
                "mean": 33.75298409358392,
                "generation": 24,
                "diversity": 52.23913977669531
            },
            {
                "best": {
                    "class_name": "warrior",
                    "performance": 40.08854765093096
                },
                "mean": 34.0450784788452,
                "generation": 25,
                "diversity": 51.504153369006026
            },
            {
                "best": {
                    "class_name": "warrior",
                    "performance": 39.99698228653774
                },
                "mean": 34.71729021291658,
                "generation": 26,
                "diversity": 44.76039502145937
            },
            {
                "best": {
                    "class_name": "warrior",
                    "performance": 40.36907066512324
                },
                "mean": 35.75134985265463,
                "generation": 27,
                "diversity": 34.411888534798585
            },
            {
                "best": {
                    "class_name": "warrior",
                    "performance": 40.83358067130533
                },
                "mean": 36.27173790330523,
                "generation": 28,
                "diversity": 32.89465540302903
            },
            {
                "best": {
                    "class_name": "warrior",
                    "performance": 41.21805389064237
                },
                "mean": 35.9065222237589,
                "generation": 29,
                "diversity": 35.33978767874803
            },
            {
                "best": {
                    "class_name": "warrior",
                    "performance": 40.69645139718998
                },
                "mean": 36.432414439868296,
                "generation": 30,
                "diversity": 31.10334105878164
            },
            {
                "best": {
                    "class_name": "warrior",
                    "performance": 40.69645139718998
                },
                "mean": 36.88388411526822,
                "generation": 31,
                "diversity": 25.301267759551603
            },
            {
                "best": {
                    "class_name": "warrior",
                    "performance": 40.66402804641172
                },
                "mean": 36.76409267007723,
                "generation": 32,
                "diversity": 26.453181160678145
            },
            {
                "best": {
                    "class_name": "warrior",
                    "performance": 40.70377011650549
                },
                "mean": 37.02278534883653,
                "generation": 33,
                "diversity": 24.618563521233522
            },
            {
                "best": {
                    "class_name": "warrior",
                    "performance": 41.09096016051078
                },
                "mean": 36.95717381113183,
                "generation": 34,
                "diversity": 28.71632707289943
            },
            {
                "best": {
                    "class_name": "warrior",
                    "performance": 40.97761787051526
                },
                "mean": 36.81714142129905,
                "generation": 35,
                "diversity": 29.010305155338624
            },
            {
                "best": {
                    "class_name": "warrior",
                    "performance": 40.97761787051526
                },
                "mean": 36.745119118354616,
                "generation": 36,
                "diversity": 27.64493727011262
            },
            {
                "best": {
                    "class_name": "warrior",
                    "performance": 40.772957799695206
                },
                "mean": 37.0968271765424,
                "generation": 37,
                "diversity": 25.42901209852724
            },
            {
                "best": {
                    "class_name": "warrior",
                    "performance": 41.08507798090506
                },
                "mean": 36.68797373705655,
                "generation": 38,
                "diversity": 27.605654754895852
            },
            {
                "best": {
                    "class_name": "warrior",
                    "performance": 41.08507798090506
                },
                "mean": 37.83392130167849,
                "generation": 39,
                "diversity": 21.802991541900727
            },
            {
                "best": {
                    "class_name": "warrior",
                    "performance": 41.215339405081146
                },
                "mean": 37.541871631872034,
                "generation": 40,
                "diversity": 23.37341624033863
            },
            {
                "best": {
                    "class_name": "warrior",
                    "performance": 41.14493835755323
                },
                "mean": 37.09915127982818,
                "generation": 41,
                "diversity": 22.799056479552608
            },
            {
                "best": {
                    "class_name": "warrior",
                    "performance": 41.14493835755323
                },
                "mean": 37.27081301217996,
                "generation": 42,
                "diversity": 20.3091389552346
            },
            {
                "best": {
                    "class_name": "warrior",
                    "performance": 40.93022445309112
                },
                "mean": 36.94018661852663,
                "generation": 43,
                "diversity": 21.12142875186628
            },
            {
                "best": {
                    "class_name": "warrior",
                    "performance": 41.06411852447593
                },
                "mean": 37.96834722117245,
                "generation": 44,
                "diversity": 17.825431536779472
            },
            {
                "best": {
                    "class_name": "warrior",
                    "performance": 41.129143494017036
                },
                "mean": 38.005685447085014,
                "generation": 45,
                "diversity": 21.842623822677087
            },
            {
                "best": {
                    "class_name": "warrior",
                    "performance": 41.129143494017036
                },
                "mean": 37.53000277674892,
                "generation": 46,
                "diversity": 23.38362895562129
            },
            {
                "best": {
                    "class_name": "warrior",
                    "performance": 40.85299038906067
                },
                "mean": 37.48282904316403,
                "generation": 47,
                "diversity": 20.95470015822018
            },
            {
                "best": {
                    "class_name": "warrior",
                    "performance": 40.93145748981689
                },
                "mean": 38.1253687744759,
                "generation": 48,
                "diversity": 18.65237294953742
            },
            {
                "best": {
                    "class_name": "warrior",
                    "performance": 40.93729028866709
                },
                "mean": 38.06999158016087,
                "generation": 49,
                "diversity": 18.74804000822077
            }
        ]
    },
    "config": {
        "population_size": 200,
        "population_to_keep": 100,
        "class_name": "warrior",
        "selection_config_a": {
            "selection_type": "elite",
            "population_to_keep": 50,
            "tournament_size": 50,
            "threshold": 0.75,
            "initial_temperature": 30,
            "temperature_decay": 0.6,
            "min_temperature": 5
        },
        "selection_config_b": {
            "selection_type": "roulette",
            "population_to_keep": 50,
            "tournament_size": 50,
            "threshold": 0.75,
            "initial_temperature": 30,
            "temperature_decay": 0.6,
            "min_temperature": 5
        },
        "selection_config_rate": 0.5,
        "crossover_config": {
            "method": "uniform"
        },
        "mutation_config": {
            "mutation_type": "multi_gen",
            "mutation_rate": 0.2,
            "delta_mutation": 15
        },
        "replacement_config_a": {
            "type": "traditional",
            "quantity": 50,
            "gen_gap": 0.5
        },
        "replacement_config_b": {
            "type": "young_bias",
            "quantity": 50,
            "gen_gap": 0.5
        },
        "replacement_config_rate": 0.5,
        "end_condition_config": {
            "type": "content",
            "generations_to_check": 20,
            "generations": 500,
            "optimum_value": 61.5,
            "tolerance": 0.1,
            "structure_tolerance": 0.01,
            "structure_relevant_proportion": 0.98
        }
    }
}