{
    "results": {
        "best": {
            "solution": {
                "class_name": "warrior",
                "variables": {
                    "strength": 74.6951969648216,
                    "agility": 75.30480303517838,
                    "expertise": 0.0,
                    "resistance": 0.0,
                    "life": 0,
                    "height": 1.91
                },
                "performance": 41.24227700332312
            },
            "generation": 26
        },
        "last_iterations": [
            {
                "best": {
                    "class_name": "warrior",
                    "performance": 31.848413472524328
                },
                "mean": 15.195799459322899,
                "generation": 0,
                "diversity": 241.66670394356558
            },
            {
                "best": {
                    "class_name": "warrior",
                    "performance": 33.69468951551857
                },
                "mean": 15.956142040621813,
                "generation": 1,
                "diversity": 227.867544313906
            },
            {
                "best": {
                    "class_name": "warrior",
                    "performance": 32.873432271021834
                },
                "mean": 16.830103291224965,
                "generation": 2,
                "diversity": 215.22521982402694
            },
            {
                "best": {
                    "class_name": "warrior",
                    "performance": 35.94122533451311
                },
                "mean": 17.5172313458895,
                "generation": 3,
                "diversity": 211.20245923617642
            },
            {
                "best": {
                    "class_name": "warrior",
                    "performance": 32.3010380086484
                },
                "mean": 18.535106005639943,
                "generation": 4,
                "diversity": 209.211165686316
            },
            {
                "best": {
                    "class_name": "warrior",
                    "performance": 38.042345793423216
                },
                "mean": 19.679237794683534,
                "generation": 5,
                "diversity": 209.83502681087316
            },
            {
                "best": {
                    "class_name": "warrior",
                    "performance": 38.59794192367598
                },
                "mean": 20.55021852160534,
                "generation": 6,
                "diversity": 211.7395720664047
            },
            {
                "best": {
                    "class_name": "warrior",
                    "performance": 39.20290451112124
                },
                "mean": 21.450984358561232,
                "generation": 7,
                "diversity": 199.8523825881357
            },
            {
                "best": {
                    "class_name": "warrior",
                    "performance": 39.20290451112124
                },
                "mean": 22.351353101411068,
                "generation": 8,
                "diversity": 196.33587020452015
            },
            {
                "best": {
                    "class_name": "warrior",
                    "performance": 40.55794816812777
                },
                "mean": 23.323993365639065,
                "generation": 9,
                "diversity": 190.6886889036699
            },
            {
                "best": {
                    "class_name": "warrior",
                    "performance": 40.55794816812777
                },
                "mean": 24.566267860362395,
                "generation": 10,
                "diversity": 187.4723521483913
            },
            {
                "best": {
                    "class_name": "warrior",
                    "performance": 40.81276032916348
                },
                "mean": 25.398927749038887,
                "generation": 11,
                "diversity": 180.60935533307497
            },
            {
                "best": {
                    "class_name": "warrior",
                    "performance": 41.172669509192076
                },
                "mean": 26.092801888227648,
                "generation": 12,
                "diversity": 172.4626487456617
            },
            {
                "best": {
                    "class_name": "warrior",
                    "performance": 39.59628396882179
                },
                "mean": 27.033393707497716,
                "generation": 13,
                "diversity": 166.10483766003196
            },
            {
                "best": {
                    "class_name": "warrior",
                    "performance": 40.2584058502549
                },
                "mean": 27.673129217662275,
                "generation": 14,
                "diversity": 157.00731192174362
            },
            {
                "best": {
                    "class_name": "warrior",
                    "performance": 40.83548477585351
                },
                "mean": 28.868123061512254,
                "generation": 15,
                "diversity": 145.00490533445287
            },
            {
                "best": {
                    "class_name": "warrior",
                    "performance": 40.91135762226022
                },
                "mean": 29.90163201871194,
                "generation": 16,
                "diversity": 131.48869654976855
            },
            {
                "best": {
                    "class_name": "warrior",
                    "performance": 40.91135762226022
                },
                "mean": 30.39863756288443,
                "generation": 17,
                "diversity": 120.83155886672455
            },
            {
                "best": {
                    "class_name": "warrior",
                    "performance": 40.764569898273294
                },
                "mean": 31.07187367235961,
                "generation": 18,
                "diversity": 111.72851257568088
            },
            {
                "best": {
                    "class_name": "warrior",
                    "performance": 40.991821672328605
                },
                "mean": 31.487979401550845,
                "generation": 19,
                "diversity": 108.79449642669972
            },
            {
                "best": {
                    "class_name": "warrior",
                    "performance": 41.09945987606495
                },
                "mean": 31.724537064233736,
                "generation": 20,
                "diversity": 103.18276388506796
            },
            {
                "best": {
                    "class_name": "warrior",
                    "performance": 41.09945987606495
                },
                "mean": 32.14718337635511,
                "generation": 21,
                "diversity": 97.8766963646879
            },
            {
                "best": {
                    "class_name": "warrior",
                    "performance": 41.143033462544935
                },
                "mean": 32.64630121272188,
                "generation": 22,
                "diversity": 90.32733671649031
            },
            {
                "best": {
                    "class_name": "warrior",
                    "performance": 41.08391429683785
                },
                "mean": 32.67786333507094,
                "generation": 23,
                "diversity": 93.88689126976954
            },
            {
                "best": {
                    "class_name": "warrior",
                    "performance": 40.974635396818485
                },
                "mean": 32.75654367831657,
                "generation": 24,
                "diversity": 96.21045458288695
            },
            {
                "best": {
                    "class_name": "warrior",
                    "performance": 41.10042756911437
                },
                "mean": 33.06057057288888,
                "generation": 25,
                "diversity": 89.93430285906187
            },
            {
                "best": {
                    "class_name": "warrior",
                    "performance": 41.24227700332312
                },
                "mean": 33.475734373888955,
                "generation": 26,
                "diversity": 85.3508029406184
            },
            {
                "best": {
                    "class_name": "warrior",
                    "performance": 41.24227700332312
                },
                "mean": 33.412674251212806,
                "generation": 27,
                "diversity": 85.93703316140675
            },
            {
                "best": {
                    "class_name": "warrior",
                    "performance": 41.24133807579694
                },
                "mean": 33.397897615564915,
                "generation": 28,
                "diversity": 84.45700925503176
            },
            {
                "best": {
                    "class_name": "warrior",
                    "performance": 41.233063909928184
                },
                "mean": 33.556852111433436,
                "generation": 29,
                "diversity": 84.09674821976257
            },
            {
                "best": {
                    "class_name": "warrior",
                    "performance": 40.844853567926236
                },
                "mean": 33.584727056897094,
                "generation": 30,
                "diversity": 83.80536597080868
            },
            {
                "best": {
                    "class_name": "warrior",
                    "performance": 40.88661146254599
                },
                "mean": 33.37099092984552,
                "generation": 31,
                "diversity": 87.20056864863204
            },
            {
                "best": {
                    "class_name": "warrior",
                    "performance": 41.138582084516784
                },
                "mean": 33.62598557427939,
                "generation": 32,
                "diversity": 85.66391448927061
            },
            {
                "best": {
                    "class_name": "warrior",
                    "performance": 41.24097213538155
                },
                "mean": 33.689351542567586,
                "generation": 33,
                "diversity": 82.9883794627239
            },
            {
                "best": {
                    "class_name": "warrior",
                    "performance": 41.24097213538155
                },
                "mean": 33.8093690119739,
                "generation": 34,
                "diversity": 81.40241262162176
            },
            {
                "best": {
                    "class_name": "warrior",
                    "performance": 41.2389846454886
                },
                "mean": 33.92709151684872,
                "generation": 35,
                "diversity": 74.15221486111953
            },
            {
                "best": {
                    "class_name": "warrior",
                    "performance": 41.23974252903872
                },
                "mean": 33.70843455914774,
                "generation": 36,
                "diversity": 74.88057708498145
            },
            {
                "best": {
                    "class_name": "warrior",
                    "performance": 41.23772224937518
                },
                "mean": 33.83867055121016,
                "generation": 37,
                "diversity": 75.81166030623238
            },
            {
                "best": {
                    "class_name": "warrior",
                    "performance": 41.23772224937518
                },
                "mean": 33.75267456441736,
                "generation": 38,
                "diversity": 78.75404788090552
            },
            {
                "best": {
                    "class_name": "warrior",
                    "performance": 41.20332670809619
                },
                "mean": 33.99746045111317,
                "generation": 39,
                "diversity": 73.91089985711791
            },
            {
                "best": {
                    "class_name": "warrior",
                    "performance": 41.240114834057984
                },
                "mean": 33.995624746260404,
                "generation": 40,
                "diversity": 73.34221431297593
            },
            {
                "best": {
                    "class_name": "warrior",
                    "performance": 41.23864696732944
                },
                "mean": 34.11539507366829,
                "generation": 41,
                "diversity": 75.48192422646186
            },
            {
                "best": {
                    "class_name": "warrior",
                    "performance": 41.140845877777835
                },
                "mean": 33.87962780980541,
                "generation": 42,
                "diversity": 76.3761853330736
            },
            {
                "best": {
                    "class_name": "warrior",
                    "performance": 41.219722140143574
                },
                "mean": 34.234680532530014,
                "generation": 43,
                "diversity": 66.2247516439108
            },
            {
                "best": {
                    "class_name": "warrior",
                    "performance": 41.24176960215534
                },
                "mean": 34.10749650089331,
                "generation": 44,
                "diversity": 67.92219304794577
            },
            {
                "best": {
                    "class_name": "warrior",
                    "performance": 41.22828656863418
                },
                "mean": 34.23239747750283,
                "generation": 45,
                "diversity": 61.76339907747569
            },
            {
                "best": {
                    "class_name": "warrior",
                    "performance": 41.22560195568644
                },
                "mean": 34.34404244469144,
                "generation": 46,
                "diversity": 64.27597632170777
            }
        ]
    },
    "config": {
        "population_size": 1100,
        "population_to_keep": 825,
        "class_name": "warrior",
        "selection_config_a": {
            "selection_type": "elite",
            "population_to_keep": 330,
            "tournament_size": 50,
            "threshold": 0.75,
            "initial_temperature": 30,
            "temperature_decay": 0.6,
            "min_temperature": 5
        },
        "selection_config_b": {
            "selection_type": "ranking",
            "population_to_keep": 495,
            "tournament_size": 50,
            "threshold": 0.75,
            "initial_temperature": 30,
            "temperature_decay": 0.6,
            "min_temperature": 5
        },
        "selection_config_rate": 0.4,
        "crossover_config": {
            "method": "uniform"
        },
        "mutation_config": {
            "mutation_type": "multi_gen",
            "mutation_rate": 0.3,
            "delta_mutation": 30
        },
        "replacement_config_a": {
            "type": "traditional",
            "quantity": 248,
            "gen_gap": 0.5
        },
        "replacement_config_b": {
            "type": "young_bias",
            "quantity": 577,
            "gen_gap": 0.5
        },
        "replacement_config_rate": 0.3,
        "end_condition_config": {
            "type": "content",
            "generations_to_check": 20,
            "generations": 500,
            "optimum_value": 61.5,
            "tolerance": 0.1,
            "structure_tolerance": 0.01,
            "structure_relevant_proportion": 0.98
        }
    }
}