{
    "results": {
        "best": {
            "solution": {
                "class_name": "warrior",
                "variables": {
                    "strength": 75.01032650991863,
                    "agility": 74.98967349008137,
                    "expertise": 0.0,
                    "resistance": 0.0,
                    "life": 0.0,
                    "height": 1.92
                },
                "performance": 41.24453935093625
            },
            "generation": 42
        },
        "last_iterations": [
            {
                "best": {
                    "class_name": "warrior",
                    "performance": 29.963342547952802
                },
                "mean": 16.835014102846706,
                "generation": 1,
                "diversity": 221.10716801027377
            },
            {
                "best": {
                    "class_name": "warrior",
                    "performance": 32.369300393204256
                },
                "mean": 17.82241833601256,
                "generation": 2,
                "diversity": 207.45516531869768
            },
            {
                "best": {
                    "class_name": "warrior",
                    "performance": 32.369300393204256
                },
                "mean": 19.389364278339414,
                "generation": 3,
                "diversity": 179.4283092081878
            },
            {
                "best": {
                    "class_name": "warrior",
                    "performance": 32.884266543143994
                },
                "mean": 20.319939799888246,
                "generation": 4,
                "diversity": 163.68229929717944
            },
            {
                "best": {
                    "class_name": "warrior",
                    "performance": 32.728509009718266
                },
                "mean": 20.9415290594755,
                "generation": 5,
                "diversity": 156.1847048621539
            },
            {
                "best": {
                    "class_name": "warrior",
                    "performance": 34.516827198671734
                },
                "mean": 21.696932426153904,
                "generation": 6,
                "diversity": 127.45496154037077
            },
            {
                "best": {
                    "class_name": "warrior",
                    "performance": 35.359863936613074
                },
                "mean": 22.65433986003158,
                "generation": 7,
                "diversity": 112.56562993830141
            },
            {
                "best": {
                    "class_name": "warrior",
                    "performance": 36.104442579683024
                },
                "mean": 23.541594503577436,
                "generation": 8,
                "diversity": 102.70300940859597
            },
            {
                "best": {
                    "class_name": "warrior",
                    "performance": 34.77596264483628
                },
                "mean": 24.325278081858052,
                "generation": 9,
                "diversity": 90.24902604327808
            },
            {
                "best": {
                    "class_name": "warrior",
                    "performance": 37.45082336883119
                },
                "mean": 25.351120997931403,
                "generation": 10,
                "diversity": 89.72590832924179
            },
            {
                "best": {
                    "class_name": "warrior",
                    "performance": 37.59132089005799
                },
                "mean": 26.22047426782374,
                "generation": 11,
                "diversity": 89.52738676583265
            },
            {
                "best": {
                    "class_name": "warrior",
                    "performance": 39.63878765373657
                },
                "mean": 27.38717403166768,
                "generation": 12,
                "diversity": 77.81830320569215
            },
            {
                "best": {
                    "class_name": "warrior",
                    "performance": 38.818220330058935
                },
                "mean": 28.222475236455086,
                "generation": 13,
                "diversity": 73.88066110270972
            },
            {
                "best": {
                    "class_name": "warrior",
                    "performance": 39.99752832358457
                },
                "mean": 28.69125540747415,
                "generation": 14,
                "diversity": 70.83178235356586
            },
            {
                "best": {
                    "class_name": "warrior",
                    "performance": 38.815301473528486
                },
                "mean": 29.368422842126332,
                "generation": 15,
                "diversity": 72.8274138666077
            },
            {
                "best": {
                    "class_name": "warrior",
                    "performance": 39.3264108351646
                },
                "mean": 30.423249417107478,
                "generation": 16,
                "diversity": 71.50707200087867
            },
            {
                "best": {
                    "class_name": "warrior",
                    "performance": 39.06000904240803
                },
                "mean": 30.83599510907406,
                "generation": 17,
                "diversity": 63.96102653710496
            },
            {
                "best": {
                    "class_name": "warrior",
                    "performance": 40.56125024711423
                },
                "mean": 32.05469188792351,
                "generation": 18,
                "diversity": 59.06131715776102
            },
            {
                "best": {
                    "class_name": "warrior",
                    "performance": 40.34303835827416
                },
                "mean": 32.757898705267905,
                "generation": 19,
                "diversity": 58.058093556688384
            },
            {
                "best": {
                    "class_name": "warrior",
                    "performance": 40.34303835827416
                },
                "mean": 33.31044937560739,
                "generation": 20,
                "diversity": 57.71027116296741
            },
            {
                "best": {
                    "class_name": "warrior",
                    "performance": 40.67255155268037
                },
                "mean": 33.61075787507896,
                "generation": 21,
                "diversity": 54.466463569758666
            },
            {
                "best": {
                    "class_name": "warrior",
                    "performance": 40.840743899641325
                },
                "mean": 34.1124384122291,
                "generation": 22,
                "diversity": 54.82706400666584
            },
            {
                "best": {
                    "class_name": "warrior",
                    "performance": 41.13231159965345
                },
                "mean": 34.071661006335354,
                "generation": 23,
                "diversity": 62.60179089680266
            },
            {
                "best": {
                    "class_name": "warrior",
                    "performance": 41.13231159965345
                },
                "mean": 34.4014547573992,
                "generation": 24,
                "diversity": 55.16057860256595
            },
            {
                "best": {
                    "class_name": "warrior",
                    "performance": 40.952024431885356
                },
                "mean": 34.705636118003824,
                "generation": 25,
                "diversity": 58.580648604464834
            },
            {
                "best": {
                    "class_name": "warrior",
                    "performance": 41.01891840975807
                },
                "mean": 34.91933881527039,
                "generation": 26,
                "diversity": 54.63988393107454
            },
            {
                "best": {
                    "class_name": "warrior",
                    "performance": 41.03862707625615
                },
                "mean": 35.17255209236761,
                "generation": 27,
                "diversity": 56.943898243219486
            },
            {
                "best": {
                    "class_name": "warrior",
                    "performance": 40.91350397989877
                },
                "mean": 35.14132005428683,
                "generation": 28,
                "diversity": 60.486062807990606
            },
            {
                "best": {
                    "class_name": "warrior",
                    "performance": 41.09306734648445
                },
                "mean": 35.483526932748134,
                "generation": 29,
                "diversity": 57.67767852369684
            },
            {
                "best": {
                    "class_name": "warrior",
                    "performance": 41.13361973551048
                },
                "mean": 36.08588106672946,
                "generation": 30,
                "diversity": 48.66415075380132
            },
            {
                "best": {
                    "class_name": "warrior",
                    "performance": 41.13361973551048
                },
                "mean": 36.54735853262404,
                "generation": 31,
                "diversity": 46.24795682224311
            },
            {
                "best": {
                    "class_name": "warrior",
                    "performance": 40.9365474114026
                },
                "mean": 37.079227615634686,
                "generation": 32,
                "diversity": 42.58476666267396
            },
            {
                "best": {
                    "class_name": "warrior",
                    "performance": 40.92696745312581
                },
                "mean": 37.19859315103881,
                "generation": 33,
                "diversity": 39.579059716766416
            },
            {
                "best": {
                    "class_name": "warrior",
                    "performance": 40.99542841508484
                },
                "mean": 37.269320290317744,
                "generation": 34,
                "diversity": 39.18673002449647
            },
            {
                "best": {
                    "class_name": "warrior",
                    "performance": 40.881094371635754
                },
                "mean": 37.280208287024955,
                "generation": 35,
                "diversity": 34.16477265366988
            },
            {
                "best": {
                    "class_name": "warrior",
                    "performance": 41.140741071966104
                },
                "mean": 37.58929758348026,
                "generation": 36,
                "diversity": 34.32746985059358
            },
            {
                "best": {
                    "class_name": "warrior",
                    "performance": 41.145313005897215
                },
                "mean": 37.508986227994214,
                "generation": 37,
                "diversity": 35.74075171864378
            },
            {
                "best": {
                    "class_name": "warrior",
                    "performance": 41.1434831532275
                },
                "mean": 37.36387020509267,
                "generation": 38,
                "diversity": 34.676872554981024
            },
            {
                "best": {
                    "class_name": "warrior",
                    "performance": 41.1434831532275
                },
                "mean": 37.61825199909218,
                "generation": 39,
                "diversity": 29.995347248592967
            },
            {
                "best": {
                    "class_name": "warrior",
                    "performance": 40.96380114209438
                },
                "mean": 37.60175384450638,
                "generation": 40,
                "diversity": 30.004790498378625
            },
            {
                "best": {
                    "class_name": "warrior",
                    "performance": 41.04365750940486
                },
                "mean": 37.59015758251055,
                "generation": 41,
                "diversity": 28.435635841817188
            },
            {
                "best": {
                    "class_name": "warrior",
                    "performance": 41.24453935093625
                },
                "mean": 37.46731527317144,
                "generation": 42,
                "diversity": 31.092227819045434
            },
            {
                "best": {
                    "class_name": "warrior",
                    "performance": 40.94317047477287
                },
                "mean": 37.645606575651975,
                "generation": 43,
                "diversity": 28.211010876658577
            },
            {
                "best": {
                    "class_name": "warrior",
                    "performance": 41.02565926505334
                },
                "mean": 37.68724975543519,
                "generation": 44,
                "diversity": 27.659686528164993
            },
            {
                "best": {
                    "class_name": "warrior",
                    "performance": 41.02565926505334
                },
                "mean": 37.756772838058346,
                "generation": 45,
                "diversity": 30.095974177108584
            },
            {
                "best": {
                    "class_name": "warrior",
                    "performance": 41.20851101356624
                },
                "mean": 37.84249371477047,
                "generation": 46,
                "diversity": 29.600415298435138
            },
            {
                "best": {
                    "class_name": "warrior",
                    "performance": 41.09484314648596
                },
                "mean": 37.84229330303937,
                "generation": 47,
                "diversity": 28.188954943043182
            },
            {
                "best": {
                    "class_name": "warrior",
                    "performance": 41.193415316047364
                },
                "mean": 37.952686733970694,
                "generation": 48,
                "diversity": 24.44321332242072
            },
            {
                "best": {
                    "class_name": "warrior",
                    "performance": 41.09484314648596
                },
                "mean": 37.73755549072943,
                "generation": 49,
                "diversity": 25.328578470770086
            },
            {
                "best": {
                    "class_name": "warrior",
                    "performance": 41.228144901135884
                },
                "mean": 37.87411775441956,
                "generation": 50,
                "diversity": 23.781368492753202
            },
            {
                "best": {
                    "class_name": "warrior",
                    "performance": 41.2097212881262
                },
                "mean": 37.71649775149333,
                "generation": 51,
                "diversity": 27.556038684457306
            },
            {
                "best": {
                    "class_name": "warrior",
                    "performance": 41.197549987253716
                },
                "mean": 37.87456201835353,
                "generation": 52,
                "diversity": 27.650132466992236
            },
            {
                "best": {
                    "class_name": "warrior",
                    "performance": 41.21440929090945
                },
                "mean": 37.85996156354094,
                "generation": 53,
                "diversity": 25.602791071989532
            },
            {
                "best": {
                    "class_name": "warrior",
                    "performance": 41.140851758118636
                },
                "mean": 38.042327121422986,
                "generation": 54,
                "diversity": 24.948749721175528
            },
            {
                "best": {
                    "class_name": "warrior",
                    "performance": 41.230123906172075
                },
                "mean": 38.59501554441421,
                "generation": 55,
                "diversity": 27.212043136511653
            },
            {
                "best": {
                    "class_name": "warrior",
                    "performance": 41.23242556245649
                },
                "mean": 38.644086556653626,
                "generation": 56,
                "diversity": 27.74903504629347
            },
            {
                "best": {
                    "class_name": "warrior",
                    "performance": 41.2287193309483
                },
                "mean": 38.54209327850988,
                "generation": 57,
                "diversity": 29.90541999695664
            },
            {
                "best": {
                    "class_name": "warrior",
                    "performance": 41.237455513673815
                },
                "mean": 38.456657620948796,
                "generation": 58,
                "diversity": 31.70649054581074
            },
            {
                "best": {
                    "class_name": "warrior",
                    "performance": 41.229651638725535
                },
                "mean": 38.271056535967496,
                "generation": 59,
                "diversity": 30.24582784862811
            },
            {
                "best": {
                    "class_name": "warrior",
                    "performance": 41.214510583346666
                },
                "mean": 37.93809973952291,
                "generation": 60,
                "diversity": 27.790432572704773
            },
            {
                "best": {
                    "class_name": "warrior",
                    "performance": 41.14424373598603
                },
                "mean": 38.02755537223305,
                "generation": 61,
                "diversity": 26.585742117144363
            },
            {
                "best": {
                    "class_name": "warrior",
                    "performance": 41.18463270143483
                },
                "mean": 38.01829832983515,
                "generation": 62,
                "diversity": 27.051850919826776
            }
        ]
    },
    "config": {
        "population_size": 700,
        "population_to_keep": 350,
        "class_name": "warrior",
        "selection_config_a": {
            "selection_type": "elite",
            "population_to_keep": 175,
            "tournament_size": 50,
            "threshold": 0.75,
            "initial_temperature": 30,
            "temperature_decay": 0.6,
            "min_temperature": 5
        },
        "selection_config_b": {
            "selection_type": "roulette",
            "population_to_keep": 175,
            "tournament_size": 50,
            "threshold": 0.75,
            "initial_temperature": 30,
            "temperature_decay": 0.6,
            "min_temperature": 5
        },
        "selection_config_rate": 0.5,
        "crossover_config": {
            "method": "uniform"
        },
        "mutation_config": {
            "mutation_type": "multi_gen",
            "mutation_rate": 0.2,
            "delta_mutation": 15
        },
        "replacement_config_a": {
            "type": "traditional",
            "quantity": 175,
            "gen_gap": 0.5
        },
        "replacement_config_b": {
            "type": "young_bias",
            "quantity": 175,
            "gen_gap": 0.5
        },
        "replacement_config_rate": 0.5,
        "end_condition_config": {
            "type": "content",
            "generations_to_check": 20,
            "generations": 500,
            "optimum_value": 61.5,
            "tolerance": 0.1,
            "structure_tolerance": 0.01,
            "structure_relevant_proportion": 0.98
        }
    }
}