{
    "results": {
        "best": {
            "solution": {
                "class_name": "warrior",
                "variables": {
                    "strength": 75.05676676990309,
                    "agility": 74.94323323009692,
                    "expertise": 0.0,
                    "resistance": 0.0,
                    "life": 0,
                    "height": 1.9200000000000002
                },
                "performance": 41.244512679420104
            },
            "generation": 63
        },
        "last_iterations": [
            {
                "best": {
                    "class_name": "warrior",
                    "performance": 33.87208576654578
                },
                "mean": 15.967066997680286,
                "generation": 1,
                "diversity": 238.46264222678124
            },
            {
                "best": {
                    "class_name": "warrior",
                    "performance": 33.87208576654578
                },
                "mean": 16.435362524289197,
                "generation": 2,
                "diversity": 211.64851070261113
            },
            {
                "best": {
                    "class_name": "warrior",
                    "performance": 33.87208576654578
                },
                "mean": 17.60915366588699,
                "generation": 3,
                "diversity": 189.03795433616935
            },
            {
                "best": {
                    "class_name": "warrior",
                    "performance": 32.74670515707305
                },
                "mean": 18.388782068409085,
                "generation": 4,
                "diversity": 164.96690744898984
            },
            {
                "best": {
                    "class_name": "warrior",
                    "performance": 33.45961621750975
                },
                "mean": 19.593592947885877,
                "generation": 5,
                "diversity": 140.1529367018686
            },
            {
                "best": {
                    "class_name": "warrior",
                    "performance": 32.74670515707305
                },
                "mean": 20.186364889707182,
                "generation": 6,
                "diversity": 124.9997244473959
            },
            {
                "best": {
                    "class_name": "warrior",
                    "performance": 35.76151714615058
                },
                "mean": 21.152658072304156,
                "generation": 7,
                "diversity": 105.83912291853682
            },
            {
                "best": {
                    "class_name": "warrior",
                    "performance": 33.670382767812484
                },
                "mean": 21.99614440831259,
                "generation": 8,
                "diversity": 99.59574966562126
            },
            {
                "best": {
                    "class_name": "warrior",
                    "performance": 36.38678709938473
                },
                "mean": 22.7671530605931,
                "generation": 9,
                "diversity": 96.28460520703923
            },
            {
                "best": {
                    "class_name": "warrior",
                    "performance": 40.92410565277853
                },
                "mean": 23.4688829473544,
                "generation": 10,
                "diversity": 97.31328847680625
            },
            {
                "best": {
                    "class_name": "warrior",
                    "performance": 40.92410565277853
                },
                "mean": 24.320044251527037,
                "generation": 11,
                "diversity": 92.98758197363952
            },
            {
                "best": {
                    "class_name": "warrior",
                    "performance": 38.64173897632954
                },
                "mean": 25.439048387082984,
                "generation": 12,
                "diversity": 83.21996204586137
            },
            {
                "best": {
                    "class_name": "warrior",
                    "performance": 38.302020012952866
                },
                "mean": 26.75047778975143,
                "generation": 13,
                "diversity": 79.00935343184146
            },
            {
                "best": {
                    "class_name": "warrior",
                    "performance": 39.21887611475607
                },
                "mean": 27.774757664755526,
                "generation": 14,
                "diversity": 74.42945960066932
            },
            {
                "best": {
                    "class_name": "warrior",
                    "performance": 39.36431041889075
                },
                "mean": 29.00946636089704,
                "generation": 15,
                "diversity": 65.98903279514327
            },
            {
                "best": {
                    "class_name": "warrior",
                    "performance": 40.08726395565653
                },
                "mean": 29.851201581408358,
                "generation": 16,
                "diversity": 58.176711225832264
            },
            {
                "best": {
                    "class_name": "warrior",
                    "performance": 40.08726395565653
                },
                "mean": 30.643040931371583,
                "generation": 17,
                "diversity": 54.52686518227972
            },
            {
                "best": {
                    "class_name": "warrior",
                    "performance": 40.12506878077122
                },
                "mean": 31.30757876833313,
                "generation": 18,
                "diversity": 51.06938654112583
            },
            {
                "best": {
                    "class_name": "warrior",
                    "performance": 40.23874428366126
                },
                "mean": 32.1286144448937,
                "generation": 19,
                "diversity": 48.7192327823181
            },
            {
                "best": {
                    "class_name": "warrior",
                    "performance": 40.204335160381945
                },
                "mean": 32.73748464327773,
                "generation": 20,
                "diversity": 44.56985546396451
            },
            {
                "best": {
                    "class_name": "warrior",
                    "performance": 40.25265357343021
                },
                "mean": 33.17669139468306,
                "generation": 21,
                "diversity": 42.39535862001393
            },
            {
                "best": {
                    "class_name": "warrior",
                    "performance": 40.26402200062631
                },
                "mean": 33.95034381983645,
                "generation": 22,
                "diversity": 38.60196050806084
            },
            {
                "best": {
                    "class_name": "warrior",
                    "performance": 40.25265357343021
                },
                "mean": 34.21752439527959,
                "generation": 23,
                "diversity": 37.333890886975325
            },
            {
                "best": {
                    "class_name": "warrior",
                    "performance": 40.39942295945166
                },
                "mean": 34.54241440763148,
                "generation": 24,
                "diversity": 34.64707081916428
            },
            {
                "best": {
                    "class_name": "warrior",
                    "performance": 40.60036986699641
                },
                "mean": 34.805450406836904,
                "generation": 25,
                "diversity": 33.99858922752906
            },
            {
                "best": {
                    "class_name": "warrior",
                    "performance": 41.0795262772518
                },
                "mean": 35.329315944927494,
                "generation": 26,
                "diversity": 32.388127676613315
            },
            {
                "best": {
                    "class_name": "warrior",
                    "performance": 40.71076134658434
                },
                "mean": 35.78732854296967,
                "generation": 27,
                "diversity": 29.363549036272676
            },
            {
                "best": {
                    "class_name": "warrior",
                    "performance": 40.655715268347144
                },
                "mean": 36.03557710776363,
                "generation": 28,
                "diversity": 28.52532086559111
            },
            {
                "best": {
                    "class_name": "warrior",
                    "performance": 40.68387661720301
                },
                "mean": 36.262689127643775,
                "generation": 29,
                "diversity": 29.398063799102875
            },
            {
                "best": {
                    "class_name": "warrior",
                    "performance": 41.13601259467394
                },
                "mean": 36.388344393967806,
                "generation": 30,
                "diversity": 28.230131887932142
            },
            {
                "best": {
                    "class_name": "warrior",
                    "performance": 40.787292241440554
                },
                "mean": 36.3926290687609,
                "generation": 31,
                "diversity": 29.327085004785772
            },
            {
                "best": {
                    "class_name": "warrior",
                    "performance": 40.97478047699996
                },
                "mean": 36.66919246046526,
                "generation": 32,
                "diversity": 28.206359984915053
            },
            {
                "best": {
                    "class_name": "warrior",
                    "performance": 41.18778207276142
                },
                "mean": 37.089346696495156,
                "generation": 33,
                "diversity": 27.112904755938374
            },
            {
                "best": {
                    "class_name": "warrior",
                    "performance": 41.18778207276142
                },
                "mean": 37.330105343208345,
                "generation": 34,
                "diversity": 26.409308857112205
            },
            {
                "best": {
                    "class_name": "warrior",
                    "performance": 41.07162782988831
                },
                "mean": 37.5525350761789,
                "generation": 35,
                "diversity": 25.165328166199917
            },
            {
                "best": {
                    "class_name": "warrior",
                    "performance": 41.07162782988831
                },
                "mean": 37.63451156654844,
                "generation": 36,
                "diversity": 23.871330020800958
            },
            {
                "best": {
                    "class_name": "warrior",
                    "performance": 41.07630829647198
                },
                "mean": 37.72428991005166,
                "generation": 37,
                "diversity": 24.19250512194755
            },
            {
                "best": {
                    "class_name": "warrior",
                    "performance": 40.886739237962296
                },
                "mean": 37.78180408698427,
                "generation": 38,
                "diversity": 23.855413877072635
            },
            {
                "best": {
                    "class_name": "warrior",
                    "performance": 41.122680964062425
                },
                "mean": 37.71005665623789,
                "generation": 39,
                "diversity": 26.757620556293958
            },
            {
                "best": {
                    "class_name": "warrior",
                    "performance": 41.122680964062425
                },
                "mean": 37.66924821512226,
                "generation": 40,
                "diversity": 26.50520688676211
            },
            {
                "best": {
                    "class_name": "warrior",
                    "performance": 41.124287372403515
                },
                "mean": 37.56944515049549,
                "generation": 41,
                "diversity": 25.35840300389226
            },
            {
                "best": {
                    "class_name": "warrior",
                    "performance": 41.21529543126875
                },
                "mean": 37.81078510729174,
                "generation": 42,
                "diversity": 25.671830650567532
            },
            {
                "best": {
                    "class_name": "warrior",
                    "performance": 41.134034643295465
                },
                "mean": 37.84347666038433,
                "generation": 43,
                "diversity": 22.531148443962852
            },
            {
                "best": {
                    "class_name": "warrior",
                    "performance": 41.233575698369755
                },
                "mean": 37.98004591495715,
                "generation": 44,
                "diversity": 22.60857405937654
            },
            {
                "best": {
                    "class_name": "warrior",
                    "performance": 41.19785685948649
                },
                "mean": 37.82882305113183,
                "generation": 45,
                "diversity": 26.007520105713297
            },
            {
                "best": {
                    "class_name": "warrior",
                    "performance": 41.19785685948649
                },
                "mean": 37.62944876945943,
                "generation": 46,
                "diversity": 26.624225786885926
            },
            {
                "best": {
                    "class_name": "warrior",
                    "performance": 41.238698641684486
                },
                "mean": 37.84080114974748,
                "generation": 47,
                "diversity": 24.27914952954249
            },
            {
                "best": {
                    "class_name": "warrior",
                    "performance": 41.24157804306554
                },
                "mean": 37.94204912770304,
                "generation": 48,
                "diversity": 24.588073121486627
            },
            {
                "best": {
                    "class_name": "warrior",
                    "performance": 41.18430899519411
                },
                "mean": 38.165794381456536,
                "generation": 49,
                "diversity": 22.576760836887445
            },
            {
                "best": {
                    "class_name": "warrior",
                    "performance": 41.18311499791975
                },
                "mean": 38.21608797953214,
                "generation": 50,
                "diversity": 23.457289101498432
            },
            {
                "best": {
                    "class_name": "warrior",
                    "performance": 41.159739925996526
                },
                "mean": 38.17072341006401,
                "generation": 51,
                "diversity": 24.243839319941745
            },
            {
                "best": {
                    "class_name": "warrior",
                    "performance": 41.239061448277404
                },
                "mean": 38.033148014848685,
                "generation": 52,
                "diversity": 24.171920222098564
            },
            {
                "best": {
                    "class_name": "warrior",
                    "performance": 41.239061448277404
                },
                "mean": 38.19678729679785,
                "generation": 53,
                "diversity": 24.133423120350532
            },
            {
                "best": {
                    "class_name": "warrior",
                    "performance": 41.238172115941424
                },
                "mean": 38.186349453306065,
                "generation": 54,
                "diversity": 24.21496944540718
            },
            {
                "best": {
                    "class_name": "warrior",
                    "performance": 41.238172115941424
                },
                "mean": 38.365003204704905,
                "generation": 55,
                "diversity": 23.436520990965942
            },
            {
                "best": {
                    "class_name": "warrior",
                    "performance": 41.238172115941424
                },
                "mean": 38.37201003370825,
                "generation": 56,
                "diversity": 24.990897594267036
            },
            {
                "best": {
                    "class_name": "warrior",
                    "performance": 41.20164408015986
                },
                "mean": 38.37393607864563,
                "generation": 57,
                "diversity": 25.79300753548274
            },
            {
                "best": {
                    "class_name": "warrior",
                    "performance": 41.19483428195596
                },
                "mean": 38.21888909677103,
                "generation": 58,
                "diversity": 24.986227716294326
            },
            {
                "best": {
                    "class_name": "warrior",
                    "performance": 41.188966453183134
                },
                "mean": 38.13135348395762,
                "generation": 59,
                "diversity": 23.02736173527596
            },
            {
                "best": {
                    "class_name": "warrior",
                    "performance": 41.24306368271727
                },
                "mean": 38.11407005007211,
                "generation": 60,
                "diversity": 22.649772821067234
            },
            {
                "best": {
                    "class_name": "warrior",
                    "performance": 41.231960218704515
                },
                "mean": 38.0142205295754,
                "generation": 61,
                "diversity": 22.69451157332425
            },
            {
                "best": {
                    "class_name": "warrior",
                    "performance": 41.15574465971884
                },
                "mean": 38.15925304958105,
                "generation": 62,
                "diversity": 23.334579742488113
            },
            {
                "best": {
                    "class_name": "warrior",
                    "performance": 41.244512679420104
                },
                "mean": 38.24845570410123,
                "generation": 63,
                "diversity": 24.92869728109615
            },
            {
                "best": {
                    "class_name": "warrior",
                    "performance": 41.14935954358
                },
                "mean": 38.22849588543051,
                "generation": 64,
                "diversity": 24.901671021161956
            },
            {
                "best": {
                    "class_name": "warrior",
                    "performance": 41.24261198975103
                },
                "mean": 38.43752817990353,
                "generation": 65,
                "diversity": 23.34213975685283
            },
            {
                "best": {
                    "class_name": "warrior",
                    "performance": 41.14271398398834
                },
                "mean": 38.33593838684539,
                "generation": 66,
                "diversity": 20.448205513137797
            },
            {
                "best": {
                    "class_name": "warrior",
                    "performance": 41.241717339901655
                },
                "mean": 38.4095309220585,
                "generation": 67,
                "diversity": 20.698003008475276
            }
        ]
    },
    "config": {
        "population_size": 1500,
        "population_to_keep": 750,
        "class_name": "warrior",
        "selection_config_a": {
            "selection_type": "elite",
            "population_to_keep": 375,
            "tournament_size": 50,
            "threshold": 0.75,
            "initial_temperature": 30,
            "temperature_decay": 0.6,
            "min_temperature": 5
        },
        "selection_config_b": {
            "selection_type": "roulette",
            "population_to_keep": 375,
            "tournament_size": 50,
            "threshold": 0.75,
            "initial_temperature": 30,
            "temperature_decay": 0.6,
            "min_temperature": 5
        },
        "selection_config_rate": 0.5,
        "crossover_config": {
            "method": "uniform"
        },
        "mutation_config": {
            "mutation_type": "multi_gen",
            "mutation_rate": 0.2,
            "delta_mutation": 15
        },
        "replacement_config_a": {
            "type": "traditional",
            "quantity": 375,
            "gen_gap": 0.5
        },
        "replacement_config_b": {
            "type": "young_bias",
            "quantity": 375,
            "gen_gap": 0.5
        },
        "replacement_config_rate": 0.5,
        "end_condition_config": {
            "type": "content",
            "generations_to_check": 20,
            "generations": 500,
            "optimum_value": 61.5,
            "tolerance": 0.1,
            "structure_tolerance": 0.01,
            "structure_relevant_proportion": 0.98
        }
    }
}