{
    "results": {
        "best": {
            "solution": {
                "class_name": "warrior",
                "variables": {
                    "strength": 75.1771663572982,
                    "agility": 74.8228336427018,
                    "expertise": 0.0,
                    "resistance": 0.0,
                    "life": 0.0,
                    "height": 1.92
                },
                "performance": 41.244271583197424
            },
            "generation": 41
        },
        "last_iterations": [
            {
                "best": {
                    "class_name": "warrior",
                    "performance": 35.23760925437065
                },
                "mean": 15.920608853010043,
                "generation": 1,
                "diversity": 246.70096323908828
            },
            {
                "best": {
                    "class_name": "warrior",
                    "performance": 32.43577868000435
                },
                "mean": 16.698454823082056,
                "generation": 2,
                "diversity": 224.52475459783227
            },
            {
                "best": {
                    "class_name": "warrior",
                    "performance": 35.29552432673246
                },
                "mean": 17.38071159710051,
                "generation": 3,
                "diversity": 207.5031072380996
            },
            {
                "best": {
                    "class_name": "warrior",
                    "performance": 34.38778651970541
                },
                "mean": 18.571842734845646,
                "generation": 4,
                "diversity": 178.73118558539682
            },
            {
                "best": {
                    "class_name": "warrior",
                    "performance": 34.38778651970541
                },
                "mean": 19.454189918203237,
                "generation": 5,
                "diversity": 168.65352873549207
            },
            {
                "best": {
                    "class_name": "warrior",
                    "performance": 39.082446253562125
                },
                "mean": 21.068065525714978,
                "generation": 6,
                "diversity": 148.43042867194922
            },
            {
                "best": {
                    "class_name": "warrior",
                    "performance": 39.082446253562125
                },
                "mean": 21.87492620468844,
                "generation": 7,
                "diversity": 132.89683743177514
            },
            {
                "best": {
                    "class_name": "warrior",
                    "performance": 36.72587912020413
                },
                "mean": 22.698706117461587,
                "generation": 8,
                "diversity": 123.47699304095761
            },
            {
                "best": {
                    "class_name": "warrior",
                    "performance": 38.437951308166824
                },
                "mean": 23.5528734120981,
                "generation": 9,
                "diversity": 116.53302554595997
            },
            {
                "best": {
                    "class_name": "warrior",
                    "performance": 38.73398593899899
                },
                "mean": 24.294646836664796,
                "generation": 10,
                "diversity": 111.12357233890258
            },
            {
                "best": {
                    "class_name": "warrior",
                    "performance": 39.721861838631725
                },
                "mean": 25.49826974632992,
                "generation": 11,
                "diversity": 102.17307958130226
            },
            {
                "best": {
                    "class_name": "warrior",
                    "performance": 39.74916171918888
                },
                "mean": 26.36414723605751,
                "generation": 12,
                "diversity": 95.6193780357811
            },
            {
                "best": {
                    "class_name": "warrior",
                    "performance": 38.64196291760783
                },
                "mean": 26.940020278618743,
                "generation": 13,
                "diversity": 91.06570959607636
            },
            {
                "best": {
                    "class_name": "warrior",
                    "performance": 39.26684618954395
                },
                "mean": 27.8459466230153,
                "generation": 14,
                "diversity": 85.92438526508384
            },
            {
                "best": {
                    "class_name": "warrior",
                    "performance": 39.92570795491221
                },
                "mean": 28.894404385801177,
                "generation": 15,
                "diversity": 84.26193114180522
            },
            {
                "best": {
                    "class_name": "warrior",
                    "performance": 40.324584122338386
                },
                "mean": 29.735490055915182,
                "generation": 16,
                "diversity": 80.7028228135031
            },
            {
                "best": {
                    "class_name": "warrior",
                    "performance": 40.93004928263269
                },
                "mean": 30.594398050927303,
                "generation": 17,
                "diversity": 76.57290989196737
            },
            {
                "best": {
                    "class_name": "warrior",
                    "performance": 40.37959758138907
                },
                "mean": 31.53107922166817,
                "generation": 18,
                "diversity": 71.47757818023652
            },
            {
                "best": {
                    "class_name": "warrior",
                    "performance": 40.584784754304835
                },
                "mean": 31.93099534551313,
                "generation": 19,
                "diversity": 69.51288892090612
            },
            {
                "best": {
                    "class_name": "warrior",
                    "performance": 40.89396054984882
                },
                "mean": 32.55858090463535,
                "generation": 20,
                "diversity": 65.63752924201928
            },
            {
                "best": {
                    "class_name": "warrior",
                    "performance": 40.89396054984882
                },
                "mean": 33.2962074653437,
                "generation": 21,
                "diversity": 61.5832055287134
            },
            {
                "best": {
                    "class_name": "warrior",
                    "performance": 41.12224471052851
                },
                "mean": 33.85971560503818,
                "generation": 22,
                "diversity": 56.21129755798507
            },
            {
                "best": {
                    "class_name": "warrior",
                    "performance": 41.12224471052851
                },
                "mean": 34.2516224005798,
                "generation": 23,
                "diversity": 57.344336039923725
            },
            {
                "best": {
                    "class_name": "warrior",
                    "performance": 41.152808538914464
                },
                "mean": 34.8022229551856,
                "generation": 24,
                "diversity": 56.75683000804164
            },
            {
                "best": {
                    "class_name": "warrior",
                    "performance": 41.22040118998989
                },
                "mean": 35.1926401634687,
                "generation": 25,
                "diversity": 56.1313006891212
            },
            {
                "best": {
                    "class_name": "warrior",
                    "performance": 41.12171514681881
                },
                "mean": 35.49173198871997,
                "generation": 26,
                "diversity": 52.96136104657776
            },
            {
                "best": {
                    "class_name": "warrior",
                    "performance": 41.12171514681881
                },
                "mean": 35.918449190444534,
                "generation": 27,
                "diversity": 50.17661342791197
            },
            {
                "best": {
                    "class_name": "warrior",
                    "performance": 41.04668848449583
                },
                "mean": 36.25195013389307,
                "generation": 28,
                "diversity": 44.54321188790163
            },
            {
                "best": {
                    "class_name": "warrior",
                    "performance": 41.11346443149732
                },
                "mean": 36.506204784723245,
                "generation": 29,
                "diversity": 43.47620935100102
            },
            {
                "best": {
                    "class_name": "warrior",
                    "performance": 41.14437629970194
                },
                "mean": 36.66543954627967,
                "generation": 30,
                "diversity": 43.184388424430374
            },
            {
                "best": {
                    "class_name": "warrior",
                    "performance": 41.14437629970194
                },
                "mean": 36.98407955719438,
                "generation": 31,
                "diversity": 39.57178276189135
            },
            {
                "best": {
                    "class_name": "warrior",
                    "performance": 41.24015920885006
                },
                "mean": 37.16453669675217,
                "generation": 32,
                "diversity": 38.789884877393
            },
            {
                "best": {
                    "class_name": "warrior",
                    "performance": 41.23858317126086
                },
                "mean": 37.22039307984155,
                "generation": 33,
                "diversity": 37.384637941079134
            },
            {
                "best": {
                    "class_name": "warrior",
                    "performance": 41.23858317126086
                },
                "mean": 37.35240459254541,
                "generation": 34,
                "diversity": 35.631971517264965
            },
            {
                "best": {
                    "class_name": "warrior",
                    "performance": 41.20539839820176
                },
                "mean": 37.426923707214414,
                "generation": 35,
                "diversity": 33.83764586042409
            },
            {
                "best": {
                    "class_name": "warrior",
                    "performance": 41.23541663491202
                },
                "mean": 37.5947116037289,
                "generation": 36,
                "diversity": 31.426940743185728
            },
            {
                "best": {
                    "class_name": "warrior",
                    "performance": 41.24288214746215
                },
                "mean": 37.74038987377836,
                "generation": 37,
                "diversity": 31.038769446209514
            },
            {
                "best": {
                    "class_name": "warrior",
                    "performance": 41.124699293959324
                },
                "mean": 37.942330446363876,
                "generation": 38,
                "diversity": 29.90480335518588
            },
            {
                "best": {
                    "class_name": "warrior",
                    "performance": 41.20552239441608
                },
                "mean": 37.92085895728865,
                "generation": 39,
                "diversity": 30.595618052850238
            },
            {
                "best": {
                    "class_name": "warrior",
                    "performance": 41.20828638681081
                },
                "mean": 38.132683981203144,
                "generation": 40,
                "diversity": 29.476531152697387
            },
            {
                "best": {
                    "class_name": "warrior",
                    "performance": 41.244271583197424
                },
                "mean": 38.083311161820404,
                "generation": 41,
                "diversity": 27.626280960654515
            },
            {
                "best": {
                    "class_name": "warrior",
                    "performance": 41.21368640523747
                },
                "mean": 38.18701062304586,
                "generation": 42,
                "diversity": 25.76412572327415
            },
            {
                "best": {
                    "class_name": "warrior",
                    "performance": 41.241957385417614
                },
                "mean": 38.02900491976341,
                "generation": 43,
                "diversity": 25.70113238190042
            },
            {
                "best": {
                    "class_name": "warrior",
                    "performance": 41.21368640523747
                },
                "mean": 38.10512602425458,
                "generation": 44,
                "diversity": 23.925182504827173
            },
            {
                "best": {
                    "class_name": "warrior",
                    "performance": 41.22363521596914
                },
                "mean": 38.263669054126495,
                "generation": 45,
                "diversity": 21.941663807676267
            },
            {
                "best": {
                    "class_name": "warrior",
                    "performance": 41.20516505673851
                },
                "mean": 38.18431081707004,
                "generation": 46,
                "diversity": 22.580613904904208
            },
            {
                "best": {
                    "class_name": "warrior",
                    "performance": 41.231784441535794
                },
                "mean": 38.34224068222873,
                "generation": 47,
                "diversity": 23.984160539948316
            },
            {
                "best": {
                    "class_name": "warrior",
                    "performance": 41.238856969228145
                },
                "mean": 38.294259710482734,
                "generation": 48,
                "diversity": 22.547134378341692
            },
            {
                "best": {
                    "class_name": "warrior",
                    "performance": 41.231784441535794
                },
                "mean": 38.39902333840581,
                "generation": 49,
                "diversity": 23.865345081719962
            },
            {
                "best": {
                    "class_name": "warrior",
                    "performance": 41.231784441535794
                },
                "mean": 38.21199351290392,
                "generation": 50,
                "diversity": 23.774077482943742
            },
            {
                "best": {
                    "class_name": "warrior",
                    "performance": 41.236920335001855
                },
                "mean": 38.307359153546905,
                "generation": 51,
                "diversity": 25.198570194314215
            },
            {
                "best": {
                    "class_name": "warrior",
                    "performance": 41.241522772116234
                },
                "mean": 38.24697461819777,
                "generation": 52,
                "diversity": 26.750488041097693
            }
        ]
    },
    "config": {
        "population_size": 2000,
        "population_to_keep": 1000,
        "class_name": "warrior",
        "selection_config_a": {
            "selection_type": "elite",
            "population_to_keep": 500,
            "tournament_size": 50,
            "threshold": 0.75,
            "initial_temperature": 30,
            "temperature_decay": 0.6,
            "min_temperature": 5
        },
        "selection_config_b": {
            "selection_type": "roulette",
            "population_to_keep": 500,
            "tournament_size": 50,
            "threshold": 0.75,
            "initial_temperature": 30,
            "temperature_decay": 0.6,
            "min_temperature": 5
        },
        "selection_config_rate": 0.5,
        "crossover_config": {
            "method": "uniform"
        },
        "mutation_config": {
            "mutation_type": "multi_gen",
            "mutation_rate": 0.2,
            "delta_mutation": 15
        },
        "replacement_config_a": {
            "type": "traditional",
            "quantity": 500,
            "gen_gap": 0.5
        },
        "replacement_config_b": {
            "type": "young_bias",
            "quantity": 500,
            "gen_gap": 0.5
        },
        "replacement_config_rate": 0.5,
        "end_condition_config": {
            "type": "content",
            "generations_to_check": 20,
            "generations": 500,
            "optimum_value": 61.5,
            "tolerance": 0.1,
            "structure_tolerance": 0.01,
            "structure_relevant_proportion": 0.98
        }
    }
}