{
    "results": {
        "best": {
            "solution": {
                "class_name": "warrior",
                "variables": {
                    "strength": 72.34791708364341,
                    "agility": 74.86338333619848,
                    "expertise": 2.7886995801581067,
                    "resistance": 0.0,
                    "life": 0,
                    "height": 1.91
                },
                "performance": 41.20540029791859
            },
            "generation": 19
        },
        "last_iterations": [
            {
                "best": {
                    "class_name": "warrior",
                    "performance": 36.49470579915033
                },
                "mean": 16.19702049438998,
                "generation": 1,
                "diversity": 237.51958851519953
            },
            {
                "best": {
                    "class_name": "warrior",
                    "performance": 36.49470579915033
                },
                "mean": 17.10699024221625,
                "generation": 2,
                "diversity": 208.89786834803024
            },
            {
                "best": {
                    "class_name": "warrior",
                    "performance": 33.797859081482855
                },
                "mean": 17.660930805203805,
                "generation": 3,
                "diversity": 194.11800362459618
            },
            {
                "best": {
                    "class_name": "warrior",
                    "performance": 33.6581605863212
                },
                "mean": 18.111073570178977,
                "generation": 4,
                "diversity": 190.37748989428272
            },
            {
                "best": {
                    "class_name": "warrior",
                    "performance": 33.6581605863212
                },
                "mean": 18.971566262494363,
                "generation": 5,
                "diversity": 169.4205917939622
            },
            {
                "best": {
                    "class_name": "warrior",
                    "performance": 33.628882326698815
                },
                "mean": 20.033939164267643,
                "generation": 6,
                "diversity": 155.8611321148584
            },
            {
                "best": {
                    "class_name": "warrior",
                    "performance": 35.425054242168464
                },
                "mean": 21.21191894016728,
                "generation": 7,
                "diversity": 142.42685976321485
            },
            {
                "best": {
                    "class_name": "warrior",
                    "performance": 35.425054242168464
                },
                "mean": 21.650886576370848,
                "generation": 8,
                "diversity": 140.56227384709035
            },
            {
                "best": {
                    "class_name": "warrior",
                    "performance": 37.14717575421609
                },
                "mean": 22.31455330243555,
                "generation": 9,
                "diversity": 137.11910605319187
            },
            {
                "best": {
                    "class_name": "warrior",
                    "performance": 37.04610028951805
                },
                "mean": 23.189865463375035,
                "generation": 10,
                "diversity": 126.45055769814559
            },
            {
                "best": {
                    "class_name": "warrior",
                    "performance": 37.04610028951805
                },
                "mean": 23.942797034978263,
                "generation": 11,
                "diversity": 114.22079048576252
            },
            {
                "best": {
                    "class_name": "warrior",
                    "performance": 37.472675062332016
                },
                "mean": 24.871903592513974,
                "generation": 12,
                "diversity": 106.24049079779583
            },
            {
                "best": {
                    "class_name": "warrior",
                    "performance": 39.41064528294088
                },
                "mean": 25.84104145001827,
                "generation": 13,
                "diversity": 95.85519948926373
            },
            {
                "best": {
                    "class_name": "warrior",
                    "performance": 39.40161779152996
                },
                "mean": 26.903453040634727,
                "generation": 14,
                "diversity": 88.08915677598576
            },
            {
                "best": {
                    "class_name": "warrior",
                    "performance": 39.829796858469045
                },
                "mean": 27.80977658312699,
                "generation": 15,
                "diversity": 79.88409163533198
            },
            {
                "best": {
                    "class_name": "warrior",
                    "performance": 39.829796858469045
                },
                "mean": 28.590968257712134,
                "generation": 16,
                "diversity": 74.35886274266387
            },
            {
                "best": {
                    "class_name": "warrior",
                    "performance": 39.829796858469045
                },
                "mean": 29.334893314099105,
                "generation": 17,
                "diversity": 72.58422803014996
            },
            {
                "best": {
                    "class_name": "warrior",
                    "performance": 40.49480419703075
                },
                "mean": 30.072689825472313,
                "generation": 18,
                "diversity": 64.46416268173557
            },
            {
                "best": {
                    "class_name": "warrior",
                    "performance": 41.20540029791859
                },
                "mean": 31.143712185796613,
                "generation": 19,
                "diversity": 62.061594871070014
            },
            {
                "best": {
                    "class_name": "warrior",
                    "performance": 40.559586859798785
                },
                "mean": 31.386213481383063,
                "generation": 20,
                "diversity": 53.76251435095267
            },
            {
                "best": {
                    "class_name": "warrior",
                    "performance": 40.29175274784862
                },
                "mean": 32.17845241055317,
                "generation": 21,
                "diversity": 49.91233338157982
            },
            {
                "best": {
                    "class_name": "warrior",
                    "performance": 39.99835730644983
                },
                "mean": 32.854517968068386,
                "generation": 22,
                "diversity": 47.671712741882054
            },
            {
                "best": {
                    "class_name": "warrior",
                    "performance": 40.26193248077099
                },
                "mean": 33.09656842545546,
                "generation": 23,
                "diversity": 47.938550981239466
            },
            {
                "best": {
                    "class_name": "warrior",
                    "performance": 40.554086303105684
                },
                "mean": 33.59234585600194,
                "generation": 24,
                "diversity": 44.87589141582313
            },
            {
                "best": {
                    "class_name": "warrior",
                    "performance": 40.62194345675938
                },
                "mean": 33.6344316879676,
                "generation": 25,
                "diversity": 41.97760644085377
            },
            {
                "best": {
                    "class_name": "warrior",
                    "performance": 40.35179053767937
                },
                "mean": 34.20369303553819,
                "generation": 26,
                "diversity": 38.53816457818369
            },
            {
                "best": {
                    "class_name": "warrior",
                    "performance": 40.10890805987057
                },
                "mean": 34.56446164181611,
                "generation": 27,
                "diversity": 35.464088839297084
            },
            {
                "best": {
                    "class_name": "warrior",
                    "performance": 40.40617784070498
                },
                "mean": 34.91196455711029,
                "generation": 28,
                "diversity": 31.372562153975363
            },
            {
                "best": {
                    "class_name": "warrior",
                    "performance": 40.52132432768106
                },
                "mean": 35.20130545944665,
                "generation": 29,
                "diversity": 29.9234157677907
            },
            {
                "best": {
                    "class_name": "warrior",
                    "performance": 40.80588531150317
                },
                "mean": 35.4138790344834,
                "generation": 30,
                "diversity": 28.51592190156916
            },
            {
                "best": {
                    "class_name": "warrior",
                    "performance": 40.58914079215657
                },
                "mean": 35.70686510557042,
                "generation": 31,
                "diversity": 27.766833559822285
            },
            {
                "best": {
                    "class_name": "warrior",
                    "performance": 40.78234103629859
                },
                "mean": 35.797585580060414,
                "generation": 32,
                "diversity": 27.385958550941382
            },
            {
                "best": {
                    "class_name": "warrior",
                    "performance": 40.78234103629859
                },
                "mean": 36.0028858287631,
                "generation": 33,
                "diversity": 25.879368555230215
            },
            {
                "best": {
                    "class_name": "warrior",
                    "performance": 40.73033913776702
                },
                "mean": 36.22276169411067,
                "generation": 34,
                "diversity": 26.069385090052148
            },
            {
                "best": {
                    "class_name": "warrior",
                    "performance": 40.35144570344626
                },
                "mean": 36.56108599149009,
                "generation": 35,
                "diversity": 24.8955994173896
            },
            {
                "best": {
                    "class_name": "warrior",
                    "performance": 40.62192634699362
                },
                "mean": 36.74366240065791,
                "generation": 36,
                "diversity": 24.97387652442066
            },
            {
                "best": {
                    "class_name": "warrior",
                    "performance": 40.95236018784862
                },
                "mean": 36.910450843632056,
                "generation": 37,
                "diversity": 23.773333893555787
            },
            {
                "best": {
                    "class_name": "warrior",
                    "performance": 40.94290190524749
                },
                "mean": 37.09095165258516,
                "generation": 38,
                "diversity": 22.82911867930501
            },
            {
                "best": {
                    "class_name": "warrior",
                    "performance": 40.91057894738919
                },
                "mean": 37.1139078334344,
                "generation": 39,
                "diversity": 19.44905296315866
            }
        ]
    },
    "config": {
        "population_size": 1300,
        "population_to_keep": 650,
        "class_name": "warrior",
        "selection_config_a": {
            "selection_type": "elite",
            "population_to_keep": 325,
            "tournament_size": 50,
            "threshold": 0.75,
            "initial_temperature": 30,
            "temperature_decay": 0.6,
            "min_temperature": 5
        },
        "selection_config_b": {
            "selection_type": "roulette",
            "population_to_keep": 325,
            "tournament_size": 50,
            "threshold": 0.75,
            "initial_temperature": 30,
            "temperature_decay": 0.6,
            "min_temperature": 5
        },
        "selection_config_rate": 0.5,
        "crossover_config": {
            "method": "uniform"
        },
        "mutation_config": {
            "mutation_type": "multi_gen",
            "mutation_rate": 0.2,
            "delta_mutation": 15
        },
        "replacement_config_a": {
            "type": "traditional",
            "quantity": 325,
            "gen_gap": 0.5
        },
        "replacement_config_b": {
            "type": "young_bias",
            "quantity": 325,
            "gen_gap": 0.5
        },
        "replacement_config_rate": 0.5,
        "end_condition_config": {
            "type": "content",
            "generations_to_check": 20,
            "generations": 500,
            "optimum_value": 61.5,
            "tolerance": 0.1,
            "structure_tolerance": 0.01,
            "structure_relevant_proportion": 0.98
        }
    }
}