{
    "results": {
        "best": {
            "solution": {
                "class_name": "warrior",
                "variables": {
                    "strength": 75.8455612733613,
                    "agility": 74.15443872663872,
                    "expertise": 0.0,
                    "resistance": 0.0,
                    "life": 0.0,
                    "height": 1.91
                },
                "performance": 41.23695239182942
            },
            "generation": 15
        },
        "last_iterations": [
            {
                "best": {
                    "class_name": "warrior",
                    "performance": 34.47184936358997
                },
                "mean": 15.315060690042392,
                "generation": 0,
                "diversity": 254.39975284921422
            },
            {
                "best": {
                    "class_name": "warrior",
                    "performance": 34.47184936358997
                },
                "mean": 16.208055146899945,
                "generation": 1,
                "diversity": 237.19171189550397
            },
            {
                "best": {
                    "class_name": "warrior",
                    "performance": 34.47184936358997
                },
                "mean": 16.668733183853224,
                "generation": 2,
                "diversity": 249.09899269078446
            },
            {
                "best": {
                    "class_name": "warrior",
                    "performance": 33.5661109448043
                },
                "mean": 17.128783007176537,
                "generation": 3,
                "diversity": 251.74470721005108
            },
            {
                "best": {
                    "class_name": "warrior",
                    "performance": 36.93636354571393
                },
                "mean": 17.872591557422833,
                "generation": 4,
                "diversity": 244.01456953135548
            },
            {
                "best": {
                    "class_name": "warrior",
                    "performance": 39.234462087330925
                },
                "mean": 18.93290767765077,
                "generation": 5,
                "diversity": 241.29004297523355
            },
            {
                "best": {
                    "class_name": "warrior",
                    "performance": 39.234462087330925
                },
                "mean": 20.571730722217865,
                "generation": 6,
                "diversity": 210.89690564243747
            },
            {
                "best": {
                    "class_name": "warrior",
                    "performance": 38.07236132058695
                },
                "mean": 21.684899379231627,
                "generation": 7,
                "diversity": 208.324167013364
            },
            {
                "best": {
                    "class_name": "warrior",
                    "performance": 37.558308132247866
                },
                "mean": 22.734444446726847,
                "generation": 8,
                "diversity": 195.1025151352619
            },
            {
                "best": {
                    "class_name": "warrior",
                    "performance": 36.54080748866787
                },
                "mean": 23.963011003450966,
                "generation": 9,
                "diversity": 193.40220847961075
            },
            {
                "best": {
                    "class_name": "warrior",
                    "performance": 39.84717987290462
                },
                "mean": 24.989265640932935,
                "generation": 10,
                "diversity": 184.88090580320463
            },
            {
                "best": {
                    "class_name": "warrior",
                    "performance": 39.528215131892985
                },
                "mean": 26.345091385207052,
                "generation": 11,
                "diversity": 154.9783290188295
            },
            {
                "best": {
                    "class_name": "warrior",
                    "performance": 39.934740811819964
                },
                "mean": 26.99019161585638,
                "generation": 12,
                "diversity": 152.89169463982813
            },
            {
                "best": {
                    "class_name": "warrior",
                    "performance": 39.934740811819964
                },
                "mean": 27.873402657990713,
                "generation": 13,
                "diversity": 136.46347170711883
            },
            {
                "best": {
                    "class_name": "warrior",
                    "performance": 41.058537795889826
                },
                "mean": 28.59620466430341,
                "generation": 14,
                "diversity": 122.28899001430706
            },
            {
                "best": {
                    "class_name": "warrior",
                    "performance": 41.23695239182942
                },
                "mean": 29.30382917617949,
                "generation": 15,
                "diversity": 121.06162126496753
            },
            {
                "best": {
                    "class_name": "warrior",
                    "performance": 41.016834658838484
                },
                "mean": 29.526468315636798,
                "generation": 16,
                "diversity": 121.89646915301847
            },
            {
                "best": {
                    "class_name": "warrior",
                    "performance": 41.05706168066461
                },
                "mean": 29.690426327322058,
                "generation": 17,
                "diversity": 131.037755451157
            },
            {
                "best": {
                    "class_name": "warrior",
                    "performance": 40.51582568372515
                },
                "mean": 30.2407282677088,
                "generation": 18,
                "diversity": 127.89116977330325
            },
            {
                "best": {
                    "class_name": "warrior",
                    "performance": 40.897716730896974
                },
                "mean": 30.595562810339306,
                "generation": 19,
                "diversity": 116.60851151502715
            },
            {
                "best": {
                    "class_name": "warrior",
                    "performance": 40.76527007489549
                },
                "mean": 31.121447547817628,
                "generation": 20,
                "diversity": 105.69848659011247
            },
            {
                "best": {
                    "class_name": "warrior",
                    "performance": 40.408698580749366
                },
                "mean": 31.410472560718414,
                "generation": 21,
                "diversity": 96.78756474430776
            },
            {
                "best": {
                    "class_name": "warrior",
                    "performance": 40.767051749252815
                },
                "mean": 31.817750890511274,
                "generation": 22,
                "diversity": 101.50101878061844
            },
            {
                "best": {
                    "class_name": "warrior",
                    "performance": 40.767051749252815
                },
                "mean": 32.68322776659694,
                "generation": 23,
                "diversity": 90.25766865198399
            },
            {
                "best": {
                    "class_name": "warrior",
                    "performance": 40.81586747743293
                },
                "mean": 32.68383769963028,
                "generation": 24,
                "diversity": 85.72258841078956
            },
            {
                "best": {
                    "class_name": "warrior",
                    "performance": 41.219617617255345
                },
                "mean": 33.0122353730695,
                "generation": 25,
                "diversity": 94.0812249021922
            },
            {
                "best": {
                    "class_name": "warrior",
                    "performance": 41.06406818360136
                },
                "mean": 33.37585044280871,
                "generation": 26,
                "diversity": 94.14779227041213
            },
            {
                "best": {
                    "class_name": "warrior",
                    "performance": 40.3644434838165
                },
                "mean": 33.51075114319865,
                "generation": 27,
                "diversity": 84.60106285114044
            },
            {
                "best": {
                    "class_name": "warrior",
                    "performance": 40.8607238706088
                },
                "mean": 33.58955063119366,
                "generation": 28,
                "diversity": 86.3743953752612
            },
            {
                "best": {
                    "class_name": "warrior",
                    "performance": 41.096045871926975
                },
                "mean": 33.318142890327856,
                "generation": 29,
                "diversity": 85.54507808726059
            },
            {
                "best": {
                    "class_name": "warrior",
                    "performance": 41.04178544868918
                },
                "mean": 33.718649586325675,
                "generation": 30,
                "diversity": 86.64951086373401
            },
            {
                "best": {
                    "class_name": "warrior",
                    "performance": 41.05264763020108
                },
                "mean": 34.119612040927535,
                "generation": 31,
                "diversity": 77.8142180329634
            },
            {
                "best": {
                    "class_name": "warrior",
                    "performance": 41.132817083059784
                },
                "mean": 34.29975184800909,
                "generation": 32,
                "diversity": 73.98227687523158
            },
            {
                "best": {
                    "class_name": "warrior",
                    "performance": 41.01487298799591
                },
                "mean": 34.19154598771908,
                "generation": 33,
                "diversity": 73.89398067572479
            },
            {
                "best": {
                    "class_name": "warrior",
                    "performance": 40.92432891425487
                },
                "mean": 34.23674027466676,
                "generation": 34,
                "diversity": 72.6247052116364
            },
            {
                "best": {
                    "class_name": "warrior",
                    "performance": 41.20357516605852
                },
                "mean": 34.35026552409876,
                "generation": 35,
                "diversity": 67.535678255158
            }
        ]
    },
    "config": {
        "population_size": 500,
        "population_to_keep": 375,
        "class_name": "warrior",
        "selection_config_a": {
            "selection_type": "elite",
            "population_to_keep": 150,
            "tournament_size": 50,
            "threshold": 0.75,
            "initial_temperature": 30,
            "temperature_decay": 0.6,
            "min_temperature": 5
        },
        "selection_config_b": {
            "selection_type": "ranking",
            "population_to_keep": 225,
            "tournament_size": 50,
            "threshold": 0.75,
            "initial_temperature": 30,
            "temperature_decay": 0.6,
            "min_temperature": 5
        },
        "selection_config_rate": 0.4,
        "crossover_config": {
            "method": "uniform"
        },
        "mutation_config": {
            "mutation_type": "multi_gen",
            "mutation_rate": 0.3,
            "delta_mutation": 30
        },
        "replacement_config_a": {
            "type": "traditional",
            "quantity": 112,
            "gen_gap": 0.5
        },
        "replacement_config_b": {
            "type": "young_bias",
            "quantity": 263,
            "gen_gap": 0.5
        },
        "replacement_config_rate": 0.3,
        "end_condition_config": {
            "type": "content",
            "generations_to_check": 20,
            "generations": 500,
            "optimum_value": 61.5,
            "tolerance": 0.1,
            "structure_tolerance": 0.01,
            "structure_relevant_proportion": 0.98
        }
    }
}