{
    "results": {
        "best": {
            "solution": {
                "class_name": "warrior",
                "variables": {
                    "strength": 75.07657590433146,
                    "agility": 74.92342409566855,
                    "expertise": 0.0,
                    "resistance": 0.0,
                    "life": 0.0,
                    "height": 1.92
                },
                "performance": 41.24449006899994
            },
            "generation": 38
        },
        "last_iterations": [
            {
                "best": {
                    "class_name": "warrior",
                    "performance": 35.6119415897907
                },
                "mean": 16.46438502131215,
                "generation": 1,
                "diversity": 233.11115878954044
            },
            {
                "best": {
                    "class_name": "warrior",
                    "performance": 35.6119415897907
                },
                "mean": 17.225780836327097,
                "generation": 2,
                "diversity": 213.86919215444775
            },
            {
                "best": {
                    "class_name": "warrior",
                    "performance": 35.8976645452866
                },
                "mean": 18.697639927203458,
                "generation": 3,
                "diversity": 189.727425947049
            },
            {
                "best": {
                    "class_name": "warrior",
                    "performance": 37.83796326069208
                },
                "mean": 19.491500520936103,
                "generation": 4,
                "diversity": 173.06175316639874
            },
            {
                "best": {
                    "class_name": "warrior",
                    "performance": 37.83796326069208
                },
                "mean": 20.985634247767567,
                "generation": 5,
                "diversity": 155.15637464060524
            },
            {
                "best": {
                    "class_name": "warrior",
                    "performance": 38.65072486167108
                },
                "mean": 22.326369314434608,
                "generation": 6,
                "diversity": 140.55372341391995
            },
            {
                "best": {
                    "class_name": "warrior",
                    "performance": 38.11332967071124
                },
                "mean": 23.693961920697983,
                "generation": 7,
                "diversity": 124.82552266287304
            },
            {
                "best": {
                    "class_name": "warrior",
                    "performance": 37.5001148095766
                },
                "mean": 24.54588969072462,
                "generation": 8,
                "diversity": 116.90736429469699
            },
            {
                "best": {
                    "class_name": "warrior",
                    "performance": 37.61642137142876
                },
                "mean": 25.442980969108497,
                "generation": 9,
                "diversity": 116.29846360140255
            },
            {
                "best": {
                    "class_name": "warrior",
                    "performance": 40.31569411386902
                },
                "mean": 26.13941619221539,
                "generation": 10,
                "diversity": 109.29183428014447
            },
            {
                "best": {
                    "class_name": "warrior",
                    "performance": 39.54125912522806
                },
                "mean": 27.423980483165185,
                "generation": 11,
                "diversity": 91.14415771038772
            },
            {
                "best": {
                    "class_name": "warrior",
                    "performance": 39.57565683775268
                },
                "mean": 28.19485380739458,
                "generation": 12,
                "diversity": 80.47916701960102
            },
            {
                "best": {
                    "class_name": "warrior",
                    "performance": 39.76409476334358
                },
                "mean": 29.067733916129,
                "generation": 13,
                "diversity": 79.04896880780002
            },
            {
                "best": {
                    "class_name": "warrior",
                    "performance": 39.51297258797124
                },
                "mean": 30.313938768862993,
                "generation": 14,
                "diversity": 71.20013485622432
            },
            {
                "best": {
                    "class_name": "warrior",
                    "performance": 40.58032695423313
                },
                "mean": 31.08939459778778,
                "generation": 15,
                "diversity": 67.92514389247678
            },
            {
                "best": {
                    "class_name": "warrior",
                    "performance": 40.952533070867865
                },
                "mean": 31.919144886607874,
                "generation": 16,
                "diversity": 65.87756351530975
            },
            {
                "best": {
                    "class_name": "warrior",
                    "performance": 40.952533070867865
                },
                "mean": 32.92137303128001,
                "generation": 17,
                "diversity": 59.146787464320006
            },
            {
                "best": {
                    "class_name": "warrior",
                    "performance": 40.760901877835074
                },
                "mean": 33.38974650560788,
                "generation": 18,
                "diversity": 59.24785918508019
            },
            {
                "best": {
                    "class_name": "warrior",
                    "performance": 40.97286269203101
                },
                "mean": 33.70378230432797,
                "generation": 19,
                "diversity": 58.60230349993753
            },
            {
                "best": {
                    "class_name": "warrior",
                    "performance": 41.06105773073824
                },
                "mean": 34.423849105639796,
                "generation": 20,
                "diversity": 56.315492512984775
            },
            {
                "best": {
                    "class_name": "warrior",
                    "performance": 40.727579090019766
                },
                "mean": 34.86975960991789,
                "generation": 21,
                "diversity": 52.8117976821538
            },
            {
                "best": {
                    "class_name": "warrior",
                    "performance": 41.11045867686775
                },
                "mean": 35.329877358655295,
                "generation": 22,
                "diversity": 49.80113694275178
            },
            {
                "best": {
                    "class_name": "warrior",
                    "performance": 41.217478338190254
                },
                "mean": 35.83027195448861,
                "generation": 23,
                "diversity": 47.07256326005784
            },
            {
                "best": {
                    "class_name": "warrior",
                    "performance": 41.059460901071624
                },
                "mean": 36.195494570485,
                "generation": 24,
                "diversity": 43.107052473272375
            },
            {
                "best": {
                    "class_name": "warrior",
                    "performance": 40.939835504571626
                },
                "mean": 36.59875702278067,
                "generation": 25,
                "diversity": 38.37807563632741
            },
            {
                "best": {
                    "class_name": "warrior",
                    "performance": 41.10203149829605
                },
                "mean": 36.95211673515553,
                "generation": 26,
                "diversity": 39.41248477753608
            },
            {
                "best": {
                    "class_name": "warrior",
                    "performance": 41.17043138701676
                },
                "mean": 37.065496562835555,
                "generation": 27,
                "diversity": 35.79716189877905
            },
            {
                "best": {
                    "class_name": "warrior",
                    "performance": 41.23792761588487
                },
                "mean": 37.37257183895306,
                "generation": 28,
                "diversity": 34.505099024857756
            },
            {
                "best": {
                    "class_name": "warrior",
                    "performance": 41.23590332778882
                },
                "mean": 37.366569454700844,
                "generation": 29,
                "diversity": 33.57131554382658
            },
            {
                "best": {
                    "class_name": "warrior",
                    "performance": 41.20564816150173
                },
                "mean": 37.47360443478922,
                "generation": 30,
                "diversity": 29.75713425907715
            },
            {
                "best": {
                    "class_name": "warrior",
                    "performance": 41.15243066189189
                },
                "mean": 37.69392252214072,
                "generation": 31,
                "diversity": 28.860305796298885
            },
            {
                "best": {
                    "class_name": "warrior",
                    "performance": 41.231981696897655
                },
                "mean": 37.79917311273761,
                "generation": 32,
                "diversity": 29.184344041336512
            },
            {
                "best": {
                    "class_name": "warrior",
                    "performance": 41.23068067359939
                },
                "mean": 37.85346825308468,
                "generation": 33,
                "diversity": 26.01212091020895
            },
            {
                "best": {
                    "class_name": "warrior",
                    "performance": 41.23068067359939
                },
                "mean": 37.78257362220245,
                "generation": 34,
                "diversity": 27.71480321127703
            },
            {
                "best": {
                    "class_name": "warrior",
                    "performance": 41.23068067359939
                },
                "mean": 37.78155254241453,
                "generation": 35,
                "diversity": 25.652095671694045
            },
            {
                "best": {
                    "class_name": "warrior",
                    "performance": 41.22660214779741
                },
                "mean": 37.99383140524692,
                "generation": 36,
                "diversity": 25.0730795281908
            },
            {
                "best": {
                    "class_name": "warrior",
                    "performance": 41.22660214779741
                },
                "mean": 38.030076872322645,
                "generation": 37,
                "diversity": 24.312393222877258
            },
            {
                "best": {
                    "class_name": "warrior",
                    "performance": 41.24449006899994
                },
                "mean": 37.986758733973694,
                "generation": 38,
                "diversity": 24.605284763767752
            },
            {
                "best": {
                    "class_name": "warrior",
                    "performance": 41.20569062407805
                },
                "mean": 38.15501684658986,
                "generation": 39,
                "diversity": 24.628185155202473
            },
            {
                "best": {
                    "class_name": "warrior",
                    "performance": 41.216484011060736
                },
                "mean": 38.17063076954233,
                "generation": 40,
                "diversity": 24.911139464029645
            },
            {
                "best": {
                    "class_name": "warrior",
                    "performance": 41.22718112204927
                },
                "mean": 38.3255834553595,
                "generation": 41,
                "diversity": 23.513298687809083
            },
            {
                "best": {
                    "class_name": "warrior",
                    "performance": 41.19109879403475
                },
                "mean": 38.322132800392104,
                "generation": 42,
                "diversity": 23.195949916903132
            },
            {
                "best": {
                    "class_name": "warrior",
                    "performance": 41.232039653703595
                },
                "mean": 38.312685757764335,
                "generation": 43,
                "diversity": 23.30224021880517
            },
            {
                "best": {
                    "class_name": "warrior",
                    "performance": 41.24436834454986
                },
                "mean": 38.499046086726025,
                "generation": 44,
                "diversity": 21.827246552151976
            },
            {
                "best": {
                    "class_name": "warrior",
                    "performance": 41.24245103203858
                },
                "mean": 38.40240693971635,
                "generation": 45,
                "diversity": 23.37599252218691
            },
            {
                "best": {
                    "class_name": "warrior",
                    "performance": 41.24245103203858
                },
                "mean": 38.55164596660929,
                "generation": 46,
                "diversity": 22.399456026029725
            },
            {
                "best": {
                    "class_name": "warrior",
                    "performance": 41.24245103203858
                },
                "mean": 38.3824778335323,
                "generation": 47,
                "diversity": 24.200130902592814
            },
            {
                "best": {
                    "class_name": "warrior",
                    "performance": 41.21855581695883
                },
                "mean": 38.45640976231618,
                "generation": 48,
                "diversity": 22.6291662265818
            }
        ]
    },
    "config": {
        "population_size": 1400,
        "population_to_keep": 700,
        "class_name": "warrior",
        "selection_config_a": {
            "selection_type": "elite",
            "population_to_keep": 350,
            "tournament_size": 50,
            "threshold": 0.75,
            "initial_temperature": 30,
            "temperature_decay": 0.6,
            "min_temperature": 5
        },
        "selection_config_b": {
            "selection_type": "roulette",
            "population_to_keep": 350,
            "tournament_size": 50,
            "threshold": 0.75,
            "initial_temperature": 30,
            "temperature_decay": 0.6,
            "min_temperature": 5
        },
        "selection_config_rate": 0.5,
        "crossover_config": {
            "method": "uniform"
        },
        "mutation_config": {
            "mutation_type": "multi_gen",
            "mutation_rate": 0.2,
            "delta_mutation": 15
        },
        "replacement_config_a": {
            "type": "traditional",
            "quantity": 350,
            "gen_gap": 0.5
        },
        "replacement_config_b": {
            "type": "young_bias",
            "quantity": 350,
            "gen_gap": 0.5
        },
        "replacement_config_rate": 0.5,
        "end_condition_config": {
            "type": "content",
            "generations_to_check": 20,
            "generations": 500,
            "optimum_value": 61.5,
            "tolerance": 0.1,
            "structure_tolerance": 0.01,
            "structure_relevant_proportion": 0.98
        }
    }
}