{
    "results": {
        "best": {
            "solution": {
                "class_name": "warrior",
                "variables": {
                    "strength": 73.67626583872519,
                    "agility": 75.90688316980167,
                    "expertise": 0.4168509914731366,
                    "resistance": 0.0,
                    "life": 0.0,
                    "height": 1.91
                },
                "performance": 41.23124044807513
            },
            "generation": 15
        },
        "last_iterations": [
            {
                "best": {
                    "class_name": "warrior",
                    "performance": 30.992296717427646
                },
                "mean": 15.437889524723282,
                "generation": 0,
                "diversity": 250.82544366336114
            },
            {
                "best": {
                    "class_name": "warrior",
                    "performance": 30.790673005539013
                },
                "mean": 16.15776718608898,
                "generation": 1,
                "diversity": 237.993419354319
            },
            {
                "best": {
                    "class_name": "warrior",
                    "performance": 35.10566378088822
                },
                "mean": 16.973701216486845,
                "generation": 2,
                "diversity": 223.6075418165725
            },
            {
                "best": {
                    "class_name": "warrior",
                    "performance": 37.32626459487191
                },
                "mean": 17.730516628487717,
                "generation": 3,
                "diversity": 216.08465894593667
            },
            {
                "best": {
                    "class_name": "warrior",
                    "performance": 36.181107434189414
                },
                "mean": 18.543345484657564,
                "generation": 4,
                "diversity": 226.49903388623454
            },
            {
                "best": {
                    "class_name": "warrior",
                    "performance": 34.69988844115155
                },
                "mean": 19.734622709117858,
                "generation": 5,
                "diversity": 213.81571152541107
            },
            {
                "best": {
                    "class_name": "warrior",
                    "performance": 36.29341143168674
                },
                "mean": 20.785935025728463,
                "generation": 6,
                "diversity": 211.14149935423723
            },
            {
                "best": {
                    "class_name": "warrior",
                    "performance": 40.024358334416625
                },
                "mean": 22.102992983178915,
                "generation": 7,
                "diversity": 210.29631272499373
            },
            {
                "best": {
                    "class_name": "warrior",
                    "performance": 38.95518639160544
                },
                "mean": 23.271428750480098,
                "generation": 8,
                "diversity": 201.65802883703466
            },
            {
                "best": {
                    "class_name": "warrior",
                    "performance": 39.410176568942994
                },
                "mean": 24.96660331814094,
                "generation": 9,
                "diversity": 184.8102366944029
            },
            {
                "best": {
                    "class_name": "warrior",
                    "performance": 40.11955292723736
                },
                "mean": 25.68350315148707,
                "generation": 10,
                "diversity": 181.4520957438947
            },
            {
                "best": {
                    "class_name": "warrior",
                    "performance": 40.183324791334584
                },
                "mean": 26.6195543728958,
                "generation": 11,
                "diversity": 177.93159008597289
            },
            {
                "best": {
                    "class_name": "warrior",
                    "performance": 40.17426456665872
                },
                "mean": 27.001073415111147,
                "generation": 12,
                "diversity": 171.42099955550995
            },
            {
                "best": {
                    "class_name": "warrior",
                    "performance": 40.27589443088399
                },
                "mean": 27.573097558134332,
                "generation": 13,
                "diversity": 155.8998354729902
            },
            {
                "best": {
                    "class_name": "warrior",
                    "performance": 41.03921601486571
                },
                "mean": 27.727211119181316,
                "generation": 14,
                "diversity": 151.3661482284506
            },
            {
                "best": {
                    "class_name": "warrior",
                    "performance": 41.23124044807513
                },
                "mean": 28.610501171435008,
                "generation": 15,
                "diversity": 139.5723019440041
            },
            {
                "best": {
                    "class_name": "warrior",
                    "performance": 41.09560828801402
                },
                "mean": 29.162350388453234,
                "generation": 16,
                "diversity": 132.59540656097943
            },
            {
                "best": {
                    "class_name": "warrior",
                    "performance": 41.076399099081314
                },
                "mean": 30.171694434239424,
                "generation": 17,
                "diversity": 113.1098623476103
            },
            {
                "best": {
                    "class_name": "warrior",
                    "performance": 41.02594361999865
                },
                "mean": 30.861449516148056,
                "generation": 18,
                "diversity": 101.73066570528154
            },
            {
                "best": {
                    "class_name": "warrior",
                    "performance": 41.15069394422702
                },
                "mean": 31.559980919563387,
                "generation": 19,
                "diversity": 93.63460239815102
            },
            {
                "best": {
                    "class_name": "warrior",
                    "performance": 40.52645501966579
                },
                "mean": 31.337863121943485,
                "generation": 20,
                "diversity": 98.92018355481952
            },
            {
                "best": {
                    "class_name": "warrior",
                    "performance": 41.11264058952291
                },
                "mean": 32.3077810198209,
                "generation": 21,
                "diversity": 102.09567317498879
            },
            {
                "best": {
                    "class_name": "warrior",
                    "performance": 40.68058146178637
                },
                "mean": 32.65800391302146,
                "generation": 22,
                "diversity": 105.94909858424238
            },
            {
                "best": {
                    "class_name": "warrior",
                    "performance": 40.78732609399199
                },
                "mean": 32.466171882069716,
                "generation": 23,
                "diversity": 104.51372328164756
            },
            {
                "best": {
                    "class_name": "warrior",
                    "performance": 40.840621897449026
                },
                "mean": 32.23001028737879,
                "generation": 24,
                "diversity": 101.36605409372258
            },
            {
                "best": {
                    "class_name": "warrior",
                    "performance": 40.94835690158386
                },
                "mean": 32.74720095733817,
                "generation": 25,
                "diversity": 95.2031183525528
            },
            {
                "best": {
                    "class_name": "warrior",
                    "performance": 41.03586229525001
                },
                "mean": 33.151692283595395,
                "generation": 26,
                "diversity": 88.0769380568392
            },
            {
                "best": {
                    "class_name": "warrior",
                    "performance": 40.95156740436627
                },
                "mean": 33.03465125364257,
                "generation": 27,
                "diversity": 85.51891253201963
            },
            {
                "best": {
                    "class_name": "warrior",
                    "performance": 40.903437084635634
                },
                "mean": 32.929307965380175,
                "generation": 28,
                "diversity": 82.51743144123519
            },
            {
                "best": {
                    "class_name": "warrior",
                    "performance": 40.863293822760916
                },
                "mean": 33.53587178341293,
                "generation": 29,
                "diversity": 76.99571129175057
            },
            {
                "best": {
                    "class_name": "warrior",
                    "performance": 40.92321157608187
                },
                "mean": 33.698423550298116,
                "generation": 30,
                "diversity": 76.69903462427125
            },
            {
                "best": {
                    "class_name": "warrior",
                    "performance": 41.05828739698261
                },
                "mean": 33.39697446203759,
                "generation": 31,
                "diversity": 77.40291646540041
            },
            {
                "best": {
                    "class_name": "warrior",
                    "performance": 41.09550297567914
                },
                "mean": 33.44759139496862,
                "generation": 32,
                "diversity": 79.01035020186411
            },
            {
                "best": {
                    "class_name": "warrior",
                    "performance": 41.22721342572557
                },
                "mean": 33.63791578373164,
                "generation": 33,
                "diversity": 77.90884809130277
            },
            {
                "best": {
                    "class_name": "warrior",
                    "performance": 41.22721342572557
                },
                "mean": 33.69948319417168,
                "generation": 34,
                "diversity": 78.93433986040705
            },
            {
                "best": {
                    "class_name": "warrior",
                    "performance": 41.209434699516336
                },
                "mean": 34.1628961220995,
                "generation": 35,
                "diversity": 74.85454271623071
            }
        ]
    },
    "config": {
        "population_size": 700,
        "population_to_keep": 525,
        "class_name": "warrior",
        "selection_config_a": {
            "selection_type": "elite",
            "population_to_keep": 210,
            "tournament_size": 50,
            "threshold": 0.75,
            "initial_temperature": 30,
            "temperature_decay": 0.6,
            "min_temperature": 5
        },
        "selection_config_b": {
            "selection_type": "ranking",
            "population_to_keep": 315,
            "tournament_size": 50,
            "threshold": 0.75,
            "initial_temperature": 30,
            "temperature_decay": 0.6,
            "min_temperature": 5
        },
        "selection_config_rate": 0.4,
        "crossover_config": {
            "method": "uniform"
        },
        "mutation_config": {
            "mutation_type": "multi_gen",
            "mutation_rate": 0.3,
            "delta_mutation": 30
        },
        "replacement_config_a": {
            "type": "traditional",
            "quantity": 158,
            "gen_gap": 0.5
        },
        "replacement_config_b": {
            "type": "young_bias",
            "quantity": 367,
            "gen_gap": 0.5
        },
        "replacement_config_rate": 0.3,
        "end_condition_config": {
            "type": "content",
            "generations_to_check": 20,
            "generations": 500,
            "optimum_value": 61.5,
            "tolerance": 0.1,
            "structure_tolerance": 0.01,
            "structure_relevant_proportion": 0.98
        }
    }
}