{
    "results": {
        "best": {
            "solution": {
                "class_name": "warrior",
                "variables": {
                    "strength": 74.93413733919806,
                    "agility": 74.7298599563096,
                    "expertise": 0.3360027044923535,
                    "resistance": 0.0,
                    "life": 0.0,
                    "height": 1.92
                },
                "performance": 41.24507827962871
            },
            "generation": 40
        },
        "last_iterations": [
            {
                "best": {
                    "class_name": "warrior",
                    "performance": 31.01888674687449
                },
                "mean": 15.789067657203654,
                "generation": 1,
                "diversity": 247.65637364216494
            },
            {
                "best": {
                    "class_name": "warrior",
                    "performance": 32.427783522773076
                },
                "mean": 16.331187666332333,
                "generation": 2,
                "diversity": 234.46550867441087
            },
            {
                "best": {
                    "class_name": "warrior",
                    "performance": 33.62704561327601
                },
                "mean": 17.719596376935325,
                "generation": 3,
                "diversity": 202.4285173047389
            },
            {
                "best": {
                    "class_name": "warrior",
                    "performance": 33.62704561327601
                },
                "mean": 18.29037105899728,
                "generation": 4,
                "diversity": 189.28586742301164
            },
            {
                "best": {
                    "class_name": "warrior",
                    "performance": 34.609906418226586
                },
                "mean": 19.84503483004992,
                "generation": 5,
                "diversity": 161.26047075473326
            },
            {
                "best": {
                    "class_name": "warrior",
                    "performance": 35.437457617686654
                },
                "mean": 20.547984406084804,
                "generation": 6,
                "diversity": 152.16008422495048
            },
            {
                "best": {
                    "class_name": "warrior",
                    "performance": 32.41937217466579
                },
                "mean": 21.59852061717305,
                "generation": 7,
                "diversity": 138.62565596367315
            },
            {
                "best": {
                    "class_name": "warrior",
                    "performance": 37.195356973957296
                },
                "mean": 22.928885245344752,
                "generation": 8,
                "diversity": 126.89636832015823
            },
            {
                "best": {
                    "class_name": "warrior",
                    "performance": 37.95861549189923
                },
                "mean": 24.099178803430686,
                "generation": 9,
                "diversity": 108.6457563712642
            },
            {
                "best": {
                    "class_name": "warrior",
                    "performance": 37.95861549189923
                },
                "mean": 25.044473522565035,
                "generation": 10,
                "diversity": 103.46588831260118
            },
            {
                "best": {
                    "class_name": "warrior",
                    "performance": 38.38404488434664
                },
                "mean": 26.34862953574615,
                "generation": 11,
                "diversity": 92.83165464347788
            },
            {
                "best": {
                    "class_name": "warrior",
                    "performance": 39.21368152332644
                },
                "mean": 27.845959627586442,
                "generation": 12,
                "diversity": 86.97201998046785
            },
            {
                "best": {
                    "class_name": "warrior",
                    "performance": 39.31802386392279
                },
                "mean": 28.479739893996292,
                "generation": 13,
                "diversity": 81.06739283161833
            },
            {
                "best": {
                    "class_name": "warrior",
                    "performance": 40.31414574336443
                },
                "mean": 29.262370036023533,
                "generation": 14,
                "diversity": 80.40312295659504
            },
            {
                "best": {
                    "class_name": "warrior",
                    "performance": 40.01051284548361
                },
                "mean": 29.556767217383506,
                "generation": 15,
                "diversity": 75.56130997523452
            },
            {
                "best": {
                    "class_name": "warrior",
                    "performance": 40.25337657799364
                },
                "mean": 30.377216412376757,
                "generation": 16,
                "diversity": 68.76816401210293
            },
            {
                "best": {
                    "class_name": "warrior",
                    "performance": 41.10725152759003
                },
                "mean": 31.068682214061067,
                "generation": 17,
                "diversity": 67.255368919964
            },
            {
                "best": {
                    "class_name": "warrior",
                    "performance": 40.601316297844875
                },
                "mean": 31.756430406394045,
                "generation": 18,
                "diversity": 66.20476576856422
            },
            {
                "best": {
                    "class_name": "warrior",
                    "performance": 40.28621206309192
                },
                "mean": 32.3800491095649,
                "generation": 19,
                "diversity": 61.74919884436647
            },
            {
                "best": {
                    "class_name": "warrior",
                    "performance": 40.49479643594318
                },
                "mean": 33.17521369072379,
                "generation": 20,
                "diversity": 60.148034247814735
            },
            {
                "best": {
                    "class_name": "warrior",
                    "performance": 40.91174999237495
                },
                "mean": 33.8845153783917,
                "generation": 21,
                "diversity": 59.69230247982884
            },
            {
                "best": {
                    "class_name": "warrior",
                    "performance": 41.01903637397606
                },
                "mean": 34.626581934939985,
                "generation": 22,
                "diversity": 50.96223472603513
            },
            {
                "best": {
                    "class_name": "warrior",
                    "performance": 41.16054860597297
                },
                "mean": 35.02972557365996,
                "generation": 23,
                "diversity": 48.560545622944424
            },
            {
                "best": {
                    "class_name": "warrior",
                    "performance": 41.006105656899805
                },
                "mean": 35.61110267768617,
                "generation": 24,
                "diversity": 43.75827025302838
            },
            {
                "best": {
                    "class_name": "warrior",
                    "performance": 41.093826164766945
                },
                "mean": 35.963379190848094,
                "generation": 25,
                "diversity": 43.26154210603348
            },
            {
                "best": {
                    "class_name": "warrior",
                    "performance": 41.10524818269113
                },
                "mean": 36.25088893865516,
                "generation": 26,
                "diversity": 41.760525035537846
            },
            {
                "best": {
                    "class_name": "warrior",
                    "performance": 41.235991324140564
                },
                "mean": 36.53806086942088,
                "generation": 27,
                "diversity": 40.44951389329362
            },
            {
                "best": {
                    "class_name": "warrior",
                    "performance": 41.235082199553815
                },
                "mean": 36.706646847475746,
                "generation": 28,
                "diversity": 40.156189338419686
            },
            {
                "best": {
                    "class_name": "warrior",
                    "performance": 41.21744616089032
                },
                "mean": 36.91910388003984,
                "generation": 29,
                "diversity": 38.98254410744579
            },
            {
                "best": {
                    "class_name": "warrior",
                    "performance": 41.236953546232236
                },
                "mean": 36.96995862147574,
                "generation": 30,
                "diversity": 40.803022102417934
            },
            {
                "best": {
                    "class_name": "warrior",
                    "performance": 41.134503985013545
                },
                "mean": 36.99461122855403,
                "generation": 31,
                "diversity": 41.905608316541084
            },
            {
                "best": {
                    "class_name": "warrior",
                    "performance": 41.01912568101759
                },
                "mean": 37.31941445469173,
                "generation": 32,
                "diversity": 39.14091026769309
            },
            {
                "best": {
                    "class_name": "warrior",
                    "performance": 41.227236915537745
                },
                "mean": 37.4143848302707,
                "generation": 33,
                "diversity": 38.73842371535016
            },
            {
                "best": {
                    "class_name": "warrior",
                    "performance": 41.22992211396955
                },
                "mean": 37.472591600334496,
                "generation": 34,
                "diversity": 35.106628721439826
            },
            {
                "best": {
                    "class_name": "warrior",
                    "performance": 41.23947707906939
                },
                "mean": 37.618463934136145,
                "generation": 35,
                "diversity": 33.5651481518079
            },
            {
                "best": {
                    "class_name": "warrior",
                    "performance": 41.2434832926704
                },
                "mean": 37.71174266394636,
                "generation": 36,
                "diversity": 36.31306467156453
            },
            {
                "best": {
                    "class_name": "warrior",
                    "performance": 41.239815829631176
                },
                "mean": 37.74403420094937,
                "generation": 37,
                "diversity": 36.07683582748769
            },
            {
                "best": {
                    "class_name": "warrior",
                    "performance": 41.239815829631176
                },
                "mean": 37.71700894905833,
                "generation": 38,
                "diversity": 35.959779154626084
            },
            {
                "best": {
                    "class_name": "warrior",
                    "performance": 41.23714208193727
                },
                "mean": 37.93075947014244,
                "generation": 39,
                "diversity": 35.33893696632603
            },
            {
                "best": {
                    "class_name": "warrior",
                    "performance": 41.24507827962871
                },
                "mean": 38.10059243312685,
                "generation": 40,
                "diversity": 35.90775279130534
            },
            {
                "best": {
                    "class_name": "warrior",
                    "performance": 41.24184129101941
                },
                "mean": 38.059339595895956,
                "generation": 41,
                "diversity": 34.62814224730778
            },
            {
                "best": {
                    "class_name": "warrior",
                    "performance": 41.24174229734368
                },
                "mean": 38.286770453465266,
                "generation": 42,
                "diversity": 33.795912633633115
            },
            {
                "best": {
                    "class_name": "warrior",
                    "performance": 41.24174229734368
                },
                "mean": 38.36186509461208,
                "generation": 43,
                "diversity": 32.24442671460363
            },
            {
                "best": {
                    "class_name": "warrior",
                    "performance": 41.24174229734368
                },
                "mean": 38.2923966436516,
                "generation": 44,
                "diversity": 29.920687017925573
            },
            {
                "best": {
                    "class_name": "warrior",
                    "performance": 41.24373549836007
                },
                "mean": 38.22675463554883,
                "generation": 45,
                "diversity": 29.386474670901077
            },
            {
                "best": {
                    "class_name": "warrior",
                    "performance": 41.241317087887765
                },
                "mean": 38.11901536545701,
                "generation": 46,
                "diversity": 29.237879321999273
            },
            {
                "best": {
                    "class_name": "warrior",
                    "performance": 41.241317087887765
                },
                "mean": 38.21191200659263,
                "generation": 47,
                "diversity": 29.22086711042194
            },
            {
                "best": {
                    "class_name": "warrior",
                    "performance": 41.23863166719936
                },
                "mean": 38.13393795981796,
                "generation": 48,
                "diversity": 28.586442039711574
            },
            {
                "best": {
                    "class_name": "warrior",
                    "performance": 41.2403575887315
                },
                "mean": 38.208285909013405,
                "generation": 49,
                "diversity": 26.053033996460087
            },
            {
                "best": {
                    "class_name": "warrior",
                    "performance": 41.2417227638168
                },
                "mean": 38.38252260471046,
                "generation": 50,
                "diversity": 25.485021204657627
            },
            {
                "best": {
                    "class_name": "warrior",
                    "performance": 41.24450767939106
                },
                "mean": 38.36621170093556,
                "generation": 51,
                "diversity": 26.33510214792412
            },
            {
                "best": {
                    "class_name": "warrior",
                    "performance": 41.2403575887315
                },
                "mean": 38.543850119234506,
                "generation": 52,
                "diversity": 25.208273023418354
            },
            {
                "best": {
                    "class_name": "warrior",
                    "performance": 41.24279390007192
                },
                "mean": 38.42236419407393,
                "generation": 53,
                "diversity": 24.967063866293277
            },
            {
                "best": {
                    "class_name": "warrior",
                    "performance": 41.24430597139945
                },
                "mean": 38.61627191037552,
                "generation": 54,
                "diversity": 23.160443292675478
            },
            {
                "best": {
                    "class_name": "warrior",
                    "performance": 41.24430597139945
                },
                "mean": 38.62780607882915,
                "generation": 55,
                "diversity": 22.62840279410675
            },
            {
                "best": {
                    "class_name": "warrior",
                    "performance": 41.238564686838195
                },
                "mean": 38.45119318761787,
                "generation": 56,
                "diversity": 21.53010783516048
            },
            {
                "best": {
                    "class_name": "warrior",
                    "performance": 41.24453340818699
                },
                "mean": 38.36573845919149,
                "generation": 57,
                "diversity": 21.802698861314155
            },
            {
                "best": {
                    "class_name": "warrior",
                    "performance": 41.2397320720536
                },
                "mean": 38.37977868562353,
                "generation": 58,
                "diversity": 22.299845154487148
            },
            {
                "best": {
                    "class_name": "warrior",
                    "performance": 41.24040858468692
                },
                "mean": 38.46055547095489,
                "generation": 59,
                "diversity": 22.83353399883342
            },
            {
                "best": {
                    "class_name": "warrior",
                    "performance": 41.242719600363394
                },
                "mean": 38.61399672306639,
                "generation": 60,
                "diversity": 22.580216347843457
            }
        ]
    },
    "config": {
        "population_size": 1500,
        "population_to_keep": 750,
        "class_name": "warrior",
        "selection_config_a": {
            "selection_type": "elite",
            "population_to_keep": 375,
            "tournament_size": 50,
            "threshold": 0.75,
            "initial_temperature": 30,
            "temperature_decay": 0.6,
            "min_temperature": 5
        },
        "selection_config_b": {
            "selection_type": "roulette",
            "population_to_keep": 375,
            "tournament_size": 50,
            "threshold": 0.75,
            "initial_temperature": 30,
            "temperature_decay": 0.6,
            "min_temperature": 5
        },
        "selection_config_rate": 0.5,
        "crossover_config": {
            "method": "uniform"
        },
        "mutation_config": {
            "mutation_type": "multi_gen",
            "mutation_rate": 0.2,
            "delta_mutation": 15
        },
        "replacement_config_a": {
            "type": "traditional",
            "quantity": 375,
            "gen_gap": 0.5
        },
        "replacement_config_b": {
            "type": "young_bias",
            "quantity": 375,
            "gen_gap": 0.5
        },
        "replacement_config_rate": 0.5,
        "end_condition_config": {
            "type": "content",
            "generations_to_check": 20,
            "generations": 500,
            "optimum_value": 61.5,
            "tolerance": 0.1,
            "structure_tolerance": 0.01,
            "structure_relevant_proportion": 0.98
        }
    }
}