{
    "results": {
        "best": {
            "solution": {
                "class_name": "warrior",
                "variables": {
                    "strength": 75.18066716237617,
                    "agility": 74.81933283762383,
                    "expertise": 0.0,
                    "resistance": 0.0,
                    "life": 0.0,
                    "height": 1.9200000000000002
                },
                "performance": 41.24426086004953
            },
            "generation": 38
        },
        "last_iterations": [
            {
                "best": {
                    "class_name": "warrior",
                    "performance": 31.057120718240046
                },
                "mean": 15.940374137674407,
                "generation": 1,
                "diversity": 246.33309939127707
            },
            {
                "best": {
                    "class_name": "warrior",
                    "performance": 32.68251132800397
                },
                "mean": 17.456112029963457,
                "generation": 2,
                "diversity": 210.61711853195493
            },
            {
                "best": {
                    "class_name": "warrior",
                    "performance": 31.799760596148452
                },
                "mean": 18.628085907472663,
                "generation": 3,
                "diversity": 182.29311504375073
            },
            {
                "best": {
                    "class_name": "warrior",
                    "performance": 33.803137371876176
                },
                "mean": 19.366865788196648,
                "generation": 4,
                "diversity": 167.93435461172788
            },
            {
                "best": {
                    "class_name": "warrior",
                    "performance": 33.93807017817122
                },
                "mean": 20.82757642212956,
                "generation": 5,
                "diversity": 144.27181227474273
            },
            {
                "best": {
                    "class_name": "warrior",
                    "performance": 34.461800315058575
                },
                "mean": 21.633388788000534,
                "generation": 6,
                "diversity": 131.58132262410484
            },
            {
                "best": {
                    "class_name": "warrior",
                    "performance": 36.739495309527875
                },
                "mean": 22.46632052185804,
                "generation": 7,
                "diversity": 121.70460553334665
            },
            {
                "best": {
                    "class_name": "warrior",
                    "performance": 36.739495309527875
                },
                "mean": 23.045804999549954,
                "generation": 8,
                "diversity": 114.99004490874877
            },
            {
                "best": {
                    "class_name": "warrior",
                    "performance": 37.24675935633915
                },
                "mean": 23.729444597939064,
                "generation": 9,
                "diversity": 110.12612649571575
            },
            {
                "best": {
                    "class_name": "warrior",
                    "performance": 37.66174016404533
                },
                "mean": 24.766149575114586,
                "generation": 10,
                "diversity": 98.29989372200306
            },
            {
                "best": {
                    "class_name": "warrior",
                    "performance": 40.84241093258196
                },
                "mean": 25.281604488972306,
                "generation": 11,
                "diversity": 94.30920541018787
            },
            {
                "best": {
                    "class_name": "warrior",
                    "performance": 40.06404007140501
                },
                "mean": 26.370323026635287,
                "generation": 12,
                "diversity": 81.71359062262768
            },
            {
                "best": {
                    "class_name": "warrior",
                    "performance": 39.98932966839581
                },
                "mean": 26.674084076492818,
                "generation": 13,
                "diversity": 81.50370858856856
            },
            {
                "best": {
                    "class_name": "warrior",
                    "performance": 38.13296836160479
                },
                "mean": 27.554777624263124,
                "generation": 14,
                "diversity": 77.20365992095358
            },
            {
                "best": {
                    "class_name": "warrior",
                    "performance": 39.02501257058239
                },
                "mean": 28.59652393747343,
                "generation": 15,
                "diversity": 67.69000163857686
            },
            {
                "best": {
                    "class_name": "warrior",
                    "performance": 40.77908559685085
                },
                "mean": 29.849697699801574,
                "generation": 16,
                "diversity": 62.0527237038205
            },
            {
                "best": {
                    "class_name": "warrior",
                    "performance": 40.217009310612944
                },
                "mean": 30.87081893221155,
                "generation": 17,
                "diversity": 55.386308339924824
            },
            {
                "best": {
                    "class_name": "warrior",
                    "performance": 40.61096429002459
                },
                "mean": 31.912500287946777,
                "generation": 18,
                "diversity": 49.50307243358241
            },
            {
                "best": {
                    "class_name": "warrior",
                    "performance": 40.217009310612944
                },
                "mean": 32.56548394802924,
                "generation": 19,
                "diversity": 49.10113412362526
            },
            {
                "best": {
                    "class_name": "warrior",
                    "performance": 40.10320888553478
                },
                "mean": 32.9775248952779,
                "generation": 20,
                "diversity": 48.692211979028635
            },
            {
                "best": {
                    "class_name": "warrior",
                    "performance": 40.81838433134111
                },
                "mean": 33.453455146058644,
                "generation": 21,
                "diversity": 48.36522573619632
            },
            {
                "best": {
                    "class_name": "warrior",
                    "performance": 40.0814185721348
                },
                "mean": 34.06317184423967,
                "generation": 22,
                "diversity": 40.96401183552209
            },
            {
                "best": {
                    "class_name": "warrior",
                    "performance": 40.75467025805629
                },
                "mean": 34.586451738388675,
                "generation": 23,
                "diversity": 40.37793201778792
            },
            {
                "best": {
                    "class_name": "warrior",
                    "performance": 40.63178005823445
                },
                "mean": 34.81954385708539,
                "generation": 24,
                "diversity": 40.16127144234456
            },
            {
                "best": {
                    "class_name": "warrior",
                    "performance": 41.22796915214569
                },
                "mean": 35.45750989299127,
                "generation": 25,
                "diversity": 40.279258959031125
            },
            {
                "best": {
                    "class_name": "warrior",
                    "performance": 41.22796915214569
                },
                "mean": 35.7302919976305,
                "generation": 26,
                "diversity": 37.94889107662414
            },
            {
                "best": {
                    "class_name": "warrior",
                    "performance": 40.668574510074194
                },
                "mean": 35.774046852952495,
                "generation": 27,
                "diversity": 36.686639485358214
            },
            {
                "best": {
                    "class_name": "warrior",
                    "performance": 41.18805466574327
                },
                "mean": 35.84988159678815,
                "generation": 28,
                "diversity": 35.73419814728235
            },
            {
                "best": {
                    "class_name": "warrior",
                    "performance": 41.19365584247335
                },
                "mean": 36.033537950304044,
                "generation": 29,
                "diversity": 31.354625952949977
            },
            {
                "best": {
                    "class_name": "warrior",
                    "performance": 40.951862156212584
                },
                "mean": 36.22788530793949,
                "generation": 30,
                "diversity": 32.55483598561488
            },
            {
                "best": {
                    "class_name": "warrior",
                    "performance": 41.122073016687544
                },
                "mean": 36.51447836921453,
                "generation": 31,
                "diversity": 30.991116840213838
            },
            {
                "best": {
                    "class_name": "warrior",
                    "performance": 41.134541951136974
                },
                "mean": 36.4970830008478,
                "generation": 32,
                "diversity": 33.867100365043676
            },
            {
                "best": {
                    "class_name": "warrior",
                    "performance": 41.02876827608889
                },
                "mean": 36.78664008889084,
                "generation": 33,
                "diversity": 33.21486106834141
            },
            {
                "best": {
                    "class_name": "warrior",
                    "performance": 40.977446278195295
                },
                "mean": 36.797828195883824,
                "generation": 34,
                "diversity": 34.59607484664949
            },
            {
                "best": {
                    "class_name": "warrior",
                    "performance": 41.24415552710354
                },
                "mean": 36.9087179903936,
                "generation": 35,
                "diversity": 35.55412428003215
            },
            {
                "best": {
                    "class_name": "warrior",
                    "performance": 41.16990418153003
                },
                "mean": 37.199135151892335,
                "generation": 36,
                "diversity": 32.422143597713735
            },
            {
                "best": {
                    "class_name": "warrior",
                    "performance": 41.24207411236711
                },
                "mean": 37.34888755802049,
                "generation": 37,
                "diversity": 32.91900378206823
            },
            {
                "best": {
                    "class_name": "warrior",
                    "performance": 41.24426086004953
                },
                "mean": 37.38270671795219,
                "generation": 38,
                "diversity": 35.33972687235866
            },
            {
                "best": {
                    "class_name": "warrior",
                    "performance": 41.24426086004953
                },
                "mean": 37.283907637360706,
                "generation": 39,
                "diversity": 35.46883591951058
            },
            {
                "best": {
                    "class_name": "warrior",
                    "performance": 41.24426086004953
                },
                "mean": 37.59046358801632,
                "generation": 40,
                "diversity": 32.80736011469252
            },
            {
                "best": {
                    "class_name": "warrior",
                    "performance": 41.24426086004953
                },
                "mean": 37.43759903219333,
                "generation": 41,
                "diversity": 30.46490024625484
            },
            {
                "best": {
                    "class_name": "warrior",
                    "performance": 41.24426086004953
                },
                "mean": 37.42785847554179,
                "generation": 42,
                "diversity": 32.130312309399315
            },
            {
                "best": {
                    "class_name": "warrior",
                    "performance": 41.22041187764902
                },
                "mean": 37.47299061058629,
                "generation": 43,
                "diversity": 31.5557355419089
            },
            {
                "best": {
                    "class_name": "warrior",
                    "performance": 41.23634380848041
                },
                "mean": 37.35794626943818,
                "generation": 44,
                "diversity": 32.19026155641402
            },
            {
                "best": {
                    "class_name": "warrior",
                    "performance": 41.23508252418242
                },
                "mean": 37.484872584532525,
                "generation": 45,
                "diversity": 30.381693548531683
            },
            {
                "best": {
                    "class_name": "warrior",
                    "performance": 41.08445218836292
                },
                "mean": 37.58414318463592,
                "generation": 46,
                "diversity": 28.92560589613517
            },
            {
                "best": {
                    "class_name": "warrior",
                    "performance": 41.180281990585236
                },
                "mean": 37.68639845991565,
                "generation": 47,
                "diversity": 27.76002537444414
            },
            {
                "best": {
                    "class_name": "warrior",
                    "performance": 41.1895319724997
                },
                "mean": 37.80726502869456,
                "generation": 48,
                "diversity": 27.664835969204542
            },
            {
                "best": {
                    "class_name": "warrior",
                    "performance": 41.1895319724997
                },
                "mean": 37.80692798216212,
                "generation": 49,
                "diversity": 26.719638086127972
            },
            {
                "best": {
                    "class_name": "warrior",
                    "performance": 41.08359072157993
                },
                "mean": 37.800408639896034,
                "generation": 50,
                "diversity": 26.83364854757745
            },
            {
                "best": {
                    "class_name": "warrior",
                    "performance": 41.236849231153506
                },
                "mean": 37.80537552316143,
                "generation": 51,
                "diversity": 26.278830029811658
            },
            {
                "best": {
                    "class_name": "warrior",
                    "performance": 41.235947845615975
                },
                "mean": 37.766069658011936,
                "generation": 52,
                "diversity": 26.20615551245663
            },
            {
                "best": {
                    "class_name": "warrior",
                    "performance": 41.189685406100175
                },
                "mean": 37.70792132091653,
                "generation": 53,
                "diversity": 24.36886484130139
            },
            {
                "best": {
                    "class_name": "warrior",
                    "performance": 41.23916661959892
                },
                "mean": 37.95538514538585,
                "generation": 54,
                "diversity": 23.14414279073633
            },
            {
                "best": {
                    "class_name": "warrior",
                    "performance": 41.23916661959892
                },
                "mean": 37.91282551981041,
                "generation": 55,
                "diversity": 22.9005552980758
            }
        ]
    },
    "config": {
        "population_size": 1600,
        "population_to_keep": 800,
        "class_name": "warrior",
        "selection_config_a": {
            "selection_type": "elite",
            "population_to_keep": 400,
            "tournament_size": 50,
            "threshold": 0.75,
            "initial_temperature": 30,
            "temperature_decay": 0.6,
            "min_temperature": 5
        },
        "selection_config_b": {
            "selection_type": "roulette",
            "population_to_keep": 400,
            "tournament_size": 50,
            "threshold": 0.75,
            "initial_temperature": 30,
            "temperature_decay": 0.6,
            "min_temperature": 5
        },
        "selection_config_rate": 0.5,
        "crossover_config": {
            "method": "uniform"
        },
        "mutation_config": {
            "mutation_type": "multi_gen",
            "mutation_rate": 0.2,
            "delta_mutation": 15
        },
        "replacement_config_a": {
            "type": "traditional",
            "quantity": 400,
            "gen_gap": 0.5
        },
        "replacement_config_b": {
            "type": "young_bias",
            "quantity": 400,
            "gen_gap": 0.5
        },
        "replacement_config_rate": 0.5,
        "end_condition_config": {
            "type": "content",
            "generations_to_check": 20,
            "generations": 500,
            "optimum_value": 61.5,
            "tolerance": 0.1,
            "structure_tolerance": 0.01,
            "structure_relevant_proportion": 0.98
        }
    }
}