{
    "results": {
        "best": {
            "solution": {
                "class_name": "warrior",
                "variables": {
                    "strength": 74.61302523022654,
                    "agility": 74.72522550621575,
                    "expertise": 0.6617492635577041,
                    "resistance": 0.0,
                    "life": 0.0,
                    "height": 1.91
                },
                "performance": 41.24343023748424
            },
            "generation": 41
        },
        "last_iterations": [
            {
                "best": {
                    "class_name": "warrior",
                    "performance": 30.297444396361303
                },
                "mean": 15.63523326388682,
                "generation": 1,
                "diversity": 248.68230593207682
            },
            {
                "best": {
                    "class_name": "warrior",
                    "performance": 29.23763317635634
                },
                "mean": 16.793874568296044,
                "generation": 2,
                "diversity": 200.46780516814889
            },
            {
                "best": {
                    "class_name": "warrior",
                    "performance": 35.44808677074381
                },
                "mean": 17.67718696438694,
                "generation": 3,
                "diversity": 180.07959711213792
            },
            {
                "best": {
                    "class_name": "warrior",
                    "performance": 35.55854748858016
                },
                "mean": 18.618726266165087,
                "generation": 4,
                "diversity": 169.1386082571593
            },
            {
                "best": {
                    "class_name": "warrior",
                    "performance": 38.43988005919926
                },
                "mean": 19.60919962275413,
                "generation": 5,
                "diversity": 138.73701734953028
            },
            {
                "best": {
                    "class_name": "warrior",
                    "performance": 40.70507775219504
                },
                "mean": 20.703099848224085,
                "generation": 6,
                "diversity": 122.02746552517982
            },
            {
                "best": {
                    "class_name": "warrior",
                    "performance": 33.416190749787205
                },
                "mean": 21.180531190972424,
                "generation": 7,
                "diversity": 114.01735219828021
            },
            {
                "best": {
                    "class_name": "warrior",
                    "performance": 36.167309568666305
                },
                "mean": 21.60748155173653,
                "generation": 8,
                "diversity": 109.31852458104169
            },
            {
                "best": {
                    "class_name": "warrior",
                    "performance": 35.713069333288146
                },
                "mean": 22.168244278676955,
                "generation": 9,
                "diversity": 102.59168209545585
            },
            {
                "best": {
                    "class_name": "warrior",
                    "performance": 36.261589015561235
                },
                "mean": 23.26833410367092,
                "generation": 10,
                "diversity": 90.40027655115178
            },
            {
                "best": {
                    "class_name": "warrior",
                    "performance": 38.73196074970834
                },
                "mean": 23.977527707997613,
                "generation": 11,
                "diversity": 85.41978281178704
            },
            {
                "best": {
                    "class_name": "warrior",
                    "performance": 40.17438235471464
                },
                "mean": 24.734737501691168,
                "generation": 12,
                "diversity": 83.63786247765685
            },
            {
                "best": {
                    "class_name": "warrior",
                    "performance": 39.06592325812257
                },
                "mean": 25.895261589229126,
                "generation": 13,
                "diversity": 84.22736312949341
            },
            {
                "best": {
                    "class_name": "warrior",
                    "performance": 39.536278781920906
                },
                "mean": 26.69621018068062,
                "generation": 14,
                "diversity": 82.33708328016219
            },
            {
                "best": {
                    "class_name": "warrior",
                    "performance": 39.536278781920906
                },
                "mean": 27.739981553624332,
                "generation": 15,
                "diversity": 77.33542813570314
            },
            {
                "best": {
                    "class_name": "warrior",
                    "performance": 40.21963567147409
                },
                "mean": 28.550931153468813,
                "generation": 16,
                "diversity": 73.06539793637697
            },
            {
                "best": {
                    "class_name": "warrior",
                    "performance": 40.54381328368013
                },
                "mean": 29.549397555323914,
                "generation": 17,
                "diversity": 68.01843435818314
            },
            {
                "best": {
                    "class_name": "warrior",
                    "performance": 39.785986835462936
                },
                "mean": 30.266681536195698,
                "generation": 18,
                "diversity": 69.5772521507538
            },
            {
                "best": {
                    "class_name": "warrior",
                    "performance": 40.34024460332473
                },
                "mean": 31.05346185537537,
                "generation": 19,
                "diversity": 70.15707691007445
            },
            {
                "best": {
                    "class_name": "warrior",
                    "performance": 40.45706013919635
                },
                "mean": 31.795651804066207,
                "generation": 20,
                "diversity": 64.04849552766917
            },
            {
                "best": {
                    "class_name": "warrior",
                    "performance": 40.0634439431303
                },
                "mean": 32.4567406457765,
                "generation": 21,
                "diversity": 56.19605410566076
            },
            {
                "best": {
                    "class_name": "warrior",
                    "performance": 40.0105138668204
                },
                "mean": 32.94569016987296,
                "generation": 22,
                "diversity": 52.12305721479634
            },
            {
                "best": {
                    "class_name": "warrior",
                    "performance": 40.33071769802184
                },
                "mean": 33.77583693881297,
                "generation": 23,
                "diversity": 48.99345174531725
            },
            {
                "best": {
                    "class_name": "warrior",
                    "performance": 40.991033573646575
                },
                "mean": 33.9370743660161,
                "generation": 24,
                "diversity": 48.474780622037855
            },
            {
                "best": {
                    "class_name": "warrior",
                    "performance": 40.991033573646575
                },
                "mean": 34.564155606509516,
                "generation": 25,
                "diversity": 46.96209824185042
            },
            {
                "best": {
                    "class_name": "warrior",
                    "performance": 40.991033573646575
                },
                "mean": 35.060610079956575,
                "generation": 26,
                "diversity": 43.90097871841453
            },
            {
                "best": {
                    "class_name": "warrior",
                    "performance": 40.89686996992366
                },
                "mean": 35.4191096233203,
                "generation": 27,
                "diversity": 41.64011100761229
            },
            {
                "best": {
                    "class_name": "warrior",
                    "performance": 40.89180083425179
                },
                "mean": 35.95526648456047,
                "generation": 28,
                "diversity": 41.63561914394857
            },
            {
                "best": {
                    "class_name": "warrior",
                    "performance": 41.24330635120652
                },
                "mean": 36.3329571968148,
                "generation": 29,
                "diversity": 39.436042218195034
            },
            {
                "best": {
                    "class_name": "warrior",
                    "performance": 41.097451094332584
                },
                "mean": 36.534131969048595,
                "generation": 30,
                "diversity": 38.15188918084491
            },
            {
                "best": {
                    "class_name": "warrior",
                    "performance": 41.097451094332584
                },
                "mean": 36.76554293029486,
                "generation": 31,
                "diversity": 36.276357364396986
            },
            {
                "best": {
                    "class_name": "warrior",
                    "performance": 41.06265399888133
                },
                "mean": 36.99673445842079,
                "generation": 32,
                "diversity": 35.63962988369559
            },
            {
                "best": {
                    "class_name": "warrior",
                    "performance": 41.13913525275904
                },
                "mean": 37.12077440106926,
                "generation": 33,
                "diversity": 34.94400999910797
            },
            {
                "best": {
                    "class_name": "warrior",
                    "performance": 41.12529247489536
                },
                "mean": 37.209863905792375,
                "generation": 34,
                "diversity": 32.26111987101561
            },
            {
                "best": {
                    "class_name": "warrior",
                    "performance": 41.15529087304952
                },
                "mean": 37.34124102982332,
                "generation": 35,
                "diversity": 30.07210251563977
            },
            {
                "best": {
                    "class_name": "warrior",
                    "performance": 41.09135901891719
                },
                "mean": 37.47378103452283,
                "generation": 36,
                "diversity": 27.979560634788744
            },
            {
                "best": {
                    "class_name": "warrior",
                    "performance": 41.242085818603776
                },
                "mean": 37.67452445222115,
                "generation": 37,
                "diversity": 26.90274727800842
            },
            {
                "best": {
                    "class_name": "warrior",
                    "performance": 41.121731098258074
                },
                "mean": 37.810202951389,
                "generation": 38,
                "diversity": 28.504621644215177
            },
            {
                "best": {
                    "class_name": "warrior",
                    "performance": 41.15969655867929
                },
                "mean": 37.57265837539688,
                "generation": 39,
                "diversity": 27.936001119540382
            },
            {
                "best": {
                    "class_name": "warrior",
                    "performance": 41.16176219261168
                },
                "mean": 37.707196171382606,
                "generation": 40,
                "diversity": 28.027883594984417
            },
            {
                "best": {
                    "class_name": "warrior",
                    "performance": 41.24343023748424
                },
                "mean": 37.84208896413163,
                "generation": 41,
                "diversity": 27.869381286509896
            },
            {
                "best": {
                    "class_name": "warrior",
                    "performance": 41.24343023748424
                },
                "mean": 37.95889920873568,
                "generation": 42,
                "diversity": 30.2675477410917
            },
            {
                "best": {
                    "class_name": "warrior",
                    "performance": 41.12776478715666
                },
                "mean": 37.867904335404845,
                "generation": 43,
                "diversity": 30.252041356472603
            },
            {
                "best": {
                    "class_name": "warrior",
                    "performance": 41.1440969755555
                },
                "mean": 37.84399525077898,
                "generation": 44,
                "diversity": 30.33473222145078
            },
            {
                "best": {
                    "class_name": "warrior",
                    "performance": 41.127568031256835
                },
                "mean": 37.98342390773751,
                "generation": 45,
                "diversity": 29.26928978694907
            },
            {
                "best": {
                    "class_name": "warrior",
                    "performance": 41.15319619035891
                },
                "mean": 38.129693537809835,
                "generation": 46,
                "diversity": 29.93855062837697
            },
            {
                "best": {
                    "class_name": "warrior",
                    "performance": 41.17788208805643
                },
                "mean": 38.1474972428833,
                "generation": 47,
                "diversity": 29.272343430499962
            },
            {
                "best": {
                    "class_name": "warrior",
                    "performance": 41.14229020785677
                },
                "mean": 38.329745772017766,
                "generation": 48,
                "diversity": 28.54435145073305
            },
            {
                "best": {
                    "class_name": "warrior",
                    "performance": 41.13617592976035
                },
                "mean": 38.261149264491856,
                "generation": 49,
                "diversity": 28.003165358860546
            }
        ]
    },
    "config": {
        "population_size": 1700,
        "population_to_keep": 850,
        "class_name": "warrior",
        "selection_config_a": {
            "selection_type": "elite",
            "population_to_keep": 425,
            "tournament_size": 50,
            "threshold": 0.75,
            "initial_temperature": 30,
            "temperature_decay": 0.6,
            "min_temperature": 5
        },
        "selection_config_b": {
            "selection_type": "roulette",
            "population_to_keep": 425,
            "tournament_size": 50,
            "threshold": 0.75,
            "initial_temperature": 30,
            "temperature_decay": 0.6,
            "min_temperature": 5
        },
        "selection_config_rate": 0.5,
        "crossover_config": {
            "method": "uniform"
        },
        "mutation_config": {
            "mutation_type": "multi_gen",
            "mutation_rate": 0.2,
            "delta_mutation": 15
        },
        "replacement_config_a": {
            "type": "traditional",
            "quantity": 425,
            "gen_gap": 0.5
        },
        "replacement_config_b": {
            "type": "young_bias",
            "quantity": 425,
            "gen_gap": 0.5
        },
        "replacement_config_rate": 0.5,
        "end_condition_config": {
            "type": "content",
            "generations_to_check": 20,
            "generations": 500,
            "optimum_value": 61.5,
            "tolerance": 0.1,
            "structure_tolerance": 0.01,
            "structure_relevant_proportion": 0.98
        }
    }
}