{
    "results": {
        "best": {
            "solution": {
                "class_name": "warrior",
                "variables": {
                    "strength": 75.31903810948691,
                    "agility": 74.68096189051309,
                    "expertise": 0.0,
                    "resistance": 0.0,
                    "life": 0.0,
                    "height": 1.9200000000000002
                },
                "performance": 41.24366898315732
            },
            "generation": 33
        },
        "last_iterations": [
            {
                "best": {
                    "class_name": "warrior",
                    "performance": 26.9259853872038
                },
                "mean": 14.70764973458531,
                "generation": 0,
                "diversity": 270.88694200981723
            },
            {
                "best": {
                    "class_name": "warrior",
                    "performance": 29.307962897741096
                },
                "mean": 15.902452611387977,
                "generation": 1,
                "diversity": 234.84723994460964
            },
            {
                "best": {
                    "class_name": "warrior",
                    "performance": 27.67196141886155
                },
                "mean": 17.337415242695897,
                "generation": 2,
                "diversity": 209.14371754303048
            },
            {
                "best": {
                    "class_name": "warrior",
                    "performance": 35.848327548270795
                },
                "mean": 19.32077344869079,
                "generation": 3,
                "diversity": 209.8249103585628
            },
            {
                "best": {
                    "class_name": "warrior",
                    "performance": 33.939910190230115
                },
                "mean": 19.205939740715078,
                "generation": 4,
                "diversity": 178.30120976952503
            },
            {
                "best": {
                    "class_name": "warrior",
                    "performance": 30.738739072766453
                },
                "mean": 21.34114339109752,
                "generation": 5,
                "diversity": 169.86932415851462
            },
            {
                "best": {
                    "class_name": "warrior",
                    "performance": 32.09673779671317
                },
                "mean": 22.766252854030892,
                "generation": 6,
                "diversity": 164.09748906200755
            },
            {
                "best": {
                    "class_name": "warrior",
                    "performance": 36.75512220400238
                },
                "mean": 23.836936601581154,
                "generation": 7,
                "diversity": 152.04420479917601
            },
            {
                "best": {
                    "class_name": "warrior",
                    "performance": 36.75512220400238
                },
                "mean": 25.706141209175556,
                "generation": 8,
                "diversity": 120.8045302486084
            },
            {
                "best": {
                    "class_name": "warrior",
                    "performance": 37.024312680471986
                },
                "mean": 26.309167437085147,
                "generation": 9,
                "diversity": 116.45444381970371
            },
            {
                "best": {
                    "class_name": "warrior",
                    "performance": 38.601792032355704
                },
                "mean": 27.17259325191821,
                "generation": 10,
                "diversity": 117.88759859342412
            },
            {
                "best": {
                    "class_name": "warrior",
                    "performance": 38.601792032355704
                },
                "mean": 27.27389753325535,
                "generation": 11,
                "diversity": 120.39700639767642
            },
            {
                "best": {
                    "class_name": "warrior",
                    "performance": 37.97615314196627
                },
                "mean": 27.81234295610923,
                "generation": 12,
                "diversity": 121.39777876690691
            },
            {
                "best": {
                    "class_name": "warrior",
                    "performance": 38.37814307569273
                },
                "mean": 29.06369026016162,
                "generation": 13,
                "diversity": 116.67417069166385
            },
            {
                "best": {
                    "class_name": "warrior",
                    "performance": 38.49027395692668
                },
                "mean": 28.597858351722554,
                "generation": 14,
                "diversity": 116.4696750428527
            },
            {
                "best": {
                    "class_name": "warrior",
                    "performance": 37.101083911444476
                },
                "mean": 28.21401199571958,
                "generation": 15,
                "diversity": 122.3074605029674
            },
            {
                "best": {
                    "class_name": "warrior",
                    "performance": 39.4518524302466
                },
                "mean": 28.349508851482668,
                "generation": 16,
                "diversity": 137.91817085201507
            },
            {
                "best": {
                    "class_name": "warrior",
                    "performance": 39.847245972995346
                },
                "mean": 27.901246861787897,
                "generation": 17,
                "diversity": 148.40939301408633
            },
            {
                "best": {
                    "class_name": "warrior",
                    "performance": 38.723129099118786
                },
                "mean": 29.619463320814976,
                "generation": 18,
                "diversity": 99.2721583334528
            },
            {
                "best": {
                    "class_name": "warrior",
                    "performance": 39.8815861479627
                },
                "mean": 30.055867173385536,
                "generation": 19,
                "diversity": 123.28370106058786
            },
            {
                "best": {
                    "class_name": "warrior",
                    "performance": 40.60219316012013
                },
                "mean": 31.29447830821259,
                "generation": 20,
                "diversity": 111.79393043818106
            },
            {
                "best": {
                    "class_name": "warrior",
                    "performance": 39.967968934823766
                },
                "mean": 31.662868280468835,
                "generation": 21,
                "diversity": 86.0922050062713
            },
            {
                "best": {
                    "class_name": "warrior",
                    "performance": 39.5357204743787
                },
                "mean": 31.432647650682558,
                "generation": 22,
                "diversity": 89.46121273985649
            },
            {
                "best": {
                    "class_name": "warrior",
                    "performance": 41.18351115176845
                },
                "mean": 31.901547358927303,
                "generation": 23,
                "diversity": 80.45879732310976
            },
            {
                "best": {
                    "class_name": "warrior",
                    "performance": 41.19887491169609
                },
                "mean": 31.13970062110248,
                "generation": 24,
                "diversity": 107.85830678412144
            },
            {
                "best": {
                    "class_name": "warrior",
                    "performance": 40.659496939560015
                },
                "mean": 31.088062410258626,
                "generation": 25,
                "diversity": 94.23279006382829
            },
            {
                "best": {
                    "class_name": "warrior",
                    "performance": 40.61666979738552
                },
                "mean": 32.29202388990629,
                "generation": 26,
                "diversity": 76.28517400876608
            },
            {
                "best": {
                    "class_name": "warrior",
                    "performance": 40.61666979738552
                },
                "mean": 33.31070256939113,
                "generation": 27,
                "diversity": 74.8650223005837
            },
            {
                "best": {
                    "class_name": "warrior",
                    "performance": 41.12041823761878
                },
                "mean": 34.31307967950986,
                "generation": 28,
                "diversity": 61.69723245487484
            },
            {
                "best": {
                    "class_name": "warrior",
                    "performance": 41.12516838624285
                },
                "mean": 34.992114411041825,
                "generation": 29,
                "diversity": 50.43516533632883
            },
            {
                "best": {
                    "class_name": "warrior",
                    "performance": 40.919035572358915
                },
                "mean": 34.224003556843996,
                "generation": 30,
                "diversity": 76.57252611154644
            },
            {
                "best": {
                    "class_name": "warrior",
                    "performance": 41.03552926286364
                },
                "mean": 34.76048535153386,
                "generation": 31,
                "diversity": 79.7089969549733
            },
            {
                "best": {
                    "class_name": "warrior",
                    "performance": 40.88411044520908
                },
                "mean": 34.98294194881618,
                "generation": 32,
                "diversity": 69.92364311025018
            },
            {
                "best": {
                    "class_name": "warrior",
                    "performance": 41.24366898315732
                },
                "mean": 35.40621274920667,
                "generation": 33,
                "diversity": 58.90149607717234
            },
            {
                "best": {
                    "class_name": "warrior",
                    "performance": 40.945874682915935
                },
                "mean": 34.97915248290576,
                "generation": 34,
                "diversity": 55.973569631126004
            },
            {
                "best": {
                    "class_name": "warrior",
                    "performance": 40.7903800786635
                },
                "mean": 34.54946288924037,
                "generation": 35,
                "diversity": 65.41941042761873
            },
            {
                "best": {
                    "class_name": "warrior",
                    "performance": 40.619215170353165
                },
                "mean": 34.25842392362795,
                "generation": 36,
                "diversity": 50.123022110708824
            },
            {
                "best": {
                    "class_name": "warrior",
                    "performance": 40.8746635122889
                },
                "mean": 34.738588449112875,
                "generation": 37,
                "diversity": 52.22210724458322
            },
            {
                "best": {
                    "class_name": "warrior",
                    "performance": 41.13824308832104
                },
                "mean": 34.56725523085411,
                "generation": 38,
                "diversity": 44.68583215429029
            },
            {
                "best": {
                    "class_name": "warrior",
                    "performance": 40.71879972268693
                },
                "mean": 34.154204131106304,
                "generation": 39,
                "diversity": 57.34906816396376
            },
            {
                "best": {
                    "class_name": "warrior",
                    "performance": 40.62838640496448
                },
                "mean": 34.73514290905955,
                "generation": 40,
                "diversity": 66.05584901128174
            },
            {
                "best": {
                    "class_name": "warrior",
                    "performance": 41.01715951306773
                },
                "mean": 34.44199233723067,
                "generation": 41,
                "diversity": 82.23094215726876
            },
            {
                "best": {
                    "class_name": "warrior",
                    "performance": 40.299298883673764
                },
                "mean": 34.00073981881305,
                "generation": 42,
                "diversity": 74.92605409924751
            },
            {
                "best": {
                    "class_name": "warrior",
                    "performance": 40.299298883673764
                },
                "mean": 33.87900621787184,
                "generation": 43,
                "diversity": 79.83291286841018
            },
            {
                "best": {
                    "class_name": "warrior",
                    "performance": 40.554697845025856
                },
                "mean": 34.299679837213525,
                "generation": 44,
                "diversity": 65.91270884014284
            },
            {
                "best": {
                    "class_name": "warrior",
                    "performance": 40.18896622962177
                },
                "mean": 33.55735782155801,
                "generation": 45,
                "diversity": 70.85659444675635
            },
            {
                "best": {
                    "class_name": "warrior",
                    "performance": 41.23808454729273
                },
                "mean": 33.687978464736084,
                "generation": 46,
                "diversity": 65.31833652893674
            },
            {
                "best": {
                    "class_name": "warrior",
                    "performance": 41.237725726680786
                },
                "mean": 34.02449547926676,
                "generation": 47,
                "diversity": 66.01746457198864
            },
            {
                "best": {
                    "class_name": "warrior",
                    "performance": 40.90747988847144
                },
                "mean": 34.90586834115641,
                "generation": 48,
                "diversity": 60.57057359343159
            },
            {
                "best": {
                    "class_name": "warrior",
                    "performance": 40.98479543537661
                },
                "mean": 33.72862830830901,
                "generation": 49,
                "diversity": 64.04650799200301
            },
            {
                "best": {
                    "class_name": "warrior",
                    "performance": 40.3781131038825
                },
                "mean": 34.65740669739499,
                "generation": 50,
                "diversity": 71.65900982495593
            },
            {
                "best": {
                    "class_name": "warrior",
                    "performance": 41.13178780590308
                },
                "mean": 35.193098382694004,
                "generation": 51,
                "diversity": 62.03615989019632
            },
            {
                "best": {
                    "class_name": "warrior",
                    "performance": 41.13178780590308
                },
                "mean": 34.79976476168459,
                "generation": 52,
                "diversity": 66.19779014687929
            },
            {
                "best": {
                    "class_name": "warrior",
                    "performance": 41.20312400473471
                },
                "mean": 34.8588638360528,
                "generation": 53,
                "diversity": 55.42399453583076
            }
        ]
    },
    "config": {
        "population_size": 100,
        "population_to_keep": 75,
        "class_name": "warrior",
        "selection_config_a": {
            "selection_type": "elite",
            "population_to_keep": 30,
            "tournament_size": 50,
            "threshold": 0.75,
            "initial_temperature": 30,
            "temperature_decay": 0.6,
            "min_temperature": 5
        },
        "selection_config_b": {
            "selection_type": "ranking",
            "population_to_keep": 45,
            "tournament_size": 50,
            "threshold": 0.75,
            "initial_temperature": 30,
            "temperature_decay": 0.6,
            "min_temperature": 5
        },
        "selection_config_rate": 0.4,
        "crossover_config": {
            "method": "uniform"
        },
        "mutation_config": {
            "mutation_type": "multi_gen",
            "mutation_rate": 0.3,
            "delta_mutation": 30
        },
        "replacement_config_a": {
            "type": "traditional",
            "quantity": 22,
            "gen_gap": 0.5
        },
        "replacement_config_b": {
            "type": "young_bias",
            "quantity": 53,
            "gen_gap": 0.5
        },
        "replacement_config_rate": 0.3,
        "end_condition_config": {
            "type": "content",
            "generations_to_check": 20,
            "generations": 500,
            "optimum_value": 61.5,
            "tolerance": 0.1,
            "structure_tolerance": 0.01,
            "structure_relevant_proportion": 0.98
        }
    }
}