{
    "results": {
        "best": {
            "solution": {
                "class_name": "warrior",
                "variables": {
                    "strength": 75.27833419291618,
                    "agility": 74.72166580708384,
                    "expertise": 0.0,
                    "resistance": 0,
                    "life": 0.0,
                    "height": 1.91
                },
                "performance": 41.24240912144298
            },
            "generation": 43
        },
        "last_iterations": [
            {
                "best": {
                    "class_name": "warrior",
                    "performance": 24.32069861336627
                },
                "mean": 15.666779569589796,
                "generation": 0,
                "diversity": 209.81434500315197
            },
            {
                "best": {
                    "class_name": "warrior",
                    "performance": 24.671860639900892
                },
                "mean": 15.914365266977454,
                "generation": 1,
                "diversity": 215.63150341097756
            },
            {
                "best": {
                    "class_name": "warrior",
                    "performance": 24.671860639900892
                },
                "mean": 16.138021626432668,
                "generation": 2,
                "diversity": 203.57867807900834
            },
            {
                "best": {
                    "class_name": "warrior",
                    "performance": 24.671860639900892
                },
                "mean": 16.170558223421732,
                "generation": 3,
                "diversity": 202.65585256940392
            },
            {
                "best": {
                    "class_name": "warrior",
                    "performance": 25.644672871272988
                },
                "mean": 16.739412453616488,
                "generation": 4,
                "diversity": 202.4263241902471
            },
            {
                "best": {
                    "class_name": "warrior",
                    "performance": 30.390596196044445
                },
                "mean": 16.831561039233442,
                "generation": 5,
                "diversity": 224.76883861138114
            },
            {
                "best": {
                    "class_name": "warrior",
                    "performance": 33.254061136481724
                },
                "mean": 17.504451587141826,
                "generation": 6,
                "diversity": 196.27434063759424
            },
            {
                "best": {
                    "class_name": "warrior",
                    "performance": 27.339155303576042
                },
                "mean": 18.231163874180034,
                "generation": 7,
                "diversity": 181.8475029012443
            },
            {
                "best": {
                    "class_name": "warrior",
                    "performance": 27.01202443926271
                },
                "mean": 18.833131244284935,
                "generation": 8,
                "diversity": 174.94016523139553
            },
            {
                "best": {
                    "class_name": "warrior",
                    "performance": 28.652494225437625
                },
                "mean": 20.48985991766597,
                "generation": 9,
                "diversity": 166.9480201539088
            },
            {
                "best": {
                    "class_name": "warrior",
                    "performance": 39.2341634833105
                },
                "mean": 22.082957931180363,
                "generation": 10,
                "diversity": 137.27256525275064
            },
            {
                "best": {
                    "class_name": "warrior",
                    "performance": 33.430116842400366
                },
                "mean": 22.69456999935144,
                "generation": 11,
                "diversity": 145.30416383837397
            },
            {
                "best": {
                    "class_name": "warrior",
                    "performance": 39.87087158438427
                },
                "mean": 24.716320874104433,
                "generation": 12,
                "diversity": 129.58979573065332
            },
            {
                "best": {
                    "class_name": "warrior",
                    "performance": 36.72926524312757
                },
                "mean": 25.298878487331184,
                "generation": 13,
                "diversity": 118.18185716686236
            },
            {
                "best": {
                    "class_name": "warrior",
                    "performance": 37.48697746937175
                },
                "mean": 26.442583219565353,
                "generation": 14,
                "diversity": 120.31081829774227
            },
            {
                "best": {
                    "class_name": "warrior",
                    "performance": 38.73043864276463
                },
                "mean": 28.263973538664825,
                "generation": 15,
                "diversity": 125.5317683471991
            },
            {
                "best": {
                    "class_name": "warrior",
                    "performance": 39.49351925226451
                },
                "mean": 28.768847675087436,
                "generation": 16,
                "diversity": 107.45541937639113
            },
            {
                "best": {
                    "class_name": "warrior",
                    "performance": 40.41004670590033
                },
                "mean": 29.757644337418313,
                "generation": 17,
                "diversity": 96.58803796830897
            },
            {
                "best": {
                    "class_name": "warrior",
                    "performance": 39.480836388316895
                },
                "mean": 29.714341111370267,
                "generation": 18,
                "diversity": 96.30833762503177
            },
            {
                "best": {
                    "class_name": "warrior",
                    "performance": 36.43302277401617
                },
                "mean": 29.75714538041256,
                "generation": 19,
                "diversity": 109.98133924610232
            },
            {
                "best": {
                    "class_name": "warrior",
                    "performance": 37.66008157343017
                },
                "mean": 29.350012944567663,
                "generation": 20,
                "diversity": 116.86092976885662
            },
            {
                "best": {
                    "class_name": "warrior",
                    "performance": 38.249532075578685
                },
                "mean": 30.430709455978093,
                "generation": 21,
                "diversity": 113.10995478590426
            },
            {
                "best": {
                    "class_name": "warrior",
                    "performance": 38.937511913768205
                },
                "mean": 30.578191001779565,
                "generation": 22,
                "diversity": 106.37516075939067
            },
            {
                "best": {
                    "class_name": "warrior",
                    "performance": 39.58953347824034
                },
                "mean": 31.028587638107336,
                "generation": 23,
                "diversity": 107.35723634500879
            },
            {
                "best": {
                    "class_name": "warrior",
                    "performance": 40.37018817777728
                },
                "mean": 30.65755085478441,
                "generation": 24,
                "diversity": 99.6101294549809
            },
            {
                "best": {
                    "class_name": "warrior",
                    "performance": 39.70424170147438
                },
                "mean": 31.136560869275048,
                "generation": 25,
                "diversity": 105.97024229266468
            },
            {
                "best": {
                    "class_name": "warrior",
                    "performance": 39.70424170147438
                },
                "mean": 31.52294634764811,
                "generation": 26,
                "diversity": 98.72893140712944
            },
            {
                "best": {
                    "class_name": "warrior",
                    "performance": 41.16821549124659
                },
                "mean": 31.466612453482316,
                "generation": 27,
                "diversity": 100.090551953722
            },
            {
                "best": {
                    "class_name": "warrior",
                    "performance": 40.45499035006575
                },
                "mean": 32.74644371487451,
                "generation": 28,
                "diversity": 78.64991251811739
            },
            {
                "best": {
                    "class_name": "warrior",
                    "performance": 40.388664881162185
                },
                "mean": 31.7562521311747,
                "generation": 29,
                "diversity": 83.32030497834545
            },
            {
                "best": {
                    "class_name": "warrior",
                    "performance": 41.099255737635204
                },
                "mean": 31.5636263620666,
                "generation": 30,
                "diversity": 82.44340116414527
            },
            {
                "best": {
                    "class_name": "warrior",
                    "performance": 40.86396447179134
                },
                "mean": 32.497532148111084,
                "generation": 31,
                "diversity": 76.30136669581294
            },
            {
                "best": {
                    "class_name": "warrior",
                    "performance": 40.86396447179134
                },
                "mean": 33.0793475998758,
                "generation": 32,
                "diversity": 70.7622409410187
            },
            {
                "best": {
                    "class_name": "warrior",
                    "performance": 40.7537075250352
                },
                "mean": 33.43869849780485,
                "generation": 33,
                "diversity": 68.12971589684102
            },
            {
                "best": {
                    "class_name": "warrior",
                    "performance": 40.76354009588233
                },
                "mean": 33.84518376060644,
                "generation": 34,
                "diversity": 73.62702157412582
            },
            {
                "best": {
                    "class_name": "warrior",
                    "performance": 40.67001982851542
                },
                "mean": 34.19817352838994,
                "generation": 35,
                "diversity": 63.57966968860475
            },
            {
                "best": {
                    "class_name": "warrior",
                    "performance": 40.684960299027004
                },
                "mean": 33.721422303215824,
                "generation": 36,
                "diversity": 71.70704498496164
            },
            {
                "best": {
                    "class_name": "warrior",
                    "performance": 41.2053746952186
                },
                "mean": 34.17874309798247,
                "generation": 37,
                "diversity": 73.86807392457014
            },
            {
                "best": {
                    "class_name": "warrior",
                    "performance": 41.2053746952186
                },
                "mean": 34.523003671888276,
                "generation": 38,
                "diversity": 69.72575257356503
            },
            {
                "best": {
                    "class_name": "warrior",
                    "performance": 41.2053746952186
                },
                "mean": 33.887876892240506,
                "generation": 39,
                "diversity": 83.71681315422134
            },
            {
                "best": {
                    "class_name": "warrior",
                    "performance": 41.105262872975544
                },
                "mean": 33.905516946665536,
                "generation": 40,
                "diversity": 66.07916675305567
            },
            {
                "best": {
                    "class_name": "warrior",
                    "performance": 41.13299254800308
                },
                "mean": 34.01657126697435,
                "generation": 41,
                "diversity": 64.6036255295961
            },
            {
                "best": {
                    "class_name": "warrior",
                    "performance": 41.23750466831029
                },
                "mean": 35.38282632496907,
                "generation": 42,
                "diversity": 64.66455082964761
            },
            {
                "best": {
                    "class_name": "warrior",
                    "performance": 41.24240912144298
                },
                "mean": 35.67208649699581,
                "generation": 43,
                "diversity": 46.721395919712286
            },
            {
                "best": {
                    "class_name": "warrior",
                    "performance": 40.66822386686652
                },
                "mean": 35.14271341006326,
                "generation": 44,
                "diversity": 59.49508335077917
            },
            {
                "best": {
                    "class_name": "warrior",
                    "performance": 40.673721015376024
                },
                "mean": 35.50611687334301,
                "generation": 45,
                "diversity": 58.17119723822705
            },
            {
                "best": {
                    "class_name": "warrior",
                    "performance": 40.723578678543824
                },
                "mean": 34.00533283676844,
                "generation": 46,
                "diversity": 59.689414967472885
            },
            {
                "best": {
                    "class_name": "warrior",
                    "performance": 40.673721015376024
                },
                "mean": 33.511684889107435,
                "generation": 47,
                "diversity": 60.69335404653305
            },
            {
                "best": {
                    "class_name": "warrior",
                    "performance": 39.885564438180346
                },
                "mean": 32.38757783583727,
                "generation": 48,
                "diversity": 71.4447987783944
            },
            {
                "best": {
                    "class_name": "warrior",
                    "performance": 40.679746801937476
                },
                "mean": 32.96590609256363,
                "generation": 49,
                "diversity": 59.52380356145099
            },
            {
                "best": {
                    "class_name": "warrior",
                    "performance": 41.13847186341128
                },
                "mean": 33.8903172607509,
                "generation": 50,
                "diversity": 60.616042933710304
            },
            {
                "best": {
                    "class_name": "warrior",
                    "performance": 41.13847186341128
                },
                "mean": 34.85441901878675,
                "generation": 51,
                "diversity": 53.89786384213497
            },
            {
                "best": {
                    "class_name": "warrior",
                    "performance": 41.052096907939216
                },
                "mean": 33.971261231636014,
                "generation": 52,
                "diversity": 59.89077072229907
            },
            {
                "best": {
                    "class_name": "warrior",
                    "performance": 41.12125676467172
                },
                "mean": 35.06813042178795,
                "generation": 53,
                "diversity": 53.91322123039206
            },
            {
                "best": {
                    "class_name": "warrior",
                    "performance": 41.21707235762107
                },
                "mean": 34.73176910564101,
                "generation": 54,
                "diversity": 59.623787783643735
            },
            {
                "best": {
                    "class_name": "warrior",
                    "performance": 41.13703699470673
                },
                "mean": 33.488411585770834,
                "generation": 55,
                "diversity": 66.81222079876058
            },
            {
                "best": {
                    "class_name": "warrior",
                    "performance": 41.00746294461034
                },
                "mean": 33.25408477431099,
                "generation": 56,
                "diversity": 62.521278856135645
            },
            {
                "best": {
                    "class_name": "warrior",
                    "performance": 41.09361321089768
                },
                "mean": 31.496412252354762,
                "generation": 57,
                "diversity": 63.76777263780849
            },
            {
                "best": {
                    "class_name": "warrior",
                    "performance": 41.069673263120265
                },
                "mean": 33.415140507609856,
                "generation": 58,
                "diversity": 53.66011867580625
            },
            {
                "best": {
                    "class_name": "warrior",
                    "performance": 41.11388661437993
                },
                "mean": 34.09364864870316,
                "generation": 59,
                "diversity": 75.0598991547453
            },
            {
                "best": {
                    "class_name": "warrior",
                    "performance": 41.069673263120265
                },
                "mean": 34.52656714045915,
                "generation": 60,
                "diversity": 63.635469922180675
            },
            {
                "best": {
                    "class_name": "warrior",
                    "performance": 41.069673263120265
                },
                "mean": 33.289865150640146,
                "generation": 61,
                "diversity": 69.90667318303481
            },
            {
                "best": {
                    "class_name": "warrior",
                    "performance": 41.05958019761349
                },
                "mean": 33.18685212691851,
                "generation": 62,
                "diversity": 82.06191273165862
            }
        ]
    },
    "config": {
        "population_size": 100,
        "population_to_keep": 75,
        "class_name": "warrior",
        "selection_config_a": {
            "selection_type": "elite",
            "population_to_keep": 30,
            "tournament_size": 50,
            "threshold": 0.75,
            "initial_temperature": 30,
            "temperature_decay": 0.6,
            "min_temperature": 5
        },
        "selection_config_b": {
            "selection_type": "ranking",
            "population_to_keep": 45,
            "tournament_size": 50,
            "threshold": 0.75,
            "initial_temperature": 30,
            "temperature_decay": 0.6,
            "min_temperature": 5
        },
        "selection_config_rate": 0.4,
        "crossover_config": {
            "method": "uniform"
        },
        "mutation_config": {
            "mutation_type": "multi_gen",
            "mutation_rate": 0.3,
            "delta_mutation": 30
        },
        "replacement_config_a": {
            "type": "traditional",
            "quantity": 22,
            "gen_gap": 0.5
        },
        "replacement_config_b": {
            "type": "young_bias",
            "quantity": 53,
            "gen_gap": 0.5
        },
        "replacement_config_rate": 0.3,
        "end_condition_config": {
            "type": "content",
            "generations_to_check": 20,
            "generations": 500,
            "optimum_value": 61.5,
            "tolerance": 0.1,
            "structure_tolerance": 0.01,
            "structure_relevant_proportion": 0.98
        }
    }
}