{
    "results": {
        "best": {
            "solution": {
                "class_name": "warrior",
                "variables": {
                    "strength": 74.47178027443945,
                    "agility": 71.67155981285892,
                    "expertise": 3.8566599127016437,
                    "resistance": 0.0,
                    "life": 0.0,
                    "height": 1.91
                },
                "performance": 41.221918892736355
            },
            "generation": 48
        },
        "last_iterations": [
            {
                "best": {
                    "class_name": "warrior",
                    "performance": 35.148740011366236
                },
                "mean": 15.647604613793426,
                "generation": 1,
                "diversity": 237.26546860336444
            },
            {
                "best": {
                    "class_name": "warrior",
                    "performance": 32.47668463248118
                },
                "mean": 17.240724994131437,
                "generation": 2,
                "diversity": 194.82968833927225
            },
            {
                "best": {
                    "class_name": "warrior",
                    "performance": 30.0835080061742
                },
                "mean": 17.66494676786046,
                "generation": 3,
                "diversity": 180.77828747539377
            },
            {
                "best": {
                    "class_name": "warrior",
                    "performance": 30.0835080061742
                },
                "mean": 18.879736609531122,
                "generation": 4,
                "diversity": 154.4925923178371
            },
            {
                "best": {
                    "class_name": "warrior",
                    "performance": 30.04904338880438
                },
                "mean": 19.582180052090226,
                "generation": 5,
                "diversity": 137.88939462092577
            },
            {
                "best": {
                    "class_name": "warrior",
                    "performance": 30.66613680371572
                },
                "mean": 20.168634492169936,
                "generation": 6,
                "diversity": 119.35180946311475
            },
            {
                "best": {
                    "class_name": "warrior",
                    "performance": 28.93479802406443
                },
                "mean": 20.83567223807136,
                "generation": 7,
                "diversity": 109.23161191869512
            },
            {
                "best": {
                    "class_name": "warrior",
                    "performance": 31.56595382425939
                },
                "mean": 21.785153848862546,
                "generation": 8,
                "diversity": 100.2063847115614
            },
            {
                "best": {
                    "class_name": "warrior",
                    "performance": 30.939872584871374
                },
                "mean": 22.414298140854704,
                "generation": 9,
                "diversity": 99.62003861916025
            },
            {
                "best": {
                    "class_name": "warrior",
                    "performance": 35.1076289338992
                },
                "mean": 23.37260946929348,
                "generation": 10,
                "diversity": 88.60022024521295
            },
            {
                "best": {
                    "class_name": "warrior",
                    "performance": 37.7081050016041
                },
                "mean": 24.26943290560901,
                "generation": 11,
                "diversity": 88.10548425412993
            },
            {
                "best": {
                    "class_name": "warrior",
                    "performance": 35.8127625926734
                },
                "mean": 25.438695419459663,
                "generation": 12,
                "diversity": 80.70264339200058
            },
            {
                "best": {
                    "class_name": "warrior",
                    "performance": 37.09272350163107
                },
                "mean": 26.147637840695715,
                "generation": 13,
                "diversity": 72.59104699442682
            },
            {
                "best": {
                    "class_name": "warrior",
                    "performance": 35.73753945733471
                },
                "mean": 26.994491307098688,
                "generation": 14,
                "diversity": 72.35302532232114
            },
            {
                "best": {
                    "class_name": "warrior",
                    "performance": 38.48657125123406
                },
                "mean": 28.235836933069162,
                "generation": 15,
                "diversity": 68.14648225736472
            },
            {
                "best": {
                    "class_name": "warrior",
                    "performance": 38.626749446786086
                },
                "mean": 28.86254326879058,
                "generation": 16,
                "diversity": 65.78891197412524
            },
            {
                "best": {
                    "class_name": "warrior",
                    "performance": 37.04623846952348
                },
                "mean": 29.859236592632428,
                "generation": 17,
                "diversity": 59.72341963313829
            },
            {
                "best": {
                    "class_name": "warrior",
                    "performance": 39.35792208420906
                },
                "mean": 30.400387347258455,
                "generation": 18,
                "diversity": 58.588420473627714
            },
            {
                "best": {
                    "class_name": "warrior",
                    "performance": 39.16004076922407
                },
                "mean": 31.34358592328211,
                "generation": 19,
                "diversity": 57.2249093768424
            },
            {
                "best": {
                    "class_name": "warrior",
                    "performance": 39.296254190246614
                },
                "mean": 31.466825702042065,
                "generation": 20,
                "diversity": 58.676902988432566
            },
            {
                "best": {
                    "class_name": "warrior",
                    "performance": 39.296254190246614
                },
                "mean": 32.28547062679792,
                "generation": 21,
                "diversity": 56.44617538540023
            },
            {
                "best": {
                    "class_name": "warrior",
                    "performance": 40.39829798900055
                },
                "mean": 32.504988481639174,
                "generation": 22,
                "diversity": 55.5666310694422
            },
            {
                "best": {
                    "class_name": "warrior",
                    "performance": 40.15271020240204
                },
                "mean": 33.36452513390391,
                "generation": 23,
                "diversity": 51.43223675620527
            },
            {
                "best": {
                    "class_name": "warrior",
                    "performance": 40.34909002192955
                },
                "mean": 33.746180845822145,
                "generation": 24,
                "diversity": 46.72444268316514
            },
            {
                "best": {
                    "class_name": "warrior",
                    "performance": 39.94628689896388
                },
                "mean": 34.318083953308026,
                "generation": 25,
                "diversity": 44.26784640280059
            },
            {
                "best": {
                    "class_name": "warrior",
                    "performance": 39.992153666870436
                },
                "mean": 34.890216749614495,
                "generation": 26,
                "diversity": 40.834614765506
            },
            {
                "best": {
                    "class_name": "warrior",
                    "performance": 39.90539835704679
                },
                "mean": 34.97394743038366,
                "generation": 27,
                "diversity": 44.298095787288645
            },
            {
                "best": {
                    "class_name": "warrior",
                    "performance": 40.44873321497872
                },
                "mean": 35.021908024958236,
                "generation": 28,
                "diversity": 40.53222527666265
            },
            {
                "best": {
                    "class_name": "warrior",
                    "performance": 40.14798165316797
                },
                "mean": 35.159753441822176,
                "generation": 29,
                "diversity": 38.47739054168968
            },
            {
                "best": {
                    "class_name": "warrior",
                    "performance": 40.74023947867857
                },
                "mean": 35.6851677675679,
                "generation": 30,
                "diversity": 38.87712501707126
            },
            {
                "best": {
                    "class_name": "warrior",
                    "performance": 40.85220993811523
                },
                "mean": 35.963191003934654,
                "generation": 31,
                "diversity": 38.86353207645886
            },
            {
                "best": {
                    "class_name": "warrior",
                    "performance": 40.85220993811523
                },
                "mean": 36.351743399392056,
                "generation": 32,
                "diversity": 33.273220250903435
            },
            {
                "best": {
                    "class_name": "warrior",
                    "performance": 41.03396063185025
                },
                "mean": 36.61841909789555,
                "generation": 33,
                "diversity": 30.02943331584126
            },
            {
                "best": {
                    "class_name": "warrior",
                    "performance": 40.591732346649174
                },
                "mean": 36.4056220949425,
                "generation": 34,
                "diversity": 28.34425480966799
            },
            {
                "best": {
                    "class_name": "warrior",
                    "performance": 40.98634975427881
                },
                "mean": 36.66661899430772,
                "generation": 35,
                "diversity": 27.343635449924452
            },
            {
                "best": {
                    "class_name": "warrior",
                    "performance": 40.798406645313385
                },
                "mean": 36.4799254099348,
                "generation": 36,
                "diversity": 27.45083386754814
            },
            {
                "best": {
                    "class_name": "warrior",
                    "performance": 40.842761233440136
                },
                "mean": 37.01982835390042,
                "generation": 37,
                "diversity": 25.18774963071495
            },
            {
                "best": {
                    "class_name": "warrior",
                    "performance": 40.758041566096104
                },
                "mean": 37.17094985297661,
                "generation": 38,
                "diversity": 24.519452498162405
            },
            {
                "best": {
                    "class_name": "warrior",
                    "performance": 41.137346278983046
                },
                "mean": 37.309458678912335,
                "generation": 39,
                "diversity": 23.252412914953723
            },
            {
                "best": {
                    "class_name": "warrior",
                    "performance": 41.137346278983046
                },
                "mean": 37.40331647228396,
                "generation": 40,
                "diversity": 21.52437199198779
            },
            {
                "best": {
                    "class_name": "warrior",
                    "performance": 40.63795356957571
                },
                "mean": 37.51256259695151,
                "generation": 41,
                "diversity": 21.53449315812121
            },
            {
                "best": {
                    "class_name": "warrior",
                    "performance": 40.91571620201721
                },
                "mean": 37.67967179696471,
                "generation": 42,
                "diversity": 21.884339295975664
            },
            {
                "best": {
                    "class_name": "warrior",
                    "performance": 40.856988626234454
                },
                "mean": 37.73076905609848,
                "generation": 43,
                "diversity": 23.076166388091263
            },
            {
                "best": {
                    "class_name": "warrior",
                    "performance": 40.92172044898628
                },
                "mean": 37.61872400825248,
                "generation": 44,
                "diversity": 24.177038597118894
            },
            {
                "best": {
                    "class_name": "warrior",
                    "performance": 41.13061745312435
                },
                "mean": 37.58943281739905,
                "generation": 45,
                "diversity": 25.21414486784957
            },
            {
                "best": {
                    "class_name": "warrior",
                    "performance": 40.83624442154086
                },
                "mean": 37.50899376831573,
                "generation": 46,
                "diversity": 26.34251695436359
            },
            {
                "best": {
                    "class_name": "warrior",
                    "performance": 40.98597965666649
                },
                "mean": 37.238609286830176,
                "generation": 47,
                "diversity": 26.132405487933624
            },
            {
                "best": {
                    "class_name": "warrior",
                    "performance": 41.221918892736355
                },
                "mean": 37.27096943786152,
                "generation": 48,
                "diversity": 31.674179256025933
            },
            {
                "best": {
                    "class_name": "warrior",
                    "performance": 41.221918892736355
                },
                "mean": 37.686565675821285,
                "generation": 49,
                "diversity": 29.483991668880844
            },
            {
                "best": {
                    "class_name": "warrior",
                    "performance": 40.904100703826295
                },
                "mean": 37.791189352400934,
                "generation": 50,
                "diversity": 26.77217977720251
            },
            {
                "best": {
                    "class_name": "warrior",
                    "performance": 41.07785903680225
                },
                "mean": 37.77418029053952,
                "generation": 51,
                "diversity": 26.997957662988437
            },
            {
                "best": {
                    "class_name": "warrior",
                    "performance": 41.03406453024722
                },
                "mean": 37.54018078423347,
                "generation": 52,
                "diversity": 26.300357643100455
            },
            {
                "best": {
                    "class_name": "warrior",
                    "performance": 40.934726807541736
                },
                "mean": 37.21128845475898,
                "generation": 53,
                "diversity": 23.981646908997345
            },
            {
                "best": {
                    "class_name": "warrior",
                    "performance": 40.92298702465924
                },
                "mean": 37.540914740883395,
                "generation": 54,
                "diversity": 19.413578736589493
            },
            {
                "best": {
                    "class_name": "warrior",
                    "performance": 40.8468182353624
                },
                "mean": 37.61857332141262,
                "generation": 55,
                "diversity": 18.925693530570978
            },
            {
                "best": {
                    "class_name": "warrior",
                    "performance": 41.00501451421445
                },
                "mean": 37.75489350868965,
                "generation": 56,
                "diversity": 15.635785638092782
            },
            {
                "best": {
                    "class_name": "warrior",
                    "performance": 40.918965379477406
                },
                "mean": 37.385750884469175,
                "generation": 57,
                "diversity": 17.679506979577198
            },
            {
                "best": {
                    "class_name": "warrior",
                    "performance": 40.883747739873115
                },
                "mean": 37.41825290542156,
                "generation": 58,
                "diversity": 21.115820419546125
            },
            {
                "best": {
                    "class_name": "warrior",
                    "performance": 41.000142559543384
                },
                "mean": 37.66089600440413,
                "generation": 59,
                "diversity": 17.690096073295006
            },
            {
                "best": {
                    "class_name": "warrior",
                    "performance": 40.568203996479916
                },
                "mean": 37.39334095551103,
                "generation": 60,
                "diversity": 17.598980249603393
            },
            {
                "best": {
                    "class_name": "warrior",
                    "performance": 40.86475918867812
                },
                "mean": 37.48957706278388,
                "generation": 61,
                "diversity": 19.20847777646937
            },
            {
                "best": {
                    "class_name": "warrior",
                    "performance": 41.154935540683354
                },
                "mean": 37.771258073111824,
                "generation": 62,
                "diversity": 17.13677823771285
            },
            {
                "best": {
                    "class_name": "warrior",
                    "performance": 41.00639885744637
                },
                "mean": 38.1826756093957,
                "generation": 63,
                "diversity": 16.22211098223377
            },
            {
                "best": {
                    "class_name": "warrior",
                    "performance": 41.09993725500181
                },
                "mean": 38.091809685115386,
                "generation": 64,
                "diversity": 17.982093716493765
            },
            {
                "best": {
                    "class_name": "warrior",
                    "performance": 41.00639885744637
                },
                "mean": 38.05836581543741,
                "generation": 65,
                "diversity": 19.11463694209697
            },
            {
                "best": {
                    "class_name": "warrior",
                    "performance": 41.193392674680915
                },
                "mean": 38.0802903650659,
                "generation": 66,
                "diversity": 21.091216210729268
            },
            {
                "best": {
                    "class_name": "warrior",
                    "performance": 41.1040086959053
                },
                "mean": 37.90691290351451,
                "generation": 67,
                "diversity": 21.553275060208744
            },
            {
                "best": {
                    "class_name": "warrior",
                    "performance": 41.09209016832968
                },
                "mean": 38.14770024022163,
                "generation": 68,
                "diversity": 22.561470922217655
            }
        ]
    },
    "config": {
        "population_size": 500,
        "population_to_keep": 250,
        "class_name": "warrior",
        "selection_config_a": {
            "selection_type": "elite",
            "population_to_keep": 125,
            "tournament_size": 50,
            "threshold": 0.75,
            "initial_temperature": 30,
            "temperature_decay": 0.6,
            "min_temperature": 5
        },
        "selection_config_b": {
            "selection_type": "roulette",
            "population_to_keep": 125,
            "tournament_size": 50,
            "threshold": 0.75,
            "initial_temperature": 30,
            "temperature_decay": 0.6,
            "min_temperature": 5
        },
        "selection_config_rate": 0.5,
        "crossover_config": {
            "method": "uniform"
        },
        "mutation_config": {
            "mutation_type": "multi_gen",
            "mutation_rate": 0.2,
            "delta_mutation": 15
        },
        "replacement_config_a": {
            "type": "traditional",
            "quantity": 125,
            "gen_gap": 0.5
        },
        "replacement_config_b": {
            "type": "young_bias",
            "quantity": 125,
            "gen_gap": 0.5
        },
        "replacement_config_rate": 0.5,
        "end_condition_config": {
            "type": "content",
            "generations_to_check": 20,
            "generations": 500,
            "optimum_value": 61.5,
            "tolerance": 0.1,
            "structure_tolerance": 0.01,
            "structure_relevant_proportion": 0.98
        }
    }
}