{
    "results": {
        "best": {
            "solution": {
                "class_name": "warrior",
                "variables": {
                    "strength": 74.86565231358578,
                    "agility": 75.13434768641422,
                    "expertise": 0,
                    "resistance": 0.0,
                    "life": 0.0,
                    "height": 1.91
                },
                "performance": 41.242917742950645
            },
            "generation": 63
        },
        "last_iterations": [
            {
                "best": {
                    "class_name": "warrior",
                    "performance": 36.74641759337417
                },
                "mean": 16.449852698683333,
                "generation": 1,
                "diversity": 222.2564679586594
            },
            {
                "best": {
                    "class_name": "warrior",
                    "performance": 30.264083643377027
                },
                "mean": 17.099240476047942,
                "generation": 2,
                "diversity": 210.08041995421297
            },
            {
                "best": {
                    "class_name": "warrior",
                    "performance": 33.60205270589522
                },
                "mean": 18.022695930043906,
                "generation": 3,
                "diversity": 207.28367768673115
            },
            {
                "best": {
                    "class_name": "warrior",
                    "performance": 36.39262342626586
                },
                "mean": 18.74112412458659,
                "generation": 4,
                "diversity": 199.44760490655904
            },
            {
                "best": {
                    "class_name": "warrior",
                    "performance": 33.11919885465553
                },
                "mean": 19.925159672894207,
                "generation": 5,
                "diversity": 163.3695652601536
            },
            {
                "best": {
                    "class_name": "warrior",
                    "performance": 35.56436104181485
                },
                "mean": 20.43534346692058,
                "generation": 6,
                "diversity": 163.15038582779644
            },
            {
                "best": {
                    "class_name": "warrior",
                    "performance": 35.56436104181485
                },
                "mean": 21.19239201210212,
                "generation": 7,
                "diversity": 145.01387019676
            },
            {
                "best": {
                    "class_name": "warrior",
                    "performance": 35.56436104181485
                },
                "mean": 22.082888181424376,
                "generation": 8,
                "diversity": 124.99419106239263
            },
            {
                "best": {
                    "class_name": "warrior",
                    "performance": 36.11574293443215
                },
                "mean": 23.697307453186806,
                "generation": 9,
                "diversity": 97.78703529350854
            },
            {
                "best": {
                    "class_name": "warrior",
                    "performance": 36.61704141924039
                },
                "mean": 24.93427539561216,
                "generation": 10,
                "diversity": 92.49466308839156
            },
            {
                "best": {
                    "class_name": "warrior",
                    "performance": 38.69165188566156
                },
                "mean": 26.060204222624137,
                "generation": 11,
                "diversity": 87.44642823987004
            },
            {
                "best": {
                    "class_name": "warrior",
                    "performance": 38.78985380426935
                },
                "mean": 27.066405280477507,
                "generation": 12,
                "diversity": 78.96623867034695
            },
            {
                "best": {
                    "class_name": "warrior",
                    "performance": 38.08803962461068
                },
                "mean": 28.001437952952546,
                "generation": 13,
                "diversity": 76.3967240363311
            },
            {
                "best": {
                    "class_name": "warrior",
                    "performance": 38.011569499305
                },
                "mean": 29.19950025573836,
                "generation": 14,
                "diversity": 65.61655084570219
            },
            {
                "best": {
                    "class_name": "warrior",
                    "performance": 39.450766161691014
                },
                "mean": 29.8492308267925,
                "generation": 15,
                "diversity": 61.076477877318524
            },
            {
                "best": {
                    "class_name": "warrior",
                    "performance": 40.27935615291951
                },
                "mean": 30.49288598909666,
                "generation": 16,
                "diversity": 55.12023382273367
            },
            {
                "best": {
                    "class_name": "warrior",
                    "performance": 40.40490844999526
                },
                "mean": 30.75044048818822,
                "generation": 17,
                "diversity": 55.51901257729773
            },
            {
                "best": {
                    "class_name": "warrior",
                    "performance": 40.44735623098441
                },
                "mean": 31.600916699939397,
                "generation": 18,
                "diversity": 50.0006232247658
            },
            {
                "best": {
                    "class_name": "warrior",
                    "performance": 40.44735623098441
                },
                "mean": 32.110732362655845,
                "generation": 19,
                "diversity": 47.14921783628004
            },
            {
                "best": {
                    "class_name": "warrior",
                    "performance": 40.44735623098441
                },
                "mean": 32.71636950755,
                "generation": 20,
                "diversity": 46.596504490588934
            },
            {
                "best": {
                    "class_name": "warrior",
                    "performance": 40.313195208352155
                },
                "mean": 33.08022067875662,
                "generation": 21,
                "diversity": 44.91537917062556
            },
            {
                "best": {
                    "class_name": "warrior",
                    "performance": 40.4837461954544
                },
                "mean": 33.72491432859175,
                "generation": 22,
                "diversity": 41.03584305994793
            },
            {
                "best": {
                    "class_name": "warrior",
                    "performance": 40.4837461954544
                },
                "mean": 33.92818445444104,
                "generation": 23,
                "diversity": 38.070387306342035
            },
            {
                "best": {
                    "class_name": "warrior",
                    "performance": 40.48166366099871
                },
                "mean": 34.327414569079934,
                "generation": 24,
                "diversity": 34.58468020236817
            },
            {
                "best": {
                    "class_name": "warrior",
                    "performance": 40.48166366099871
                },
                "mean": 34.83047538029024,
                "generation": 25,
                "diversity": 35.31071154545088
            },
            {
                "best": {
                    "class_name": "warrior",
                    "performance": 40.45334685484387
                },
                "mean": 35.19081808011335,
                "generation": 26,
                "diversity": 35.0331359562192
            },
            {
                "best": {
                    "class_name": "warrior",
                    "performance": 40.63278674918718
                },
                "mean": 35.461844457467414,
                "generation": 27,
                "diversity": 34.06511757385831
            },
            {
                "best": {
                    "class_name": "warrior",
                    "performance": 40.7406017085116
                },
                "mean": 35.78503075979389,
                "generation": 28,
                "diversity": 32.777791344757176
            },
            {
                "best": {
                    "class_name": "warrior",
                    "performance": 40.7406017085116
                },
                "mean": 36.185480837027775,
                "generation": 29,
                "diversity": 30.339043468665494
            },
            {
                "best": {
                    "class_name": "warrior",
                    "performance": 40.83545096161831
                },
                "mean": 36.19876893560518,
                "generation": 30,
                "diversity": 32.10535944205163
            },
            {
                "best": {
                    "class_name": "warrior",
                    "performance": 40.641815504857746
                },
                "mean": 36.30382850795385,
                "generation": 31,
                "diversity": 34.35793872495689
            },
            {
                "best": {
                    "class_name": "warrior",
                    "performance": 41.09414437973195
                },
                "mean": 36.52389176066125,
                "generation": 32,
                "diversity": 34.797299960061046
            },
            {
                "best": {
                    "class_name": "warrior",
                    "performance": 41.13369754469308
                },
                "mean": 36.90859055413814,
                "generation": 33,
                "diversity": 33.59184923989384
            },
            {
                "best": {
                    "class_name": "warrior",
                    "performance": 40.9836146017682
                },
                "mean": 36.94474211392958,
                "generation": 34,
                "diversity": 31.6441086642804
            },
            {
                "best": {
                    "class_name": "warrior",
                    "performance": 40.82046463829996
                },
                "mean": 36.74530818684357,
                "generation": 35,
                "diversity": 29.520141165014554
            },
            {
                "best": {
                    "class_name": "warrior",
                    "performance": 40.86412033180751
                },
                "mean": 36.691118027432566,
                "generation": 36,
                "diversity": 30.15115263381128
            },
            {
                "best": {
                    "class_name": "warrior",
                    "performance": 41.23018914005829
                },
                "mean": 36.8145221519416,
                "generation": 37,
                "diversity": 29.643949838716438
            },
            {
                "best": {
                    "class_name": "warrior",
                    "performance": 41.229873744161765
                },
                "mean": 36.855946175720504,
                "generation": 38,
                "diversity": 28.79265604642229
            },
            {
                "best": {
                    "class_name": "warrior",
                    "performance": 40.77336448686328
                },
                "mean": 36.991613670070095,
                "generation": 39,
                "diversity": 26.68920819926699
            },
            {
                "best": {
                    "class_name": "warrior",
                    "performance": 40.86939974838776
                },
                "mean": 37.06616872494724,
                "generation": 40,
                "diversity": 27.2154269890533
            },
            {
                "best": {
                    "class_name": "warrior",
                    "performance": 40.77336448686328
                },
                "mean": 37.03408516575456,
                "generation": 41,
                "diversity": 28.423913370781133
            },
            {
                "best": {
                    "class_name": "warrior",
                    "performance": 40.75416597202192
                },
                "mean": 37.03090249483717,
                "generation": 42,
                "diversity": 26.83066509716937
            },
            {
                "best": {
                    "class_name": "warrior",
                    "performance": 40.80570790979467
                },
                "mean": 37.235092260220554,
                "generation": 43,
                "diversity": 26.313288416512787
            },
            {
                "best": {
                    "class_name": "warrior",
                    "performance": 41.074195091784176
                },
                "mean": 37.36353186296285,
                "generation": 44,
                "diversity": 29.06986095187509
            },
            {
                "best": {
                    "class_name": "warrior",
                    "performance": 41.03944265505295
                },
                "mean": 37.549261065078696,
                "generation": 45,
                "diversity": 26.18460967834562
            },
            {
                "best": {
                    "class_name": "warrior",
                    "performance": 41.241847072973556
                },
                "mean": 37.61164613568812,
                "generation": 46,
                "diversity": 27.29133025445236
            },
            {
                "best": {
                    "class_name": "warrior",
                    "performance": 40.969813399334384
                },
                "mean": 37.66934609930337,
                "generation": 47,
                "diversity": 25.456731191565193
            },
            {
                "best": {
                    "class_name": "warrior",
                    "performance": 41.12123639554909
                },
                "mean": 37.6690992106193,
                "generation": 48,
                "diversity": 31.009427446348273
            },
            {
                "best": {
                    "class_name": "warrior",
                    "performance": 41.12123639554909
                },
                "mean": 37.67927942384762,
                "generation": 49,
                "diversity": 34.646402844882736
            },
            {
                "best": {
                    "class_name": "warrior",
                    "performance": 41.21335705282129
                },
                "mean": 37.77427150198419,
                "generation": 50,
                "diversity": 33.364990531269115
            },
            {
                "best": {
                    "class_name": "warrior",
                    "performance": 41.22372317691262
                },
                "mean": 37.85534944821303,
                "generation": 51,
                "diversity": 33.066076307733006
            },
            {
                "best": {
                    "class_name": "warrior",
                    "performance": 41.222885824489445
                },
                "mean": 37.73170142232764,
                "generation": 52,
                "diversity": 31.73547459313264
            },
            {
                "best": {
                    "class_name": "warrior",
                    "performance": 41.222885824489445
                },
                "mean": 37.69029428358392,
                "generation": 53,
                "diversity": 30.454004114052836
            },
            {
                "best": {
                    "class_name": "warrior",
                    "performance": 41.24142271215862
                },
                "mean": 37.69762134075866,
                "generation": 54,
                "diversity": 33.182741676308005
            },
            {
                "best": {
                    "class_name": "warrior",
                    "performance": 41.24142271215862
                },
                "mean": 37.9072230538569,
                "generation": 55,
                "diversity": 30.110378118766707
            },
            {
                "best": {
                    "class_name": "warrior",
                    "performance": 41.22001882259963
                },
                "mean": 37.91611722068714,
                "generation": 56,
                "diversity": 31.758701692709042
            },
            {
                "best": {
                    "class_name": "warrior",
                    "performance": 41.205985466661
                },
                "mean": 38.094646902354384,
                "generation": 57,
                "diversity": 31.7504433114112
            },
            {
                "best": {
                    "class_name": "warrior",
                    "performance": 41.22279010533187
                },
                "mean": 37.99263111804844,
                "generation": 58,
                "diversity": 30.25828255735759
            },
            {
                "best": {
                    "class_name": "warrior",
                    "performance": 41.22279010533187
                },
                "mean": 38.01537970529339,
                "generation": 59,
                "diversity": 31.196421856423864
            },
            {
                "best": {
                    "class_name": "warrior",
                    "performance": 41.22279010533187
                },
                "mean": 37.69453271781819,
                "generation": 60,
                "diversity": 32.645104183359464
            },
            {
                "best": {
                    "class_name": "warrior",
                    "performance": 41.22279010533187
                },
                "mean": 37.999744652961915,
                "generation": 61,
                "diversity": 28.56855327491543
            },
            {
                "best": {
                    "class_name": "warrior",
                    "performance": 41.228503282093094
                },
                "mean": 38.048490800863505,
                "generation": 62,
                "diversity": 27.38539527374105
            },
            {
                "best": {
                    "class_name": "warrior",
                    "performance": 41.242917742950645
                },
                "mean": 38.19808871099079,
                "generation": 63,
                "diversity": 27.71047792014333
            },
            {
                "best": {
                    "class_name": "warrior",
                    "performance": 41.185872063434026
                },
                "mean": 38.008355227444056,
                "generation": 64,
                "diversity": 28.587753706840218
            },
            {
                "best": {
                    "class_name": "warrior",
                    "performance": 41.185872063434026
                },
                "mean": 38.092760153502304,
                "generation": 65,
                "diversity": 26.323444986497538
            },
            {
                "best": {
                    "class_name": "warrior",
                    "performance": 41.185872063434026
                },
                "mean": 38.13937472551311,
                "generation": 66,
                "diversity": 26.267107725449097
            }
        ]
    },
    "config": {
        "population_size": 1200,
        "population_to_keep": 600,
        "class_name": "warrior",
        "selection_config_a": {
            "selection_type": "elite",
            "population_to_keep": 300,
            "tournament_size": 50,
            "threshold": 0.75,
            "initial_temperature": 30,
            "temperature_decay": 0.6,
            "min_temperature": 5
        },
        "selection_config_b": {
            "selection_type": "roulette",
            "population_to_keep": 300,
            "tournament_size": 50,
            "threshold": 0.75,
            "initial_temperature": 30,
            "temperature_decay": 0.6,
            "min_temperature": 5
        },
        "selection_config_rate": 0.5,
        "crossover_config": {
            "method": "uniform"
        },
        "mutation_config": {
            "mutation_type": "multi_gen",
            "mutation_rate": 0.2,
            "delta_mutation": 15
        },
        "replacement_config_a": {
            "type": "traditional",
            "quantity": 300,
            "gen_gap": 0.5
        },
        "replacement_config_b": {
            "type": "young_bias",
            "quantity": 300,
            "gen_gap": 0.5
        },
        "replacement_config_rate": 0.5,
        "end_condition_config": {
            "type": "content",
            "generations_to_check": 20,
            "generations": 500,
            "optimum_value": 61.5,
            "tolerance": 0.1,
            "structure_tolerance": 0.01,
            "structure_relevant_proportion": 0.98
        }
    }
}