{
    "results": {
        "best": {
            "solution": {
                "class_name": "warrior",
                "variables": {
                    "strength": 74.75267872254689,
                    "agility": 75.24732127745314,
                    "expertise": 0.0,
                    "resistance": 0.0,
                    "life": 0.0,
                    "height": 1.91
                },
                "performance": 41.242548662117294
            },
            "generation": 37
        },
        "last_iterations": [
            {
                "best": {
                    "class_name": "warrior",
                    "performance": 27.142205579043704
                },
                "mean": 15.362077216564142,
                "generation": 1,
                "diversity": 274.80460807428625
            },
            {
                "best": {
                    "class_name": "warrior",
                    "performance": 30.522880370196674
                },
                "mean": 16.1645051353754,
                "generation": 2,
                "diversity": 221.43073264873144
            },
            {
                "best": {
                    "class_name": "warrior",
                    "performance": 30.137539579678236
                },
                "mean": 17.006924177613627,
                "generation": 3,
                "diversity": 220.17337427815377
            },
            {
                "best": {
                    "class_name": "warrior",
                    "performance": 30.137539579678236
                },
                "mean": 17.303614442636587,
                "generation": 4,
                "diversity": 183.54216455354972
            },
            {
                "best": {
                    "class_name": "warrior",
                    "performance": 28.503743086916764
                },
                "mean": 18.667909183201488,
                "generation": 5,
                "diversity": 166.69513317930003
            },
            {
                "best": {
                    "class_name": "warrior",
                    "performance": 27.81919461578132
                },
                "mean": 18.892111120103124,
                "generation": 6,
                "diversity": 145.42317141703828
            },
            {
                "best": {
                    "class_name": "warrior",
                    "performance": 28.06938738853109
                },
                "mean": 20.34958554228202,
                "generation": 7,
                "diversity": 127.1954955834475
            },
            {
                "best": {
                    "class_name": "warrior",
                    "performance": 29.377336209336143
                },
                "mean": 20.661839898405322,
                "generation": 8,
                "diversity": 117.6894629815166
            },
            {
                "best": {
                    "class_name": "warrior",
                    "performance": 31.60675431549391
                },
                "mean": 20.995704807362227,
                "generation": 9,
                "diversity": 122.76974592551919
            },
            {
                "best": {
                    "class_name": "warrior",
                    "performance": 31.310945165481204
                },
                "mean": 21.95076471929161,
                "generation": 10,
                "diversity": 91.96325908219772
            },
            {
                "best": {
                    "class_name": "warrior",
                    "performance": 32.4315548235092
                },
                "mean": 22.993398202426956,
                "generation": 11,
                "diversity": 100.20480121108716
            },
            {
                "best": {
                    "class_name": "warrior",
                    "performance": 32.4315548235092
                },
                "mean": 23.867255262786756,
                "generation": 12,
                "diversity": 94.25246145902668
            },
            {
                "best": {
                    "class_name": "warrior",
                    "performance": 32.4315548235092
                },
                "mean": 24.63171443658599,
                "generation": 13,
                "diversity": 90.87100270252775
            },
            {
                "best": {
                    "class_name": "warrior",
                    "performance": 31.05078175866379
                },
                "mean": 25.305014646802597,
                "generation": 14,
                "diversity": 98.53752259769946
            },
            {
                "best": {
                    "class_name": "warrior",
                    "performance": 35.2522644649218
                },
                "mean": 26.266678656968338,
                "generation": 15,
                "diversity": 92.7056256387106
            },
            {
                "best": {
                    "class_name": "warrior",
                    "performance": 35.2522644649218
                },
                "mean": 26.594255440027677,
                "generation": 16,
                "diversity": 105.29027749937642
            },
            {
                "best": {
                    "class_name": "warrior",
                    "performance": 35.329687316665826
                },
                "mean": 27.79726341099253,
                "generation": 17,
                "diversity": 102.04089244518032
            },
            {
                "best": {
                    "class_name": "warrior",
                    "performance": 35.329687316665826
                },
                "mean": 29.012831725100273,
                "generation": 18,
                "diversity": 97.47413911703741
            },
            {
                "best": {
                    "class_name": "warrior",
                    "performance": 35.900688005483026
                },
                "mean": 30.075258335139107,
                "generation": 19,
                "diversity": 68.20967904471271
            },
            {
                "best": {
                    "class_name": "warrior",
                    "performance": 36.831582261741715
                },
                "mean": 31.32657918613878,
                "generation": 20,
                "diversity": 52.777501502306485
            },
            {
                "best": {
                    "class_name": "warrior",
                    "performance": 39.33974125083412
                },
                "mean": 31.07610430960002,
                "generation": 21,
                "diversity": 58.7313751762552
            },
            {
                "best": {
                    "class_name": "warrior",
                    "performance": 39.33974125083411
                },
                "mean": 31.304683661554837,
                "generation": 22,
                "diversity": 57.52021112549928
            },
            {
                "best": {
                    "class_name": "warrior",
                    "performance": 39.33974125083411
                },
                "mean": 32.052755006273735,
                "generation": 23,
                "diversity": 56.61881110477282
            },
            {
                "best": {
                    "class_name": "warrior",
                    "performance": 38.50501252357688
                },
                "mean": 32.27864745527781,
                "generation": 24,
                "diversity": 46.62578172430427
            },
            {
                "best": {
                    "class_name": "warrior",
                    "performance": 38.50501252357688
                },
                "mean": 32.407632425425135,
                "generation": 25,
                "diversity": 61.78930639267577
            },
            {
                "best": {
                    "class_name": "warrior",
                    "performance": 39.75764775397162
                },
                "mean": 33.045570152113875,
                "generation": 26,
                "diversity": 66.54929691846688
            },
            {
                "best": {
                    "class_name": "warrior",
                    "performance": 37.2701853418986
                },
                "mean": 33.3190779400435,
                "generation": 27,
                "diversity": 65.85185965812725
            },
            {
                "best": {
                    "class_name": "warrior",
                    "performance": 39.02859556082587
                },
                "mean": 33.7905697640646,
                "generation": 28,
                "diversity": 57.9726235217119
            },
            {
                "best": {
                    "class_name": "warrior",
                    "performance": 38.33874043710586
                },
                "mean": 34.01450206202035,
                "generation": 29,
                "diversity": 50.23333168369007
            },
            {
                "best": {
                    "class_name": "warrior",
                    "performance": 39.35443554632287
                },
                "mean": 34.57580329039262,
                "generation": 30,
                "diversity": 38.47324927594651
            },
            {
                "best": {
                    "class_name": "warrior",
                    "performance": 40.20347678508082
                },
                "mean": 34.98726403076803,
                "generation": 31,
                "diversity": 33.271535890538175
            },
            {
                "best": {
                    "class_name": "warrior",
                    "performance": 41.206070545078376
                },
                "mean": 35.644803285643455,
                "generation": 32,
                "diversity": 29.785694175513203
            },
            {
                "best": {
                    "class_name": "warrior",
                    "performance": 40.99626013315552
                },
                "mean": 35.474888204870474,
                "generation": 33,
                "diversity": 22.254970450719934
            },
            {
                "best": {
                    "class_name": "warrior",
                    "performance": 40.92736370236222
                },
                "mean": 35.49791278667359,
                "generation": 34,
                "diversity": 19.942146379885212
            },
            {
                "best": {
                    "class_name": "warrior",
                    "performance": 41.24059062303879
                },
                "mean": 36.7500497090464,
                "generation": 35,
                "diversity": 18.36531821381431
            },
            {
                "best": {
                    "class_name": "warrior",
                    "performance": 41.24251857761587
                },
                "mean": 37.1460080110921,
                "generation": 36,
                "diversity": 19.000579803591684
            },
            {
                "best": {
                    "class_name": "warrior",
                    "performance": 41.242548662117294
                },
                "mean": 37.999543754134294,
                "generation": 37,
                "diversity": 15.419979327965097
            },
            {
                "best": {
                    "class_name": "warrior",
                    "performance": 41.242548662117294
                },
                "mean": 37.20997395672439,
                "generation": 38,
                "diversity": 17.38060206233754
            },
            {
                "best": {
                    "class_name": "warrior",
                    "performance": 41.1727838958106
                },
                "mean": 37.03404970656217,
                "generation": 39,
                "diversity": 19.426828758222626
            },
            {
                "best": {
                    "class_name": "warrior",
                    "performance": 41.229509735566175
                },
                "mean": 36.33524339435946,
                "generation": 40,
                "diversity": 21.380991020318458
            },
            {
                "best": {
                    "class_name": "warrior",
                    "performance": 41.076655122124116
                },
                "mean": 36.635810491556114,
                "generation": 41,
                "diversity": 15.786394657857214
            },
            {
                "best": {
                    "class_name": "warrior",
                    "performance": 40.924632343696906
                },
                "mean": 36.571786468431114,
                "generation": 42,
                "diversity": 19.605589865451613
            },
            {
                "best": {
                    "class_name": "warrior",
                    "performance": 41.23192546148991
                },
                "mean": 36.87148521069699,
                "generation": 43,
                "diversity": 20.071884535266644
            },
            {
                "best": {
                    "class_name": "warrior",
                    "performance": 41.10654628837199
                },
                "mean": 37.43721235931252,
                "generation": 44,
                "diversity": 23.1593424458418
            },
            {
                "best": {
                    "class_name": "warrior",
                    "performance": 40.89543875293214
                },
                "mean": 37.617872840249944,
                "generation": 45,
                "diversity": 22.551322818817823
            },
            {
                "best": {
                    "class_name": "warrior",
                    "performance": 40.89543875293214
                },
                "mean": 38.13782512248982,
                "generation": 46,
                "diversity": 24.28303087904591
            },
            {
                "best": {
                    "class_name": "warrior",
                    "performance": 40.956846011607645
                },
                "mean": 38.04388611190547,
                "generation": 47,
                "diversity": 20.832952554830634
            },
            {
                "best": {
                    "class_name": "warrior",
                    "performance": 41.08347056206615
                },
                "mean": 37.92577124552176,
                "generation": 48,
                "diversity": 21.086900509120913
            },
            {
                "best": {
                    "class_name": "warrior",
                    "performance": 40.963979922977195
                },
                "mean": 38.347477043779996,
                "generation": 49,
                "diversity": 12.925013259739787
            },
            {
                "best": {
                    "class_name": "warrior",
                    "performance": 41.0181940409403
                },
                "mean": 37.90880485763081,
                "generation": 50,
                "diversity": 19.67282660693278
            },
            {
                "best": {
                    "class_name": "warrior",
                    "performance": 41.21303674644361
                },
                "mean": 38.514886444134234,
                "generation": 51,
                "diversity": 12.707931690360416
            },
            {
                "best": {
                    "class_name": "warrior",
                    "performance": 41.10265267069863
                },
                "mean": 38.155485411799866,
                "generation": 52,
                "diversity": 18.063134712509036
            },
            {
                "best": {
                    "class_name": "warrior",
                    "performance": 41.23196210655639
                },
                "mean": 38.45214818096107,
                "generation": 53,
                "diversity": 19.379183698084912
            },
            {
                "best": {
                    "class_name": "warrior",
                    "performance": 41.23196210655639
                },
                "mean": 38.80065272792996,
                "generation": 54,
                "diversity": 14.166664015667692
            },
            {
                "best": {
                    "class_name": "warrior",
                    "performance": 41.12546157981623
                },
                "mean": 38.49099150336008,
                "generation": 55,
                "diversity": 13.99644348366361
            }
        ]
    },
    "config": {
        "population_size": 100,
        "population_to_keep": 50,
        "class_name": "warrior",
        "selection_config_a": {
            "selection_type": "elite",
            "population_to_keep": 25,
            "tournament_size": 50,
            "threshold": 0.75,
            "initial_temperature": 30,
            "temperature_decay": 0.6,
            "min_temperature": 5
        },
        "selection_config_b": {
            "selection_type": "roulette",
            "population_to_keep": 25,
            "tournament_size": 50,
            "threshold": 0.75,
            "initial_temperature": 30,
            "temperature_decay": 0.6,
            "min_temperature": 5
        },
        "selection_config_rate": 0.5,
        "crossover_config": {
            "method": "uniform"
        },
        "mutation_config": {
            "mutation_type": "multi_gen",
            "mutation_rate": 0.2,
            "delta_mutation": 15
        },
        "replacement_config_a": {
            "type": "traditional",
            "quantity": 25,
            "gen_gap": 0.5
        },
        "replacement_config_b": {
            "type": "young_bias",
            "quantity": 25,
            "gen_gap": 0.5
        },
        "replacement_config_rate": 0.5,
        "end_condition_config": {
            "type": "content",
            "generations_to_check": 20,
            "generations": 500,
            "optimum_value": 61.5,
            "tolerance": 0.1,
            "structure_tolerance": 0.01,
            "structure_relevant_proportion": 0.98
        }
    }
}