{
    "results": {
        "best": {
            "solution": {
                "class_name": "warrior",
                "variables": {
                    "strength": 74.95981905558804,
                    "agility": 75.04018094441194,
                    "expertise": 0.0,
                    "resistance": 0.0,
                    "life": 0.0,
                    "height": 1.9100000000000001
                },
                "performance": 41.243058419795865
            },
            "generation": 25
        },
        "last_iterations": [
            {
                "best": {
                    "class_name": "warrior",
                    "performance": 30.177328596806255
                },
                "mean": 15.97236299586392,
                "generation": 1,
                "diversity": 245.39942549193134
            },
            {
                "best": {
                    "class_name": "warrior",
                    "performance": 31.57503775652639
                },
                "mean": 16.651630777707712,
                "generation": 2,
                "diversity": 236.43545356914657
            },
            {
                "best": {
                    "class_name": "warrior",
                    "performance": 32.728254014191705
                },
                "mean": 17.830245379645554,
                "generation": 3,
                "diversity": 226.2952896395495
            },
            {
                "best": {
                    "class_name": "warrior",
                    "performance": 36.160428943101074
                },
                "mean": 19.00271972064901,
                "generation": 4,
                "diversity": 201.36962658094976
            },
            {
                "best": {
                    "class_name": "warrior",
                    "performance": 37.768828797768506
                },
                "mean": 20.2692323516355,
                "generation": 5,
                "diversity": 183.3823405831026
            },
            {
                "best": {
                    "class_name": "warrior",
                    "performance": 37.768828797768506
                },
                "mean": 21.660888361040776,
                "generation": 6,
                "diversity": 158.1384871114893
            },
            {
                "best": {
                    "class_name": "warrior",
                    "performance": 36.418123296369295
                },
                "mean": 22.314130818679505,
                "generation": 7,
                "diversity": 151.4908238697224
            },
            {
                "best": {
                    "class_name": "warrior",
                    "performance": 39.506536636077755
                },
                "mean": 23.701075892794766,
                "generation": 8,
                "diversity": 126.63694616261795
            },
            {
                "best": {
                    "class_name": "warrior",
                    "performance": 37.787244478570784
                },
                "mean": 24.658404920234066,
                "generation": 9,
                "diversity": 116.55145478603161
            },
            {
                "best": {
                    "class_name": "warrior",
                    "performance": 40.33229889140083
                },
                "mean": 25.648862520111372,
                "generation": 10,
                "diversity": 105.60896790000794
            },
            {
                "best": {
                    "class_name": "warrior",
                    "performance": 39.292691734822675
                },
                "mean": 26.621410537819184,
                "generation": 11,
                "diversity": 97.78895990156325
            },
            {
                "best": {
                    "class_name": "warrior",
                    "performance": 38.5619534028734
                },
                "mean": 27.378524977749095,
                "generation": 12,
                "diversity": 94.4247433719389
            },
            {
                "best": {
                    "class_name": "warrior",
                    "performance": 40.55300826149153
                },
                "mean": 28.37579751754161,
                "generation": 13,
                "diversity": 83.96589980456582
            },
            {
                "best": {
                    "class_name": "warrior",
                    "performance": 39.97654596701843
                },
                "mean": 29.31017682713283,
                "generation": 14,
                "diversity": 80.76517884971011
            },
            {
                "best": {
                    "class_name": "warrior",
                    "performance": 39.97654596701843
                },
                "mean": 30.304356027196636,
                "generation": 15,
                "diversity": 78.28313113336579
            },
            {
                "best": {
                    "class_name": "warrior",
                    "performance": 40.265419128408816
                },
                "mean": 30.900906676292617,
                "generation": 16,
                "diversity": 74.13006633814557
            },
            {
                "best": {
                    "class_name": "warrior",
                    "performance": 40.718767348431754
                },
                "mean": 31.89858519166713,
                "generation": 17,
                "diversity": 65.61709871113023
            },
            {
                "best": {
                    "class_name": "warrior",
                    "performance": 40.52862150987691
                },
                "mean": 32.67172687932532,
                "generation": 18,
                "diversity": 59.08182299626546
            },
            {
                "best": {
                    "class_name": "warrior",
                    "performance": 40.61881572918388
                },
                "mean": 33.122886836709256,
                "generation": 19,
                "diversity": 54.17685571824353
            },
            {
                "best": {
                    "class_name": "warrior",
                    "performance": 40.72255684503634
                },
                "mean": 33.817522207526345,
                "generation": 20,
                "diversity": 49.497478716865935
            },
            {
                "best": {
                    "class_name": "warrior",
                    "performance": 40.88788058453625
                },
                "mean": 34.51482387788552,
                "generation": 21,
                "diversity": 44.5132354176902
            },
            {
                "best": {
                    "class_name": "warrior",
                    "performance": 40.88788058453625
                },
                "mean": 34.83992610117773,
                "generation": 22,
                "diversity": 42.52466964722761
            },
            {
                "best": {
                    "class_name": "warrior",
                    "performance": 41.21641504218157
                },
                "mean": 35.54674289580371,
                "generation": 23,
                "diversity": 39.16431610690699
            },
            {
                "best": {
                    "class_name": "warrior",
                    "performance": 41.21641504218157
                },
                "mean": 35.71875756218052,
                "generation": 24,
                "diversity": 36.03589011482708
            },
            {
                "best": {
                    "class_name": "warrior",
                    "performance": 41.243058419795865
                },
                "mean": 36.206445040522965,
                "generation": 25,
                "diversity": 34.34854088691401
            },
            {
                "best": {
                    "class_name": "warrior",
                    "performance": 41.10856349871778
                },
                "mean": 36.52152325761954,
                "generation": 26,
                "diversity": 31.814225498313736
            },
            {
                "best": {
                    "class_name": "warrior",
                    "performance": 40.8518423895538
                },
                "mean": 36.78856658171865,
                "generation": 27,
                "diversity": 29.296551300340983
            },
            {
                "best": {
                    "class_name": "warrior",
                    "performance": 41.22498273010317
                },
                "mean": 37.059354196247604,
                "generation": 28,
                "diversity": 29.7359645462991
            },
            {
                "best": {
                    "class_name": "warrior",
                    "performance": 41.18234848534419
                },
                "mean": 37.18452602227395,
                "generation": 29,
                "diversity": 29.220826822384087
            },
            {
                "best": {
                    "class_name": "warrior",
                    "performance": 41.18234848534419
                },
                "mean": 37.38570450581416,
                "generation": 30,
                "diversity": 26.790342655515953
            },
            {
                "best": {
                    "class_name": "warrior",
                    "performance": 41.20549705694779
                },
                "mean": 37.27711365292644,
                "generation": 31,
                "diversity": 27.53123888746839
            },
            {
                "best": {
                    "class_name": "warrior",
                    "performance": 41.014524422815306
                },
                "mean": 37.45448452286445,
                "generation": 32,
                "diversity": 27.582081854398975
            },
            {
                "best": {
                    "class_name": "warrior",
                    "performance": 41.1315579974807
                },
                "mean": 37.561728679824135,
                "generation": 33,
                "diversity": 28.18567013964226
            },
            {
                "best": {
                    "class_name": "warrior",
                    "performance": 41.1315579974807
                },
                "mean": 37.7059341058715,
                "generation": 34,
                "diversity": 27.370455393360885
            },
            {
                "best": {
                    "class_name": "warrior",
                    "performance": 41.07240309172044
                },
                "mean": 37.740213669358845,
                "generation": 35,
                "diversity": 25.507519132042976
            },
            {
                "best": {
                    "class_name": "warrior",
                    "performance": 40.98183712698536
                },
                "mean": 37.784488283603686,
                "generation": 36,
                "diversity": 23.706633630853954
            },
            {
                "best": {
                    "class_name": "warrior",
                    "performance": 41.04224849275197
                },
                "mean": 37.764041275562434,
                "generation": 37,
                "diversity": 24.240468654695714
            },
            {
                "best": {
                    "class_name": "warrior",
                    "performance": 41.21012565776551
                },
                "mean": 37.93958987645142,
                "generation": 38,
                "diversity": 21.59953709303886
            },
            {
                "best": {
                    "class_name": "warrior",
                    "performance": 41.180606505776794
                },
                "mean": 38.045705778848415,
                "generation": 39,
                "diversity": 22.71324828236855
            },
            {
                "best": {
                    "class_name": "warrior",
                    "performance": 41.10407545185777
                },
                "mean": 38.05567329917338,
                "generation": 40,
                "diversity": 21.512625002688466
            },
            {
                "best": {
                    "class_name": "warrior",
                    "performance": 41.12742155464232
                },
                "mean": 38.02181554352334,
                "generation": 41,
                "diversity": 22.917332792155904
            },
            {
                "best": {
                    "class_name": "warrior",
                    "performance": 41.11506487734984
                },
                "mean": 38.03399698907967,
                "generation": 42,
                "diversity": 22.484852539603214
            },
            {
                "best": {
                    "class_name": "warrior",
                    "performance": 41.10182532865768
                },
                "mean": 38.1441802555565,
                "generation": 43,
                "diversity": 21.91809673068732
            },
            {
                "best": {
                    "class_name": "warrior",
                    "performance": 41.136906333377205
                },
                "mean": 37.99533673133029,
                "generation": 44,
                "diversity": 22.616716013635962
            },
            {
                "best": {
                    "class_name": "warrior",
                    "performance": 41.14212356693743
                },
                "mean": 38.28866077238169,
                "generation": 45,
                "diversity": 22.627196922739916
            }
        ]
    },
    "config": {
        "population_size": 1400,
        "population_to_keep": 700,
        "class_name": "warrior",
        "selection_config_a": {
            "selection_type": "elite",
            "population_to_keep": 350,
            "tournament_size": 50,
            "threshold": 0.75,
            "initial_temperature": 30,
            "temperature_decay": 0.6,
            "min_temperature": 5
        },
        "selection_config_b": {
            "selection_type": "roulette",
            "population_to_keep": 350,
            "tournament_size": 50,
            "threshold": 0.75,
            "initial_temperature": 30,
            "temperature_decay": 0.6,
            "min_temperature": 5
        },
        "selection_config_rate": 0.5,
        "crossover_config": {
            "method": "uniform"
        },
        "mutation_config": {
            "mutation_type": "multi_gen",
            "mutation_rate": 0.2,
            "delta_mutation": 15
        },
        "replacement_config_a": {
            "type": "traditional",
            "quantity": 350,
            "gen_gap": 0.5
        },
        "replacement_config_b": {
            "type": "young_bias",
            "quantity": 350,
            "gen_gap": 0.5
        },
        "replacement_config_rate": 0.5,
        "end_condition_config": {
            "type": "content",
            "generations_to_check": 20,
            "generations": 500,
            "optimum_value": 61.5,
            "tolerance": 0.1,
            "structure_tolerance": 0.01,
            "structure_relevant_proportion": 0.98
        }
    }
}