{
    "results": {
        "best": {
            "solution": {
                "class_name": "warrior",
                "variables": {
                    "strength": 75.23451305133739,
                    "agility": 74.7654869486626,
                    "expertise": 0.0,
                    "resistance": 0,
                    "life": 0.0,
                    "height": 1.91
                },
                "performance": 41.24260148766577
            },
            "generation": 41
        },
        "last_iterations": [
            {
                "best": {
                    "class_name": "warrior",
                    "performance": 33.01425668384504
                },
                "mean": 15.98549137147919,
                "generation": 1,
                "diversity": 231.55601312560805
            },
            {
                "best": {
                    "class_name": "warrior",
                    "performance": 33.55995516354279
                },
                "mean": 16.700638587007344,
                "generation": 2,
                "diversity": 227.10361508181748
            },
            {
                "best": {
                    "class_name": "warrior",
                    "performance": 33.55995516354279
                },
                "mean": 17.983824932947442,
                "generation": 3,
                "diversity": 201.22725511945873
            },
            {
                "best": {
                    "class_name": "warrior",
                    "performance": 32.522107643208834
                },
                "mean": 18.39643889134552,
                "generation": 4,
                "diversity": 180.98935027231184
            },
            {
                "best": {
                    "class_name": "warrior",
                    "performance": 35.406525533532026
                },
                "mean": 19.844396448603746,
                "generation": 5,
                "diversity": 151.60498947109923
            },
            {
                "best": {
                    "class_name": "warrior",
                    "performance": 34.969860221210645
                },
                "mean": 20.829497912265435,
                "generation": 6,
                "diversity": 130.89851403957346
            },
            {
                "best": {
                    "class_name": "warrior",
                    "performance": 34.106959110667546
                },
                "mean": 21.559814454678616,
                "generation": 7,
                "diversity": 122.77860894077344
            },
            {
                "best": {
                    "class_name": "warrior",
                    "performance": 32.77133062801662
                },
                "mean": 22.706147483386626,
                "generation": 8,
                "diversity": 114.80441280356229
            },
            {
                "best": {
                    "class_name": "warrior",
                    "performance": 33.212267359774756
                },
                "mean": 22.968084677719173,
                "generation": 9,
                "diversity": 109.74970197184045
            },
            {
                "best": {
                    "class_name": "warrior",
                    "performance": 37.75914066647062
                },
                "mean": 23.504793939560734,
                "generation": 10,
                "diversity": 106.35641703284404
            },
            {
                "best": {
                    "class_name": "warrior",
                    "performance": 37.42966917906795
                },
                "mean": 24.1634401650292,
                "generation": 11,
                "diversity": 97.16547289647167
            },
            {
                "best": {
                    "class_name": "warrior",
                    "performance": 36.024053227918934
                },
                "mean": 24.910918786920536,
                "generation": 12,
                "diversity": 93.23992579037532
            },
            {
                "best": {
                    "class_name": "warrior",
                    "performance": 36.58668546490679
                },
                "mean": 25.92671452586403,
                "generation": 13,
                "diversity": 89.16745781053231
            },
            {
                "best": {
                    "class_name": "warrior",
                    "performance": 39.94154181674837
                },
                "mean": 26.51590151449647,
                "generation": 14,
                "diversity": 84.09773027196586
            },
            {
                "best": {
                    "class_name": "warrior",
                    "performance": 39.94154181674837
                },
                "mean": 27.742294537587767,
                "generation": 15,
                "diversity": 83.8013571791409
            },
            {
                "best": {
                    "class_name": "warrior",
                    "performance": 40.01573012214705
                },
                "mean": 28.830019550261277,
                "generation": 16,
                "diversity": 79.5484258324424
            },
            {
                "best": {
                    "class_name": "warrior",
                    "performance": 41.02780860564588
                },
                "mean": 29.604824246790145,
                "generation": 17,
                "diversity": 77.46149731729042
            },
            {
                "best": {
                    "class_name": "warrior",
                    "performance": 41.02780860564588
                },
                "mean": 30.415135538496145,
                "generation": 18,
                "diversity": 73.51502060255864
            },
            {
                "best": {
                    "class_name": "warrior",
                    "performance": 41.02780860564588
                },
                "mean": 31.414506434713385,
                "generation": 19,
                "diversity": 74.73232225892666
            },
            {
                "best": {
                    "class_name": "warrior",
                    "performance": 40.678766068570276
                },
                "mean": 32.576975024442746,
                "generation": 20,
                "diversity": 66.18453948980323
            },
            {
                "best": {
                    "class_name": "warrior",
                    "performance": 40.9573335751616
                },
                "mean": 33.67528338290396,
                "generation": 21,
                "diversity": 66.0111605369478
            },
            {
                "best": {
                    "class_name": "warrior",
                    "performance": 40.74443858819002
                },
                "mean": 34.3562129201433,
                "generation": 22,
                "diversity": 61.89571283381747
            },
            {
                "best": {
                    "class_name": "warrior",
                    "performance": 40.920437271734016
                },
                "mean": 34.77852976359117,
                "generation": 23,
                "diversity": 61.23273167804433
            },
            {
                "best": {
                    "class_name": "warrior",
                    "performance": 41.1355350099539
                },
                "mean": 35.15916809452299,
                "generation": 24,
                "diversity": 61.995071195653345
            },
            {
                "best": {
                    "class_name": "warrior",
                    "performance": 41.240943945286425
                },
                "mean": 35.373821290155426,
                "generation": 25,
                "diversity": 61.65817262099728
            },
            {
                "best": {
                    "class_name": "warrior",
                    "performance": 41.240943945286425
                },
                "mean": 35.89127363609702,
                "generation": 26,
                "diversity": 58.33764834589123
            },
            {
                "best": {
                    "class_name": "warrior",
                    "performance": 41.18054883092334
                },
                "mean": 36.19892265957955,
                "generation": 27,
                "diversity": 51.52178035718084
            },
            {
                "best": {
                    "class_name": "warrior",
                    "performance": 41.178533853110366
                },
                "mean": 36.70792226061824,
                "generation": 28,
                "diversity": 45.81866830168986
            },
            {
                "best": {
                    "class_name": "warrior",
                    "performance": 41.20919007607385
                },
                "mean": 36.802000501864775,
                "generation": 29,
                "diversity": 45.04442130679552
            },
            {
                "best": {
                    "class_name": "warrior",
                    "performance": 41.20919007607385
                },
                "mean": 37.060329612186216,
                "generation": 30,
                "diversity": 45.69512969240367
            },
            {
                "best": {
                    "class_name": "warrior",
                    "performance": 41.227912848346904
                },
                "mean": 37.330667734518094,
                "generation": 31,
                "diversity": 43.55001720258695
            },
            {
                "best": {
                    "class_name": "warrior",
                    "performance": 41.18292396360525
                },
                "mean": 37.61657812645966,
                "generation": 32,
                "diversity": 42.81442117849457
            },
            {
                "best": {
                    "class_name": "warrior",
                    "performance": 41.087007565330715
                },
                "mean": 37.43875175618076,
                "generation": 33,
                "diversity": 39.058374169463605
            },
            {
                "best": {
                    "class_name": "warrior",
                    "performance": 41.11551172412003
                },
                "mean": 37.45425729569864,
                "generation": 34,
                "diversity": 39.018232744477515
            },
            {
                "best": {
                    "class_name": "warrior",
                    "performance": 41.1499549025207
                },
                "mean": 37.59043228771074,
                "generation": 35,
                "diversity": 37.08909664978818
            },
            {
                "best": {
                    "class_name": "warrior",
                    "performance": 41.22721809114849
                },
                "mean": 37.82212744225222,
                "generation": 36,
                "diversity": 36.26935695956147
            },
            {
                "best": {
                    "class_name": "warrior",
                    "performance": 41.23892425837295
                },
                "mean": 37.94216579946964,
                "generation": 37,
                "diversity": 34.14085500698419
            },
            {
                "best": {
                    "class_name": "warrior",
                    "performance": 41.23892425837295
                },
                "mean": 37.85788424802794,
                "generation": 38,
                "diversity": 32.42311062351168
            },
            {
                "best": {
                    "class_name": "warrior",
                    "performance": 41.186077908483774
                },
                "mean": 38.1002235637071,
                "generation": 39,
                "diversity": 32.017105826814976
            },
            {
                "best": {
                    "class_name": "warrior",
                    "performance": 41.23413074322377
                },
                "mean": 38.03003203611768,
                "generation": 40,
                "diversity": 30.52170209393068
            },
            {
                "best": {
                    "class_name": "warrior",
                    "performance": 41.24260148766577
                },
                "mean": 37.9166683997912,
                "generation": 41,
                "diversity": 31.47050343401789
            },
            {
                "best": {
                    "class_name": "warrior",
                    "performance": 41.24260148766577
                },
                "mean": 37.99855371558734,
                "generation": 42,
                "diversity": 30.63407879863287
            },
            {
                "best": {
                    "class_name": "warrior",
                    "performance": 41.238176307983856
                },
                "mean": 38.058457255680324,
                "generation": 43,
                "diversity": 30.412681063378045
            },
            {
                "best": {
                    "class_name": "warrior",
                    "performance": 41.24206747948871
                },
                "mean": 38.312720306511125,
                "generation": 44,
                "diversity": 29.492283571762858
            },
            {
                "best": {
                    "class_name": "warrior",
                    "performance": 41.240765904767684
                },
                "mean": 38.314845037637475,
                "generation": 45,
                "diversity": 30.269659973590212
            }
        ]
    },
    "config": {
        "population_size": 1100,
        "population_to_keep": 550,
        "class_name": "warrior",
        "selection_config_a": {
            "selection_type": "elite",
            "population_to_keep": 275,
            "tournament_size": 50,
            "threshold": 0.75,
            "initial_temperature": 30,
            "temperature_decay": 0.6,
            "min_temperature": 5
        },
        "selection_config_b": {
            "selection_type": "roulette",
            "population_to_keep": 275,
            "tournament_size": 50,
            "threshold": 0.75,
            "initial_temperature": 30,
            "temperature_decay": 0.6,
            "min_temperature": 5
        },
        "selection_config_rate": 0.5,
        "crossover_config": {
            "method": "uniform"
        },
        "mutation_config": {
            "mutation_type": "multi_gen",
            "mutation_rate": 0.2,
            "delta_mutation": 15
        },
        "replacement_config_a": {
            "type": "traditional",
            "quantity": 275,
            "gen_gap": 0.5
        },
        "replacement_config_b": {
            "type": "young_bias",
            "quantity": 275,
            "gen_gap": 0.5
        },
        "replacement_config_rate": 0.5,
        "end_condition_config": {
            "type": "content",
            "generations_to_check": 20,
            "generations": 500,
            "optimum_value": 61.5,
            "tolerance": 0.1,
            "structure_tolerance": 0.01,
            "structure_relevant_proportion": 0.98
        }
    }
}